{
	"credit": "Made by XeKr with Blockbench",
	"parent": "minecraft:block/thin_block",
	"textures": {
		"1": "block/moss_3d",
		"particle": "block/moss_block",
		"wool": "block/moss_block"
	},
	"elements": [
		{
			"from": [0, 0, 0],
			"to": [16, 1, 16],
			"faces": {
				"north": {"uv": [0, 15, 16, 16], "texture": "#wool", "cullface": "north"},
				"east": {"uv": [0, 15, 16, 16], "texture": "#wool", "cullface": "east"},
				"south": {"uv": [0, 15, 16, 16], "texture": "#wool", "cullface": "south"},
				"west": {"uv": [0, 15, 16, 16], "texture": "#wool", "cullface": "west"},
				"up": {"uv": [0, 0, 16, 16], "texture": "#wool"},
				"down": {"uv": [0, 0, 16, 16], "texture": "#wool", "cullface": "down"}
			}
		},
		{
			"from": [-0.05, -5, -0.05],
			"to": [16.05, 0, 16.05],
			"rotation": {"angle": 0, "axis": "y", "origin": [8, 7, 8]},
			"faces": {
				"north": {"uv": [0, 0, 16, 5], "texture": "#1", "cullface": "north"},
				"east": {"uv": [0, 0, 16, 5], "texture": "#1", "cullface": "east"},
				"south": {"uv": [0, 0, 16, 5], "texture": "#1", "cullface": "south"},
				"west": {"uv": [0, 0, 16, 5], "texture": "#1", "cullface": "west"}
			}
		},
		{
			"from": [-0.05, 0, -0.05],
			"to": [16.05, 0.95, 16.05],
			"rotation": {"angle": 0, "axis": "y", "origin": [8, 7, 8]},
			"faces": {
				"north": {"uv": [0, 15, 16, 16], "texture": "#wool", "cullface": "north"},
				"east": {"uv": [0, 15, 16, 16], "texture": "#wool", "cullface": "east"},
				"south": {"uv": [0, 15, 16, 16], "texture": "#wool", "cullface": "south"},
				"west": {"uv": [0, 15, 16, 16], "texture": "#wool", "cullface": "west"}
			}
		},
		{
			"from": [5, -6, -0.05],
			"to": [8, -5, -0.05],
			"rotation": {"angle": 0, "axis": "y", "origin": [8, 0, 8]},
			"faces": {
				"north": {"uv": [8, 5, 11, 6], "texture": "#1", "cullface": "north"},
				"east": {"uv": [0, 0, 0, 0], "texture": "#1"}
			}
		},
		{
			"from": [9, -7, -0.05],
			"to": [11, -5, -0.05],
			"rotation": {"angle": 0, "axis": "y", "origin": [8, 0, 8]},
			"faces": {
				"north": {"uv": [5, 5, 7, 7], "texture": "#1", "cullface": "north"},
				"east": {"uv": [0, 0, 0, 0], "texture": "#1"}
			}
		},
		{
			"from": [13.05, -8, -0.05],
			"to": [16.05, -5, 1.95],
			"rotation": {"angle": 0, "axis": "y", "origin": [8, 0, 8]},
			"faces": {
				"north": {"uv": [0, 5, 3, 8], "texture": "#1", "cullface": "north"},
				"east": {"uv": [14, 5, 16, 8], "texture": "#1", "cullface": "east"}
			}
		},
		{
			"from": [16.05, -6, 5],
			"to": [16.05, -5, 8],
			"rotation": {"angle": 0, "axis": "y", "origin": [8, 0, 8]},
			"faces": {
				"east": {"uv": [8, 5, 11, 6], "texture": "#1", "cullface": "east"},
				"south": {"uv": [0, 0, 0, 0], "texture": "#1"}
			}
		},
		{
			"from": [16.05, -7, 9],
			"to": [16.05, -5, 11],
			"rotation": {"angle": 0, "axis": "y", "origin": [8, 0, 8]},
			"faces": {
				"east": {"uv": [5, 5, 7, 7], "texture": "#1", "cullface": "east"},
				"south": {"uv": [0, 0, 0, 0], "texture": "#1"}
			}
		},
		{
			"from": [14.05, -8, 13.05],
			"to": [16.05, -5, 16.05],
			"rotation": {"angle": 0, "axis": "y", "origin": [8, 0, 8]},
			"faces": {
				"east": {"uv": [0, 5, 3, 8], "texture": "#1", "cullface": "east"},
				"south": {"uv": [14, 5, 16, 8], "texture": "#1", "cullface": "south"}
			}
		},
		{
			"from": [8, -6, 16.05],
			"to": [11, -5, 16.05],
			"rotation": {"angle": 0, "axis": "y", "origin": [8, 0, 8]},
			"faces": {
				"south": {"uv": [8, 5, 11, 6], "texture": "#1", "cullface": "south"}
			}
		},
		{
			"from": [5, -7, 16.05],
			"to": [7, -5, 16.05],
			"rotation": {"angle": 0, "axis": "y", "origin": [8, 0, 8]},
			"faces": {
				"south": {"uv": [5, 5, 7, 7], "texture": "#1", "cullface": "south"}
			}
		},
		{
			"from": [-0.05, -8, 14.05],
			"to": [2.95, -5, 16.05],
			"rotation": {"angle": 0, "axis": "y", "origin": [8, 0, 8]},
			"faces": {
				"south": {"uv": [0, 5, 3, 8], "texture": "#1", "cullface": "south"},
				"west": {"uv": [14, 5, 16, 8], "texture": "#1", "cullface": "west"}
			}
		},
		{
			"from": [-0.05, -6, 8],
			"to": [-0.05, -5, 11],
			"rotation": {"angle": 0, "axis": "y", "origin": [8, 0, 8]},
			"faces": {
				"north": {"uv": [0, 0, 0, 0], "texture": "#1"},
				"west": {"uv": [8, 5, 11, 6], "texture": "#1", "cullface": "west"}
			}
		},
		{
			"from": [-0.05, -7, 5],
			"to": [-0.05, -5, 7],
			"rotation": {"angle": 0, "axis": "y", "origin": [8, 0, 8]},
			"faces": {
				"north": {"uv": [0, 0, 0, 0], "texture": "#1"},
				"west": {"uv": [5, 5, 7, 7], "texture": "#1", "cullface": "west"}
			}
		},
		{
			"from": [-0.05, -8, -0.05],
			"to": [1.95, -5, 2.95],
			"rotation": {"angle": 0, "axis": "y", "origin": [8, 0, 8]},
			"faces": {
				"north": {"uv": [14, 5, 16, 8], "texture": "#1", "cullface": "north"},
				"west": {"uv": [0, 5, 3, 8], "texture": "#1", "cullface": "west"}
			}
		}
	],
	"groups": [
		0,
		1,
		2,
		{
			"name": "group",
			"origin": [13, 3, 8],
			"color": 0,
			"children": [3, 4, 5]
		},
		{
			"name": "group",
			"origin": [13, 3, 8],
			"color": 0,
			"children": [6, 7, 8]
		},
		{
			"name": "group",
			"origin": [13, 3, 8],
			"color": 0,
			"children": [9, 10, 11]
		},
		{
			"name": "group",
			"origin": [13, 3, 8],
			"color": 0,
			"children": [12, 13, 14]
		}
	]
}