{
  "fabric:load_conditions": [
    {
        "condition": "fabric:item_tags_populated",
        "values": [
            "createplus:ores/osmium/stone"
        ]
    }
],
  "type": "create:crushing",
  "ingredients": [
    {
      "tag": "createplus:ores/osmium/stone"
    }
  ],
  "results": [
    {
      "item": "create:crushed_osmium_ore"
    },
    {
      "item": "create:crushed_osmium_ore",
      "chance": 0.75
    },
    {
      "item": "create:experience_nugget",
      "chance": 0.75
    },
    {
      "item": "minecraft:cobblestone",
      "chance": 0.125
    }
  ],
  "processingTime": 250
}
