{
  "fabric:load_conditions": [
    {
       "condition": "fabric:all_mods_loaded",
       "values": [
         "farmersdelight"
       ]
     }
   ],
  "type": "farmersdelight:cooking",
  "ingredients": [
    [
      {
        "item": "farmersdelight:wheat_dough"
      },
      {
        "item": "create:dough"
      }
    ],
    {
      "tag": "fabric:crops/cabbage"
    },
    {
      "tag": "fabric:crops/onion"
    },
    [
      {
        "tag": "fabric:raw_chicken"
      },
      {
        "item": "minecraft:brown_mushroom"
      },
      {
        "tag": "fabric:raw_pork"
      },
      {
        "tag": "fabric:raw_beef"
      }
    ]
  ],
  "result": {
    "item": "farmersdelight:dumplings",
    "count": 2
  },
  "cookingtime": 200
}