{
    "display": {
        "icon": {
            "item": "minecraft:conduit"
        },
        "title": {"translate":"Moskstraumen"},
        "description": {"color":"#75E1FF","translate":"Construct a Conduit in the ocean"},
        "announce_to_chat": "true",
		"frame": "goal"
    },
    "parent": "blazeandcave:biomes/x_marks_the_spot",
	"rewards": {
		"function": "bc_rewards:biomes/moskstraumen"
    },	
    "criteria": {
        "conduit_power": {
            "trigger": "minecraft:effects_changed",
            "conditions": {
                "effects": {
                    "minecraft:conduit_power": {}
                }
            }
        }
    }
}