{
    "display": {
        "icon": {
            "item": "minecraft:drowned_spawn_egg"
        },
        "title": {"translate":"Sleep with the Fishes"},
        "description": {"translate":"Spend a day underwater"},
        "announce_to_chat": "true",
		"frame": "challenge"
    },
    "parent": "blazeandcave:biomes/free_diver",
	"rewards": {
		"function": "bc_rewards:biomes/sleep_with_the_fishes"
    },		
    "criteria": {
        "trigger": {
            "trigger": "minecraft:impossible"
        }
    }
}