{
    "display": {
        "icon": {
            "item": "minecraft:bowl"
        },
        "title": {"translate":"So Long & Thanks For The Fish"},
        "description": {"translate":"Get murdered by dolphins"},
        "announce_to_chat": "true"

    },
    "parent": "blazeandcave:biomes/echolocation",
    "rewards": {
        "function": "bc_rewards:biomes/so_long_and_thanks_for_all_the_fish"
    },		
    "criteria": {
        "dolphin": {
            "trigger": "minecraft:entity_killed_player",
            "conditions": {
                "entity": {
                    "type": "dolphin"
                }
            }
        }
    }
}