{
    "display": {
        "icon": {
            "item": "minecraft:sunflower"
        },
        "title": {"translate":"There's a zombie on the lawn"},
        "description": {"translate":"Find a sunflower plains"},
        "announce_to_chat": "true"
    },
    "parent": "blazeandcave:biomes/for_you_my_sweet",	
    "rewards": {
		"function": "bc_rewards:biomes/theres_a_zombie_on_the_lawn"
    },	
    "criteria": {
        "sunflower_plains": {
            "trigger": "minecraft:location",
            "conditions": {
                "biome": "minecraft:sunflower_plains",
                "player": [
                    {
                        "condition": "minecraft:inverted",
                        "term": {
                            "condition": "minecraft:entity_properties",
						    "entity": "this",
						    "predicate": {
						    	"player": {
						    		"gamemode": "spectator"
			    				}
                            }
						}
                    }
                ]
            }
        }
    }
}