{
    "display": {
        "icon": {
            "item": "minecraft:dead_bush"
        },
        "title": {"translate":"Warm Feet"},
        "description": {"color":"#75E1FF","translate":"Discover every dry biome"},
        "announce_to_chat": "true",
        "frame": "goal"
    },
    "parent": "blazeandcave:biomes/one_with_the_forest",	
    "rewards": {
		"function": "bc_rewards:biomes/warm_feet"
    },	
    "criteria": {
        "desert": {
            "trigger": "minecraft:location",
            "conditions": {
                "biome": "minecraft:desert",
                "player": [
                    {
                        "condition": "minecraft:inverted",
                        "term": {
                            "condition": "minecraft:entity_properties",
						    "entity": "this",
						    "predicate": {
						    	"player": {
						    		"gamemode": "spectator"
			    				}
                            }
						}
                    }
                ]
            }
        },
        "badlands": {
            "trigger": "minecraft:location",
            "conditions": {
                "biome": "minecraft:badlands",
                "player": [
                    {
                        "condition": "minecraft:inverted",
                        "term": {
                            "condition": "minecraft:entity_properties",
						    "entity": "this",
						    "predicate": {
						    	"player": {
						    		"gamemode": "spectator"
			    				}
                            }
						}
                    }
                ]
            }
        },
        "wooded_badlands": {
            "trigger": "minecraft:location",
            "conditions": {
                "biome": "minecraft:wooded_badlands",
                "player": [
                    {
                        "condition": "minecraft:inverted",
                        "term": {
                            "condition": "minecraft:entity_properties",
						    "entity": "this",
						    "predicate": {
						    	"player": {
						    		"gamemode": "spectator"
			    				}
                            }
						}
                    }
                ]
            }
        },
        "eroded_badlands": {
            "trigger": "minecraft:location",
            "conditions": {
                "biome": "minecraft:eroded_badlands",
                "player": [
                    {
                        "condition": "minecraft:inverted",
                        "term": {
                            "condition": "minecraft:entity_properties",
						    "entity": "this",
						    "predicate": {
						    	"player": {
						    		"gamemode": "spectator"
			    				}
                            }
						}
                    }
                ]
            }
        },
        "savanna": {
            "trigger": "minecraft:location",
            "conditions": {
                "biome": "minecraft:savanna",
                "player": [
                    {
                        "condition": "minecraft:inverted",
                        "term": {
                            "condition": "minecraft:entity_properties",
						    "entity": "this",
						    "predicate": {
						    	"player": {
						    		"gamemode": "spectator"
			    				}
                            }
						}
                    }
                ]
            }
        },
        "savanna_plateau": {
            "trigger": "minecraft:location",
            "conditions": {
                "biome": "minecraft:savanna_plateau",
                "player": [
                    {
                        "condition": "minecraft:inverted",
                        "term": {
                            "condition": "minecraft:entity_properties",
						    "entity": "this",
						    "predicate": {
						    	"player": {
						    		"gamemode": "spectator"
			    				}
                            }
						}
                    }
                ]
            }
        },
        "windswept_savanna": {
            "trigger": "minecraft:location",
            "conditions": {
                "biome": "minecraft:windswept_savanna",
                "player": [
                    {
                        "condition": "minecraft:inverted",
                        "term": {
                            "condition": "minecraft:entity_properties",
						    "entity": "this",
						    "predicate": {
						    	"player": {
						    		"gamemode": "spectator"
			    				}
                            }
						}
                    }
                ]
            }
        }
    }
}