{
	"credit": "Made by XeKr with Blockbench",
	"textures": {
		"inner": "block/acacia_door3d_top_inner",
		"particle": "block/acacia_door3d_top",
		"front": "block/acacia_door3d_top",
		"side": "block/acacia_door3d_side",
		"back": "block/acacia_door3d_top_flip"
	},
	"elements": [
		{
			"from": [0, 0, 0],
			"to": [3, 16, 16],
			"faces": {
				"north": {"uv": [6, 0, 9, 16], "texture": "#side", "cullface": "north"},
				"east": {"uv": [16, 0, 0, 16], "texture": "#back"},
				"south": {"uv": [3, 0, 6, 16], "texture": "#side", "cullface": "south"},
				"west": {"uv": [0, 0, 16, 16], "texture": "#front", "cullface": "west"},
				"up": {"uv": [0, 0, 3, 16], "rotation": 180, "texture": "#side", "cullface": "up"}
			}
		},
		{
			"from": [3.01, 13.01, 13.01],
			"to": [-0.01, -0.01, 2.99],
			"faces": {
				"north": {"uv": [6, 3, 3, 16], "texture": "#side"},
				"south": {"uv": [6, 3, 3, 16], "texture": "#side"},
				"down": {"uv": [0, 3, 3, 13], "texture": "#side"}
			}
		},
		{
			"from": [0.99, 0.99, 8.99],
			"to": [2.01, 13.01, 11.01],
			"faces": {
				"north": {"uv": [6, 3, 7, 15], "texture": "#inner"},
				"east": {"uv": [5, 3, 7, 15], "texture": "#inner"},
				"south": {"uv": [10, 3, 11, 15], "texture": "#inner"},
				"west": {"uv": [9, 3, 11, 15], "texture": "#inner"}
			}
		},
		{
			"from": [0.99, 0.99, 4.99],
			"to": [2.01, 13.01, 7.01],
			"faces": {
				"north": {"uv": [6, 3, 7, 15], "texture": "#inner"},
				"east": {"uv": [9, 3, 11, 15], "texture": "#inner"},
				"south": {"uv": [10, 3, 11, 15], "texture": "#inner"},
				"west": {"uv": [5, 3, 7, 15], "texture": "#inner"}
			}
		},
		{
			"from": [0.99, -0.01, 2.99],
			"to": [2.01, 1.01, 13.01],
			"faces": {
				"east": {"uv": [3, 15, 13, 16], "texture": "#inner"},
				"west": {"uv": [3, 15, 13, 16], "texture": "#inner"},
				"up": {"uv": [3, 15, 13, 16], "rotation": 90, "texture": "#inner"}
			}
		}
	]
}