{
	"credit": "Made by XeKr with Blockbench",
	"textures": {
		"inner": "block/acacia_door3d_bottom_inner",
		"side": "block/acacia_door3d_side",
		"particle": "block/acacia_door3d_bottom",
		"front": "block/acacia_door3d_bottom",
		"back": "block/acacia_door3d_bottom_flip"
	},
	"elements": [
		{
			"from": [0, 0, 0],
			"to": [3, 16, 16],
			"faces": {
				"north": {"uv": [9, 0, 12, 16], "texture": "#side", "cullface": "north"},
				"east": {"uv": [16, 0, 0, 16], "texture": "#back"},
				"south": {"uv": [3, 0, 6, 16], "texture": "#side", "cullface": "south"},
				"west": {"uv": [0, 0, 16, 16], "texture": "#front", "cullface": "west"},
				"down": {"uv": [0, 0, 3, 16], "rotation": 180, "texture": "#side", "cullface": "down"}
			}
		},
		{
			"from": [3.01, 16.01, 13.01],
			"to": [-0.01, 2.99, 2.99],
			"faces": {
				"north": {"uv": [6, 2, 3, 15], "texture": "#side"},
				"south": {"uv": [6, 2, 3, 15], "texture": "#side"},
				"up": {"uv": [0, 3, 3, 13], "texture": "#side"}
			}
		},
		{
			"from": [0.99, 2.99, 4.99],
			"to": [2.01, 15.01, 7.01],
			"faces": {
				"north": {"uv": [6, 1, 7, 13], "texture": "#inner"},
				"east": {"uv": [9, 1, 11, 13], "texture": "#inner"},
				"south": {"uv": [10, 1, 11, 13], "texture": "#inner"},
				"west": {"uv": [5, 1, 7, 13], "texture": "#inner"}
			}
		},
		{
			"from": [0.99, 2.99, 8.99],
			"to": [2.01, 15.01, 11.01],
			"faces": {
				"north": {"uv": [6, 1, 7, 13], "texture": "#inner"},
				"east": {"uv": [5, 1, 7, 13], "texture": "#inner"},
				"south": {"uv": [10, 1, 11, 13], "texture": "#inner"},
				"west": {"uv": [9, 1, 11, 13], "texture": "#inner"}
			}
		},
		{
			"from": [0.99, 14.99, 2.99],
			"to": [2.01, 16.01, 13.01],
			"faces": {
				"east": {"uv": [3, 0, 13, 1], "texture": "#inner"},
				"west": {"uv": [3, 0, 13, 1], "texture": "#inner"},
				"down": {"uv": [3, 0, 13, 1], "rotation": 90, "texture": "#inner"}
			}
		}
	]
}