{
	"credit": "Made by XeKr with Blockbench",
	"parent": "block/thin_block",
	"textures": {
		"inner": "block/acacia_trapdoor3d_inner",
		"particle": "block/acacia_trapdoor3d",
		"texture": "block/acacia_trapdoor3d",
		"side": "block/acacia_door3d_side"
	},
	"elements": [
		{
			"from": [0, 13, 0],
			"to": [16, 16, 16],
			"faces": {
				"north": {"uv": [0, 16, 3, 0], "rotation": 90, "texture": "#side", "cullface": "north"},
				"east": {"uv": [3, 16, 6, 0], "rotation": 90, "texture": "#side", "cullface": "east"},
				"south": {"uv": [0, 0, 3, 16], "rotation": 90, "texture": "#side", "cullface": "south"},
				"west": {"uv": [3, 0, 6, 16], "rotation": 90, "texture": "#side", "cullface": "west"},
				"up": {"uv": [0, 16, 16, 0], "texture": "#texture"},
				"down": {"uv": [0, 0, 16, 16], "texture": "#texture", "cullface": "down"}
			}
		},
		{
			"from": [13.01, 16.01, 13.01],
			"to": [2.99, 12.99, 2.99],
			"faces": {
				"north": {"uv": [3, 3, 0, 12], "rotation": 90, "texture": "#side"},
				"east": {"uv": [3, 3, 0, 12], "rotation": 90, "texture": "#side"},
				"south": {"uv": [3, 3, 0, 12], "rotation": 90, "texture": "#side"},
				"west": {"uv": [3, 3, 0, 12], "rotation": 90, "texture": "#side"}
			}
		},
		{
			"from": [4.99, 13.99, 2.99],
			"to": [7.01, 15.01, 13.01],
			"rotation": {"angle": 0, "axis": "y", "origin": [8, 1.5, 8]},
			"faces": {
				"east": {"uv": [5, 3, 6, 13], "rotation": 90, "texture": "#inner"},
				"west": {"uv": [5, 3, 6, 13], "rotation": 90, "texture": "#inner"},
				"up": {"uv": [5, 13, 7, 3], "texture": "#inner"},
				"down": {"uv": [5, 3, 7, 13], "texture": "#inner"}
			}
		},
		{
			"from": [8.99, 13.99, 2.99],
			"to": [11.01, 15.01, 13.01],
			"rotation": {"angle": 0, "axis": "y", "origin": [8, 1.5, 8]},
			"faces": {
				"east": {"uv": [9, 3, 10, 13], "rotation": 90, "texture": "#inner"},
				"west": {"uv": [9, 3, 10, 13], "rotation": 90, "texture": "#inner"},
				"up": {"uv": [9, 13, 11, 3], "texture": "#inner"},
				"down": {"uv": [9, 3, 11, 13], "texture": "#inner"}
			}
		}
	]
}