{
	"credit": "Made by XeKr with Blockbench",
	"parent": "block/rail_flat",
	"textures": {
		"rail": "block/activator_rail3d"
	},
	"elements": [
		{
			"from": [4, 1, 0],
			"to": [6, 2, 16],
			"rotation": {"angle": 0, "axis": "y", "origin": [8, 0, 8]},
			"faces": {
				"north": {"uv": [2, 15, 0, 16], "texture": "#rail"},
				"east": {"uv": [1, 0, 2, 16], "rotation": 90, "texture": "#rail"},
				"south": {"uv": [0, 0, 2, 1], "texture": "#rail"},
				"west": {"uv": [0, 16, 1, 0], "rotation": 90, "texture": "#rail"},
				"up": {"uv": [0, 0, 2, 16], "texture": "#rail"},
				"down": {"uv": [0, 16, 2, 0], "texture": "#rail"}
			}
		},
		{
			"from": [10, 1, 0],
			"to": [12, 2, 16],
			"rotation": {"angle": 0, "axis": "y", "origin": [8, 0, 8]},
			"faces": {
				"north": {"uv": [0, 0, 2, 1], "texture": "#rail"},
				"east": {"uv": [0, 16, 1, 0], "rotation": 90, "texture": "#rail"},
				"south": {"uv": [2, 15, 0, 16], "texture": "#rail"},
				"west": {"uv": [1, 0, 2, 16], "rotation": 90, "texture": "#rail"},
				"up": {"uv": [0, 0, 2, 16], "rotation": 180, "texture": "#rail"},
				"down": {"uv": [0, 16, 2, 0], "rotation": 180, "texture": "#rail"}
			}
		},
		{
			"from": [2, 0, 1],
			"to": [14, 1, 3],
			"faces": {
				"north": {"uv": [16, 0, 4, 1], "texture": "#rail"},
				"east": {"uv": [4, 0, 5, 2], "rotation": 90, "texture": "#rail"},
				"south": {"uv": [4, 1, 16, 2], "texture": "#rail"},
				"west": {"uv": [4, 2, 5, 0], "rotation": 90, "texture": "#rail"},
				"up": {"uv": [4, 0, 16, 2], "texture": "#rail"},
				"down": {"uv": [4, 2, 16, 0], "texture": "#rail"}
			}
		},
		{
			"from": [2, 0, 5],
			"to": [14, 1, 7],
			"faces": {
				"north": {"uv": [16, 0, 4, 1], "texture": "#rail"},
				"east": {"uv": [4, 0, 5, 2], "rotation": 90, "texture": "#rail"},
				"south": {"uv": [4, 1, 16, 2], "texture": "#rail"},
				"west": {"uv": [4, 2, 5, 0], "rotation": 90, "texture": "#rail"},
				"up": {"uv": [4, 0, 16, 2], "texture": "#rail"},
				"down": {"uv": [4, 2, 16, 0], "texture": "#rail"}
			}
		},
		{
			"from": [2, 0, 9],
			"to": [14, 1, 11],
			"faces": {
				"north": {"uv": [16, 0, 4, 1], "texture": "#rail"},
				"east": {"uv": [4, 0, 5, 2], "rotation": 90, "texture": "#rail"},
				"south": {"uv": [4, 1, 16, 2], "texture": "#rail"},
				"west": {"uv": [4, 2, 5, 0], "rotation": 90, "texture": "#rail"},
				"up": {"uv": [4, 0, 16, 2], "texture": "#rail"},
				"down": {"uv": [4, 2, 16, 0], "texture": "#rail"}
			}
		},
		{
			"from": [2, 0, 13],
			"to": [14, 1, 15],
			"faces": {
				"north": {"uv": [16, 0, 4, 1], "texture": "#rail"},
				"east": {"uv": [4, 0, 5, 2], "rotation": 90, "texture": "#rail"},
				"south": {"uv": [4, 1, 16, 2], "texture": "#rail"},
				"west": {"uv": [4, 2, 5, 0], "rotation": 90, "texture": "#rail"},
				"up": {"uv": [4, 0, 16, 2], "texture": "#rail"},
				"down": {"uv": [4, 2, 16, 0], "texture": "#rail"}
			}
		},
		{
			"from": [7, 0.5, 3],
			"to": [9, 1.5, 13],
			"faces": {
				"north": {"uv": [14, 2, 16, 3], "texture": "#rail"},
				"east": {"uv": [14, 2, 15, 12], "rotation": 90, "texture": "#rail"},
				"south": {"uv": [14, 2, 16, 3], "texture": "#rail"},
				"west": {"uv": [14, 2, 15, 12], "rotation": 90, "texture": "#rail"},
				"up": {"uv": [14, 2, 16, 12], "texture": "#rail"},
				"down": {"uv": [14, 2, 16, 12], "texture": "#rail"}
			}
		}
	]
}