{
	"credit": "Made by XeKr with Blockbench",
	"textures": {
		"inner": "block/birch_trapdoor3d_inner",
		"particle": "block/birch_trapdoor3d_flip",
		"texture": "block/birch_trapdoor3d_flip",
		"side": "block/birch_door3d_side"
	},
	"elements": [
		{
			"from": [0, 0, 0],
			"to": [16, 3, 16],
			"faces": {
				"north": {"uv": [0, 16, 3, 0], "rotation": 90, "texture": "#side", "cullface": "north"},
				"east": {"uv": [3, 16, 6, 0], "rotation": 90, "texture": "#side", "cullface": "east"},
				"south": {"uv": [0, 0, 3, 16], "rotation": 90, "texture": "#side", "cullface": "south"},
				"west": {"uv": [3, 0, 6, 16], "rotation": 90, "texture": "#side", "cullface": "west"},
				"up": {"uv": [16, 16, 0, 0], "texture": "#texture"},
				"down": {"uv": [16, 0, 0, 16], "texture": "#texture", "cullface": "down"}
			}
		},
		{
			"from": [13.01, 3.01, 13.01],
			"to": [2.99, -0.01, 2.99],
			"faces": {
				"north": {"uv": [3, 3, 0, 12], "rotation": 90, "texture": "#side"},
				"east": {"uv": [3, 3, 0, 12], "rotation": 90, "texture": "#side"},
				"south": {"uv": [3, 3, 0, 12], "rotation": 90, "texture": "#side"},
				"west": {"uv": [3, 3, 0, 12], "rotation": 90, "texture": "#side"}
			}
		},
		{
			"from": [3, 1, 3],
			"to": [13, 2, 13],
			"faces": {
				"up": {"uv": [3, 3, 13, 13], "texture": "#inner"},
				"down": {"uv": [3, 3, 13, 13], "rotation": 90, "texture": "#inner"}
			}
		}
	]
}