{
	"credit": "Made by XeKr with Blockbench",
	"parent": "block/block",
	"textures": {
		"0": "block/bookshelf3d_book",
		"2": "block/bookshelf3d_side",
		"3": "block/bookshelf3d_top",
		"particle": "block/bookshelf3d_side"
	},
	"elements": [
		{
			"from": [0, 15, 0],
			"to": [16, 16, 16],
			"rotation": {"angle": 0, "axis": "y", "origin": [8, 8, 8]},
			"faces": {
				"north": {"uv": [0, 0, 16, 1], "texture": "#2"},
				"east": {"uv": [0, 0, 16, 1], "texture": "#2"},
				"south": {"uv": [0, 0, 16, 1], "texture": "#2"},
				"west": {"uv": [0, 0, 16, 1], "texture": "#2"},
				"up": {"uv": [0, 0, 16, 16], "texture": "#3"},
				"down": {"uv": [0, 0, 16, 16], "texture": "#3"}
			}
		},
		{
			"from": [0.5, 7, 0.5],
			"to": [15.5, 9, 15.5],
			"rotation": {"angle": 0, "axis": "y", "origin": [8, 8, 8]},
			"faces": {
				"north": {"uv": [0.5, 7, 15.5, 9], "texture": "#2"},
				"east": {"uv": [0.5, 7, 15.5, 9], "texture": "#2"},
				"south": {"uv": [0.5, 7, 15.5, 9], "texture": "#2"},
				"west": {"uv": [0.5, 7, 15.5, 9], "texture": "#2"},
				"up": {"uv": [0.5, 0.5, 15.5, 15.5], "texture": "#3"},
				"down": {"uv": [0.5, 0.5, 15.5, 15.5], "texture": "#3"}
			}
		},
		{
			"from": [0, 0, 0],
			"to": [16, 1, 16],
			"rotation": {"angle": 0, "axis": "y", "origin": [8, 8, 8]},
			"faces": {
				"north": {"uv": [0, 15, 16, 16], "texture": "#2"},
				"east": {"uv": [0, 15, 16, 16], "texture": "#2"},
				"south": {"uv": [0, 15, 16, 16], "texture": "#2"},
				"west": {"uv": [0, 15, 16, 16], "texture": "#2"},
				"up": {"uv": [0, 0, 16, 16], "texture": "#3"},
				"down": {"uv": [0, 0, 16, 16], "texture": "#3"}
			}
		},
		{
			"from": [4, 1, 4],
			"to": [12, 15, 12],
			"rotation": {"angle": 0, "axis": "y", "origin": [8, 8, 8]},
			"faces": {
				"north": {"uv": [4, 1, 12, 15], "texture": "#2"},
				"east": {"uv": [4, 1, 12, 15], "texture": "#2"},
				"south": {"uv": [4, 1, 12, 15], "texture": "#2"},
				"west": {"uv": [4, 1, 12, 15], "texture": "#2"}
			}
		},
		{
			"from": [15, 1, 15],
			"to": [16, 15, 16],
			"rotation": {"angle": 0, "axis": "y", "origin": [8, 8, 8]},
			"faces": {
				"north": {"uv": [0, 1, 1, 15], "texture": "#2"},
				"east": {"uv": [0, 1, 1, 15], "texture": "#2"},
				"south": {"uv": [15, 1, 16, 15], "texture": "#2"},
				"west": {"uv": [15, 1, 16, 15], "texture": "#2"}
			}
		},
		{
			"from": [15, 1, 0],
			"to": [16, 15, 1],
			"rotation": {"angle": 0, "axis": "y", "origin": [8, 8, 8]},
			"faces": {
				"north": {"uv": [0, 1, 1, 15], "texture": "#2"},
				"east": {"uv": [15, 1, 16, 15], "texture": "#2"},
				"south": {"uv": [15, 1, 16, 15], "texture": "#2"},
				"west": {"uv": [0, 1, 1, 15], "texture": "#2"}
			}
		},
		{
			"from": [0, 1, 0],
			"to": [1, 15, 1],
			"rotation": {"angle": 0, "axis": "y", "origin": [8, 8, 8]},
			"faces": {
				"north": {"uv": [15, 1, 16, 15], "texture": "#2"},
				"east": {"uv": [15, 1, 16, 15], "texture": "#2"},
				"south": {"uv": [0, 1, 1, 15], "texture": "#2"},
				"west": {"uv": [0, 1, 1, 15], "texture": "#2"}
			}
		},
		{
			"from": [0, 1, 15],
			"to": [1, 15, 16],
			"rotation": {"angle": 0, "axis": "y", "origin": [8, 8, 8]},
			"faces": {
				"north": {"uv": [15, 1, 16, 15], "texture": "#2"},
				"east": {"uv": [0, 1, 1, 15], "texture": "#2"},
				"south": {"uv": [0, 1, 1, 15], "texture": "#2"},
				"west": {"uv": [15, 1, 16, 15], "texture": "#2"}
			}
		},
		{
			"from": [11, 1, 1],
			"to": [15, 7, 3],
			"rotation": {"angle": 0, "axis": "y", "origin": [8, 8, 8]},
			"faces": {
				"north": {"uv": [1, 0, 5, 6], "texture": "#0"},
				"east": {"uv": [0, 0, 2, 6], "texture": "#0"},
				"south": {"uv": [1, 0, 5, 6], "texture": "#0"},
				"west": {"uv": [0, 14, 6, 16], "rotation": 90, "texture": "#0"},
				"up": {"uv": [0, 14, 4, 16], "rotation": 180, "texture": "#0"},
				"down": {"uv": [0, 14, 4, 16], "texture": "#0"}
			}
		},
		{
			"from": [12.1, 1, 7.9],
			"to": [15.1, 6, 8.9],
			"rotation": {"angle": -22.5, "axis": "x", "origin": [13.6, 1, 7.9]},
			"faces": {
				"north": {"uv": [7, 9, 10, 14], "texture": "#0"},
				"east": {"uv": [6, 9, 7, 14], "texture": "#0"},
				"south": {"uv": [7, 9, 10, 14], "texture": "#0"},
				"west": {"uv": [0, 14, 5, 15], "rotation": 90, "texture": "#0"},
				"up": {"uv": [0, 14, 3, 15], "rotation": 180, "texture": "#0"},
				"down": {"uv": [0, 14, 3, 15], "texture": "#0"}
			}
		},
		{
			"from": [1, 1, 13],
			"to": [5, 7, 15],
			"rotation": {"angle": 0, "axis": "y", "origin": [8, 8, 8]},
			"faces": {
				"north": {"uv": [12, 8, 16, 14], "texture": "#0"},
				"east": {"uv": [0, 14, 6, 16], "rotation": 90, "texture": "#0"},
				"south": {"uv": [12, 8, 16, 14], "texture": "#0"},
				"west": {"uv": [11, 8, 13, 14], "texture": "#0"},
				"up": {"uv": [0, 14, 4, 16], "texture": "#0"},
				"down": {"uv": [0, 14, 4, 16], "rotation": 180, "texture": "#0"}
			}
		},
		{
			"from": [0.2, 1, 11],
			"to": [4.2, 7, 13],
			"rotation": {"angle": 0, "axis": "y", "origin": [8, 8, 8]},
			"faces": {
				"north": {"uv": [1, 8, 5, 14], "texture": "#0"},
				"east": {"uv": [0, 14, 6, 16], "rotation": 90, "texture": "#0"},
				"south": {"uv": [1, 8, 5, 14], "texture": "#0"},
				"west": {"uv": [0, 8, 2, 14], "texture": "#0"},
				"up": {"uv": [0, 14, 4, 16], "texture": "#0"},
				"down": {"uv": [0, 14, 4, 16], "rotation": 180, "texture": "#0"}
			}
		},
		{
			"from": [11.7, 1, 3],
			"to": [15.7, 7, 4],
			"rotation": {"angle": 0, "axis": "y", "origin": [8, 8, 8]},
			"faces": {
				"north": {"uv": [7, 0, 11, 6], "texture": "#0"},
				"east": {"uv": [6, 0, 7, 6], "texture": "#0"},
				"south": {"uv": [7, 0, 11, 6], "texture": "#0"},
				"west": {"uv": [0, 14, 6, 15], "rotation": 90, "texture": "#0"},
				"up": {"uv": [0, 14, 4, 15], "rotation": 180, "texture": "#0"},
				"down": {"uv": [0, 14, 4, 15], "texture": "#0"}
			}
		},
		{
			"from": [9, 1, 11.7],
			"to": [11, 7, 15.7],
			"rotation": {"angle": 0, "axis": "y", "origin": [8, 8, 8]},
			"faces": {
				"north": {"uv": [0, 14, 6, 16], "rotation": 90, "texture": "#0"},
				"east": {"uv": [12, 0, 16, 6], "texture": "#0"},
				"south": {"uv": [11, 0, 13, 6], "texture": "#0"},
				"west": {"uv": [12, 0, 16, 6], "texture": "#0"},
				"up": {"uv": [0, 14, 4, 16], "rotation": 270, "texture": "#0"},
				"down": {"uv": [0, 14, 4, 16], "rotation": 270, "texture": "#0"}
			}
		},
		{
			"from": [6, 9, 0.4],
			"to": [8, 15, 4.4],
			"rotation": {"angle": 0, "axis": "y", "origin": [8, 8, 8]},
			"faces": {
				"north": {"uv": [0, 2, 2, 8], "texture": "#0"},
				"east": {"uv": [1, 2, 5, 8], "texture": "#0"},
				"south": {"uv": [0, 14, 6, 16], "rotation": 90, "texture": "#0"},
				"west": {"uv": [1, 2, 5, 8], "texture": "#0"},
				"up": {"uv": [0, 14, 4, 16], "rotation": 90, "texture": "#0"},
				"down": {"uv": [0, 14, 4, 16], "rotation": 90, "texture": "#0"}
			}
		},
		{
			"from": [12, 9, 10],
			"to": [16, 15, 12],
			"rotation": {"angle": 0, "axis": "y", "origin": [8, 8, 8]},
			"faces": {
				"north": {"uv": [7, 7, 11, 13], "texture": "#0"},
				"east": {"uv": [6, 7, 8, 13], "texture": "#0"},
				"south": {"uv": [7, 7, 11, 13], "texture": "#0"},
				"west": {"uv": [0, 14, 6, 16], "rotation": 90, "texture": "#0"},
				"up": {"uv": [0, 14, 4, 16], "rotation": 180, "texture": "#0"},
				"down": {"uv": [0, 14, 4, 16], "texture": "#0"}
			}
		},
		{
			"from": [11.7, 9, 8],
			"to": [15.7, 13, 10],
			"rotation": {"angle": 0, "axis": "y", "origin": [8, 8, 8]},
			"faces": {
				"north": {"uv": [12, 7, 16, 11], "texture": "#0"},
				"east": {"uv": [11, 7, 13, 11], "texture": "#0"},
				"south": {"uv": [12, 7, 16, 11], "texture": "#0"},
				"west": {"uv": [0, 14, 4, 16], "rotation": 90, "texture": "#0"},
				"up": {"uv": [0, 14, 4, 16], "rotation": 180, "texture": "#0"},
				"down": {"uv": [0, 14, 4, 16], "texture": "#0"}
			}
		},
		{
			"from": [12, 9, 6],
			"to": [16, 14, 8],
			"rotation": {"angle": 0, "axis": "y", "origin": [8, 8, 8]},
			"faces": {
				"north": {"uv": [7, 3, 11, 8], "texture": "#0"},
				"east": {"uv": [6, 3, 8, 8], "texture": "#0"},
				"south": {"uv": [7, 3, 11, 8], "texture": "#0"},
				"west": {"uv": [0, 14, 5, 16], "rotation": 90, "texture": "#0"},
				"up": {"uv": [0, 14, 4, 16], "rotation": 180, "texture": "#0"},
				"down": {"uv": [0, 14, 4, 16], "texture": "#0"}
			}
		},
		{
			"from": [11.7, 9, 5],
			"to": [15.7, 13, 6],
			"rotation": {"angle": 0, "axis": "y", "origin": [8, 8, 8]},
			"faces": {
				"north": {"uv": [2, 7, 6, 11], "texture": "#0"},
				"east": {"uv": [1, 7, 2, 11], "texture": "#0"},
				"south": {"uv": [2, 7, 6, 11], "texture": "#0"},
				"west": {"uv": [0, 14, 4, 15], "rotation": 90, "texture": "#0"},
				"up": {"uv": [0, 14, 4, 15], "rotation": 180, "texture": "#0"},
				"down": {"uv": [0, 14, 4, 15], "texture": "#0"}
			}
		},
		{
			"from": [14, 9, 0.4],
			"to": [15, 15, 4.4],
			"rotation": {"angle": 0, "axis": "y", "origin": [8, 8, 8]},
			"faces": {
				"north": {"uv": [6, 1, 7, 7], "texture": "#0"},
				"east": {"uv": [7, 1, 11, 7], "texture": "#0"},
				"south": {"uv": [0, 14, 6, 15], "rotation": 90, "texture": "#0"},
				"west": {"uv": [7, 1, 11, 7], "texture": "#0"},
				"up": {"uv": [0, 14, 4, 15], "rotation": 90, "texture": "#0"},
				"down": {"uv": [0, 14, 4, 15], "rotation": 90, "texture": "#0"}
			}
		},
		{
			"from": [12, 9, 0.3],
			"to": [14, 15, 4.3],
			"rotation": {"angle": 0, "axis": "y", "origin": [8, 8, 8]},
			"faces": {
				"north": {"uv": [11, 4, 13, 10], "texture": "#0"},
				"east": {"uv": [12, 4, 16, 10], "texture": "#0"},
				"south": {"uv": [0, 14, 6, 16], "rotation": 90, "texture": "#0"},
				"west": {"uv": [12, 4, 16, 10], "texture": "#0"},
				"up": {"uv": [0, 14, 4, 16], "rotation": 90, "texture": "#0"},
				"down": {"uv": [0, 14, 4, 16], "rotation": 90, "texture": "#0"}
			}
		},
		{
			"from": [10, 9, 0.6],
			"to": [12, 13, 3.6],
			"rotation": {"angle": 0, "axis": "y", "origin": [8, 8, 8]},
			"faces": {
				"north": {"uv": [6, 4, 8, 8], "texture": "#0"},
				"east": {"uv": [7, 4, 10, 8], "texture": "#0"},
				"south": {"uv": [0, 14, 4, 16], "rotation": 90, "texture": "#0"},
				"west": {"uv": [7, 4, 10, 8], "texture": "#0"},
				"up": {"uv": [0, 14, 3, 16], "rotation": 90, "texture": "#0"},
				"down": {"uv": [0, 14, 3, 16], "rotation": 90, "texture": "#0"}
			}
		},
		{
			"from": [0.4, 9, 3],
			"to": [4.4, 15, 4],
			"rotation": {"angle": 0, "axis": "y", "origin": [8, 8, 8]},
			"faces": {
				"north": {"uv": [1, 4, 5, 10], "texture": "#0"},
				"east": {"uv": [0, 14, 6, 15], "rotation": 90, "texture": "#0"},
				"south": {"uv": [1, 4, 5, 10], "texture": "#0"},
				"west": {"uv": [0, 4, 1, 10], "texture": "#0"},
				"up": {"uv": [0, 14, 4, 15], "texture": "#0"},
				"down": {"uv": [0, 14, 4, 15], "rotation": 180, "texture": "#0"}
			}
		},
		{
			"from": [0.6, 1, 7],
			"to": [4.6, 6, 9],
			"rotation": {"angle": 0, "axis": "y", "origin": [8, 8, 8]},
			"faces": {
				"north": {"uv": [7, 3, 11, 8], "texture": "#0"},
				"east": {"uv": [0, 14, 5, 16], "rotation": 90, "texture": "#0"},
				"south": {"uv": [7, 3, 11, 8], "texture": "#0"},
				"west": {"uv": [6, 3, 8, 8], "texture": "#0"},
				"up": {"uv": [0, 14, 4, 16], "texture": "#0"},
				"down": {"uv": [0, 14, 4, 16], "rotation": 180, "texture": "#0"}
			}
		},
		{
			"from": [1.3, 1, 9],
			"to": [5.3, 5, 11],
			"rotation": {"angle": 0, "axis": "y", "origin": [8, 8, 8]},
			"faces": {
				"north": {"uv": [12, 6, 16, 10], "texture": "#0"},
				"east": {"uv": [0, 14, 4, 16], "rotation": 90, "texture": "#0"},
				"south": {"uv": [12, 6, 16, 10], "texture": "#0"},
				"west": {"uv": [11, 6, 13, 10], "texture": "#0"},
				"up": {"uv": [0, 14, 4, 16], "texture": "#0"},
				"down": {"uv": [0, 14, 4, 16], "rotation": 180, "texture": "#0"}
			}
		},
		{
			"from": [1.3, 9, 10],
			"to": [5.3, 14, 11],
			"rotation": {"angle": 0, "axis": "y", "origin": [8, 8, 8]},
			"faces": {
				"north": {"uv": [1, 3, 5, 8], "texture": "#0"},
				"east": {"uv": [0, 15, 5, 16], "rotation": 90, "texture": "#0"},
				"south": {"uv": [1, 3, 5, 8], "texture": "#0"},
				"west": {"uv": [0, 3, 1, 8], "texture": "#0"},
				"up": {"uv": [0, 15, 4, 16], "texture": "#0"},
				"down": {"uv": [0, 15, 4, 16], "rotation": 180, "texture": "#0"}
			}
		},
		{
			"from": [0, 9, 11],
			"to": [4, 12, 12],
			"rotation": {"angle": 0, "axis": "y", "origin": [8, 8, 8]},
			"faces": {
				"north": {"uv": [12, 0, 16, 3], "texture": "#0"},
				"east": {"uv": [0, 14, 3, 15], "rotation": 90, "texture": "#0"},
				"south": {"uv": [12, 0, 16, 3], "texture": "#0"},
				"west": {"uv": [11, 0, 12, 3], "texture": "#0"},
				"up": {"uv": [0, 14, 4, 15], "texture": "#0"},
				"down": {"uv": [0, 14, 4, 15], "rotation": 180, "texture": "#0"}
			}
		},
		{
			"from": [0, 11, 12],
			"to": [4, 15, 13],
			"rotation": {"angle": 0, "axis": "y", "origin": [8, 8, 8]},
			"faces": {
				"north": {"uv": [1, 7, 5, 11], "texture": "#0"},
				"east": {"uv": [0, 14, 4, 15], "rotation": 90, "texture": "#0"},
				"south": {"uv": [1, 7, 5, 11], "texture": "#0"},
				"west": {"uv": [0, 7, 1, 11], "texture": "#0"},
				"up": {"uv": [0, 14, 4, 15], "texture": "#0"},
				"down": {"uv": [0, 14, 4, 15], "rotation": 180, "texture": "#0"}
			}
		},
		{
			"from": [1, 11, 13],
			"to": [2, 15, 15.5],
			"rotation": {"angle": 0, "axis": "y", "origin": [8, 8, 8]},
			"faces": {
				"north": {"uv": [0, 14, 4, 15], "rotation": 90, "texture": "#0"},
				"east": {"uv": [12, 0, 15, 4], "texture": "#0"},
				"south": {"uv": [11, 0, 12, 4], "texture": "#0"},
				"west": {"uv": [12, 0, 15, 4], "texture": "#0"},
				"up": {"uv": [0, 14, 3, 15], "rotation": 270, "texture": "#0"},
				"down": {"uv": [0, 14, 3, 15], "rotation": 270, "texture": "#0"}
			}
		},
		{
			"from": [8.2, 9, 12.8],
			"to": [9.2, 16, 15.8],
			"rotation": {"angle": 45, "axis": "z", "origin": [8.2, 9, 14.25]},
			"faces": {
				"north": {"uv": [0, 14, 7, 15], "rotation": 90, "texture": "#0"},
				"east": {"uv": [7, 0, 10, 7], "texture": "#0"},
				"south": {"uv": [6, 0, 7, 7], "texture": "#0"},
				"west": {"uv": [7, 0, 10, 7], "texture": "#0"},
				"up": {"uv": [0, 14, 3, 15], "rotation": 270, "texture": "#0"},
				"down": {"uv": [0, 14, 3, 15], "rotation": 270, "texture": "#0"}
			}
		},
		{
			"from": [3.6, 9, 11.6],
			"to": [9.6, 11, 15.6],
			"rotation": {"angle": -45, "axis": "z", "origin": [9.6, 9, 14.45]},
			"faces": {
				"north": {"uv": [0, 14, 6, 16], "rotation": 180, "texture": "#0"},
				"east": {"uv": [0, 14, 4, 16], "rotation": 180, "texture": "#0"},
				"south": {"uv": [0, 0, 2, 6], "rotation": 270, "texture": "#0"},
				"west": {"uv": [0, 14, 4, 16], "rotation": 180, "texture": "#0"},
				"up": {"uv": [1, 0, 5, 6], "rotation": 270, "texture": "#0"},
				"down": {"uv": [1, 0, 5, 6], "rotation": 270, "texture": "#0"}
			}
		},
		{
			"from": [3.5, 11, 13],
			"to": [4.5, 15, 15.5],
			"rotation": {"angle": 22.5, "axis": "z", "origin": [3.5, 11, 14.25]},
			"faces": {
				"north": {"uv": [0, 14, 4, 15], "rotation": 90, "texture": "#0"},
				"east": {"uv": [12, 0, 15, 4], "texture": "#0"},
				"south": {"uv": [11, 0, 12, 4], "texture": "#0"},
				"west": {"uv": [12, 0, 15, 4], "texture": "#0"},
				"up": {"uv": [0, 14, 3, 15], "rotation": 270, "texture": "#0"},
				"down": {"uv": [0, 14, 3, 15], "rotation": 270, "texture": "#0"}
			}
		},
		{
			"from": [0.3, 1, 5],
			"to": [4.3, 7, 7],
			"rotation": {"angle": 0, "axis": "y", "origin": [8, 8, 8]},
			"faces": {
				"north": {"uv": [1, 0, 5, 6], "texture": "#0"},
				"east": {"uv": [0, 14, 6, 16], "rotation": 90, "texture": "#0"},
				"south": {"uv": [1, 0, 5, 6], "texture": "#0"},
				"west": {"uv": [0, 0, 2, 6], "texture": "#0"},
				"up": {"uv": [0, 14, 4, 16], "texture": "#0"},
				"down": {"uv": [0, 14, 4, 16], "rotation": 180, "texture": "#0"}
			}
		},
		{
			"from": [1, 9, 0.5],
			"to": [3, 15, 3.5],
			"rotation": {"angle": 0, "axis": "y", "origin": [8, 8, 8]},
			"faces": {
				"north": {"uv": [6, 0, 8, 6], "texture": "#0"},
				"east": {"uv": [7, 0, 10, 6], "texture": "#0"},
				"south": {"uv": [0, 14, 6, 16], "rotation": 90, "texture": "#0"},
				"west": {"uv": [7, 0, 10, 6], "texture": "#0"},
				"up": {"uv": [0, 14, 3, 16], "rotation": 90, "texture": "#0"},
				"down": {"uv": [0, 14, 3, 16], "rotation": 90, "texture": "#0"}
			}
		},
		{
			"from": [13, 9, 12],
			"to": [15, 15, 15.5],
			"rotation": {"angle": 0, "axis": "y", "origin": [8, 8, 8]},
			"faces": {
				"north": {"uv": [0, 14, 6, 16], "rotation": 90, "texture": "#0"},
				"east": {"uv": [12, 0, 16, 6], "texture": "#0"},
				"south": {"uv": [11, 0, 13, 6], "texture": "#0"},
				"west": {"uv": [12, 0, 16, 6], "texture": "#0"},
				"up": {"uv": [0, 14, 4, 16], "rotation": 270, "texture": "#0"},
				"down": {"uv": [0, 14, 4, 16], "rotation": 270, "texture": "#0"}
			}
		},
		{
			"from": [11, 9, 11.9],
			"to": [13, 14, 15.9],
			"rotation": {"angle": 0, "axis": "y", "origin": [8, 8, 8]},
			"faces": {
				"north": {"uv": [0, 14, 5, 16], "rotation": 90, "texture": "#0"},
				"east": {"uv": [12, 9, 16, 14], "texture": "#0"},
				"south": {"uv": [11, 9, 13, 14], "texture": "#0"},
				"west": {"uv": [12, 9, 16, 14], "texture": "#0"},
				"up": {"uv": [0, 14, 4, 16], "rotation": 270, "texture": "#0"},
				"down": {"uv": [0, 14, 4, 16], "rotation": 270, "texture": "#0"}
			}
		},
		{
			"from": [5, 9, 0.7],
			"to": [6, 13, 4.7],
			"rotation": {"angle": 0, "axis": "y", "origin": [8, 8, 8]},
			"faces": {
				"north": {"uv": [11, 5, 12, 9], "texture": "#0"},
				"east": {"uv": [12, 5, 16, 9], "texture": "#0"},
				"south": {"uv": [0, 14, 4, 15], "rotation": 90, "texture": "#0"},
				"west": {"uv": [12, 5, 16, 9], "texture": "#0"},
				"up": {"uv": [0, 14, 4, 15], "rotation": 90, "texture": "#0"},
				"down": {"uv": [0, 14, 4, 15], "rotation": 90, "texture": "#0"}
			}
		},
		{
			"from": [3, 9, 0.4],
			"to": [5, 14, 3.4],
			"rotation": {"angle": 0, "axis": "y", "origin": [8, 8, 8]},
			"faces": {
				"north": {"uv": [0, 9, 2, 14], "texture": "#0"},
				"east": {"uv": [1, 9, 4, 14], "texture": "#0"},
				"south": {"uv": [0, 14, 5, 16], "rotation": 90, "texture": "#0"},
				"west": {"uv": [1, 9, 4, 14], "texture": "#0"},
				"up": {"uv": [0, 14, 3, 16], "rotation": 90, "texture": "#0"},
				"down": {"uv": [0, 14, 3, 16], "rotation": 90, "texture": "#0"}
			}
		},
		{
			"from": [8, 9, 0.6],
			"to": [10, 14, 3.6],
			"rotation": {"angle": 0, "axis": "y", "origin": [8, 8, 8]},
			"faces": {
				"north": {"uv": [6, 9, 8, 14], "texture": "#0"},
				"east": {"uv": [7, 9, 10, 14], "texture": "#0"},
				"south": {"uv": [0, 14, 5, 16], "rotation": 90, "texture": "#0"},
				"west": {"uv": [7, 9, 10, 14], "texture": "#0"},
				"up": {"uv": [0, 16, 3, 14], "rotation": 90, "texture": "#0"},
				"down": {"uv": [0, 14, 3, 16], "rotation": 90, "texture": "#0"}
			}
		},
		{
			"from": [7, 1, 11.5],
			"to": [9, 6, 15.5],
			"rotation": {"angle": 0, "axis": "y", "origin": [8, 8, 8]},
			"faces": {
				"north": {"uv": [0, 14, 5, 16], "rotation": 90, "texture": "#0"},
				"east": {"uv": [7, 2, 11, 7], "texture": "#0"},
				"south": {"uv": [6, 2, 8, 7], "texture": "#0"},
				"west": {"uv": [7, 2, 11, 7], "texture": "#0"},
				"up": {"uv": [0, 14, 4, 16], "rotation": 270, "texture": "#0"},
				"down": {"uv": [0, 14, 4, 16], "rotation": 270, "texture": "#0"}
			}
		},
		{
			"from": [5, 1, 11.7],
			"to": [7, 6, 15.7],
			"rotation": {"angle": 0, "axis": "y", "origin": [8, 8, 8]},
			"faces": {
				"north": {"uv": [0, 14, 5, 16], "rotation": 90, "texture": "#0"},
				"east": {"uv": [7, 9, 11, 14], "texture": "#0"},
				"south": {"uv": [6, 9, 8, 14], "texture": "#0"},
				"west": {"uv": [7, 9, 11, 14], "texture": "#0"},
				"up": {"uv": [0, 14, 4, 16], "rotation": 270, "texture": "#0"},
				"down": {"uv": [0, 14, 4, 16], "rotation": 270, "texture": "#0"}
			}
		},
		{
			"from": [3, 1, 0.3],
			"to": [4, 7, 4.3],
			"rotation": {"angle": 0, "axis": "y", "origin": [8, 8, 8]},
			"faces": {
				"north": {"uv": [6, 9, 7, 15], "texture": "#0"},
				"east": {"uv": [7, 9, 11, 15], "texture": "#0"},
				"south": {"uv": [0, 14, 6, 15], "rotation": 90, "texture": "#0"},
				"west": {"uv": [7, 9, 11, 15], "texture": "#0"},
				"up": {"uv": [0, 14, 4, 15], "rotation": 90, "texture": "#0"},
				"down": {"uv": [0, 14, 4, 15], "rotation": 90, "texture": "#0"}
			}
		},
		{
			"from": [2, 1, 0.2],
			"to": [3, 7, 4.2],
			"rotation": {"angle": 0, "axis": "y", "origin": [8, 8, 8]},
			"faces": {
				"north": {"uv": [0, 8, 1, 14], "texture": "#0"},
				"east": {"uv": [1, 8, 5, 14], "texture": "#0"},
				"south": {"uv": [0, 14, 6, 15], "rotation": 90, "texture": "#0"},
				"west": {"uv": [1, 8, 5, 14], "texture": "#0"},
				"up": {"uv": [0, 14, 4, 15], "rotation": 90, "texture": "#0"},
				"down": {"uv": [0, 14, 4, 15], "rotation": 90, "texture": "#0"}
			}
		},
		{
			"from": [1, 1, 0.7],
			"to": [2, 7, 4.7],
			"rotation": {"angle": 0, "axis": "y", "origin": [8, 8, 8]},
			"faces": {
				"north": {"uv": [11, 2, 12, 8], "texture": "#0"},
				"east": {"uv": [12, 2, 16, 8], "texture": "#0"},
				"south": {"uv": [0, 14, 6, 15], "rotation": 90, "texture": "#0"},
				"west": {"uv": [12, 2, 16, 8], "texture": "#0"},
				"up": {"uv": [0, 14, 4, 15], "rotation": 90, "texture": "#0"},
				"down": {"uv": [0, 14, 4, 15], "rotation": 90, "texture": "#0"}
			}
		},
		{
			"from": [12, 1, 9],
			"to": [15, 3, 15],
			"rotation": {"angle": 0, "axis": "z", "origin": [8, 8, 8]},
			"faces": {
				"north": {"uv": [0, 14, 3, 16], "texture": "#0"},
				"east": {"uv": [0, 7, 2, 13], "rotation": 90, "texture": "#0"},
				"south": {"uv": [0, 14, 3, 16], "texture": "#0"},
				"west": {"uv": [0, 14, 6, 16], "texture": "#0"},
				"up": {"uv": [1, 7, 4, 13], "texture": "#0"},
				"down": {"uv": [1, 7, 4, 13], "rotation": 180, "texture": "#0"}
			}
		},
		{
			"from": [0.2, 9, 12],
			"to": [6.2, 11, 15],
			"rotation": {"angle": 0, "axis": "y", "origin": [8, 8, 8]},
			"faces": {
				"north": {"uv": [0, 14, 6, 16], "texture": "#0"},
				"east": {"uv": [0, 14, 3, 16], "texture": "#0"},
				"south": {"uv": [6, 7, 8, 13], "rotation": 90, "texture": "#0"},
				"west": {"uv": [0, 14, 3, 16], "texture": "#0"},
				"up": {"uv": [7, 7, 10, 13], "rotation": 90, "texture": "#0"},
				"down": {"uv": [7, 7, 10, 13], "rotation": 90, "texture": "#0"}
			}
		},
		{
			"from": [4, 1, 1],
			"to": [10, 2, 4],
			"rotation": {"angle": 0, "axis": "y", "origin": [8, 8, 8]},
			"faces": {
				"north": {"uv": [6, 0, 7, 6], "rotation": 90, "texture": "#0"},
				"east": {"uv": [0, 14, 3, 15], "texture": "#0"},
				"south": {"uv": [0, 14, 6, 15], "texture": "#0"},
				"west": {"uv": [0, 14, 3, 15], "texture": "#0"},
				"up": {"uv": [7, 0, 10, 6], "rotation": 270, "texture": "#0"},
				"down": {"uv": [7, 0, 10, 6], "rotation": 270, "texture": "#0"}
			}
		},
		{
			"from": [0, 9, 4],
			"to": [4, 11, 10],
			"rotation": {"angle": 0, "axis": "y", "origin": [8, 8, 8]},
			"faces": {
				"north": {"uv": [0, 14, 4, 16], "texture": "#0"},
				"east": {"uv": [0, 14, 6, 16], "texture": "#0"},
				"south": {"uv": [0, 14, 4, 16], "texture": "#0"},
				"west": {"uv": [6, 7, 8, 13], "rotation": 90, "texture": "#0"},
				"up": {"uv": [7, 7, 11, 13], "rotation": 180, "texture": "#0"},
				"down": {"uv": [7, 7, 11, 13], "texture": "#0"}
			}
		},
		{
			"from": [0.3, 11, 4],
			"to": [4.3, 13, 10],
			"rotation": {"angle": 0, "axis": "y", "origin": [8, 8, 8]},
			"faces": {
				"north": {"uv": [0, 14, 4, 16], "texture": "#0"},
				"east": {"uv": [0, 14, 6, 16], "texture": "#0"},
				"south": {"uv": [0, 14, 4, 16], "texture": "#0"},
				"west": {"uv": [11, 5, 13, 11], "rotation": 90, "texture": "#0"},
				"up": {"uv": [12, 5, 16, 11], "rotation": 180, "texture": "#0"},
				"down": {"uv": [12, 5, 16, 11], "texture": "#0"}
			}
		},
		{
			"from": [4, 4, 1],
			"to": [10, 5, 4],
			"rotation": {"angle": 0, "axis": "y", "origin": [8, 8, 8]},
			"faces": {
				"north": {"uv": [6, 7, 7, 13], "rotation": 90, "texture": "#0"},
				"east": {"uv": [0, 14, 3, 15], "texture": "#0"},
				"south": {"uv": [0, 14, 6, 15], "texture": "#0"},
				"west": {"uv": [0, 14, 3, 15], "texture": "#0"},
				"up": {"uv": [7, 7, 10, 13], "rotation": 270, "texture": "#0"},
				"down": {"uv": [7, 7, 10, 13], "rotation": 270, "texture": "#0"}
			}
		},
		{
			"from": [4.5, 2, 0],
			"to": [10.5, 4, 4],
			"rotation": {"angle": 0, "axis": "y", "origin": [8, 8, 8]},
			"faces": {
				"north": {"uv": [11, 7, 13, 13], "rotation": 90, "texture": "#0"},
				"east": {"uv": [0, 14, 4, 16], "texture": "#0"},
				"south": {"uv": [0, 14, 6, 16], "texture": "#0"},
				"west": {"uv": [0, 14, 4, 16], "texture": "#0"},
				"up": {"uv": [12, 7, 16, 13], "rotation": 270, "texture": "#0"},
				"down": {"uv": [12, 7, 16, 13], "rotation": 270, "texture": "#0"}
			}
		},
		{
			"from": [12.2, 3, 10],
			"to": [15.2, 4, 15],
			"rotation": {"angle": 0, "axis": "z", "origin": [8, 8, 8]},
			"faces": {
				"north": {"uv": [0, 15, 3, 16], "texture": "#0"},
				"east": {"uv": [6, 3, 7, 8], "rotation": 90, "texture": "#0"},
				"south": {"uv": [0, 15, 3, 16], "texture": "#0"},
				"west": {"uv": [0, 15, 5, 16], "texture": "#0"},
				"up": {"uv": [7, 3, 10, 8], "texture": "#0"},
				"down": {"uv": [7, 3, 10, 8], "rotation": 180, "texture": "#0"}
			}
		},
		{
			"from": [12, 6, 11.5],
			"to": [15, 7, 15.5],
			"rotation": {"angle": 0, "axis": "z", "origin": [8, 8, 8]},
			"faces": {
				"north": {"uv": [0, 15, 3, 16], "texture": "#0"},
				"east": {"uv": [11, 0, 12, 4], "rotation": 90, "texture": "#0"},
				"south": {"uv": [0, 15, 3, 16], "texture": "#0"},
				"west": {"uv": [0, 15, 4, 16], "texture": "#0"},
				"up": {"uv": [12, 0, 15, 4], "texture": "#0"},
				"down": {"uv": [12, 0, 15, 4], "rotation": 180, "texture": "#0"}
			}
		},
		{
			"from": [10.9, 4, 12],
			"to": [15.9, 6, 15],
			"rotation": {"angle": 0, "axis": "y", "origin": [8, 8, 8]},
			"faces": {
				"north": {"uv": [0, 14, 5, 16], "texture": "#0"},
				"east": {"uv": [0, 14, 3, 16], "texture": "#0"},
				"south": {"uv": [11, 7, 13, 12], "rotation": 90, "texture": "#0"},
				"west": {"uv": [0, 14, 3, 16], "texture": "#0"},
				"up": {"uv": [12, 7, 15, 12], "rotation": 90, "texture": "#0"},
				"down": {"uv": [12, 7, 15, 12], "rotation": 90, "texture": "#0"}
			}
		},
		{
			"from": [12.4, 1, 4],
			"to": [15.4, 6, 6],
			"rotation": {"angle": 0, "axis": "y", "origin": [8, 8, 8]},
			"faces": {
				"north": {"uv": [12, 8, 15, 13], "texture": "#0"},
				"east": {"uv": [11, 8, 13, 13], "texture": "#0"},
				"south": {"uv": [12, 8, 15, 13], "texture": "#0"},
				"west": {"uv": [0, 14, 5, 16], "rotation": 90, "texture": "#0"},
				"up": {"uv": [0, 14, 3, 16], "rotation": 180, "texture": "#0"},
				"down": {"uv": [0, 14, 3, 16], "texture": "#0"}
			}
		}
	],
	"groups": [
		{
			"name": "group",
			"origin": [8, 8, 8],
			"color": 0,
			"children": [0, 1, 2, 3, 4, 5, 6, 7]
		},
		{
			"name": "inner",
			"origin": [8, 8, 8],
			"color": 0,
			"children": [8, 9, 10, 11, 12, 13, 14, 15, 16, 17, 18, 19, 20, 21, 22, 23, 24, 25, 26, 27, 28, 29, 30, 31, 32, 33, 34, 35, 36, 37, 38, 39, 40, 41, 42, 43, 44, 45, 46, 47, 48, 49, 50, 51, 52, 53, 54]
		}
	]
}