{
	"credit": "Made by XeKr with Blockbench",
	"parent": "block/block",
	"textures": {
		"0": "block/bookshelf3d_book",
		"2": "block/bookshelf3d_side",
		"3": "block/bookshelf3d_top",
		"4": "block/bookshelf3d_detail",
		"particle": "block/bookshelf3d_side"
	},
	"elements": [
		{
			"from": [0, 0, 0],
			"to": [16, 1, 16],
			"rotation": {"angle": 0, "axis": "y", "origin": [8, 8, 8]},
			"faces": {
				"north": {"uv": [0, 15, 16, 16], "texture": "#2"},
				"east": {"uv": [0, 15, 16, 16], "texture": "#2"},
				"south": {"uv": [0, 15, 16, 16], "texture": "#2"},
				"west": {"uv": [0, 15, 16, 16], "texture": "#2"},
				"up": {"uv": [0, 0, 16, 16], "texture": "#3"},
				"down": {"uv": [0, 0, 16, 16], "texture": "#3"}
			}
		},
		{
			"from": [0.5, 7, 0.5],
			"to": [15.5, 9, 15.5],
			"rotation": {"angle": 0, "axis": "y", "origin": [8, 8, 8]},
			"faces": {
				"north": {"uv": [0.5, 7, 15.5, 9], "texture": "#2"},
				"east": {"uv": [0.5, 7, 15.5, 9], "texture": "#2"},
				"south": {"uv": [0.5, 7, 15.5, 9], "texture": "#2"},
				"west": {"uv": [0.5, 7, 15.5, 9], "texture": "#2"},
				"up": {"uv": [0.5, 0.5, 15.5, 15.5], "texture": "#3"},
				"down": {"uv": [0.5, 0.5, 15.5, 15.5], "texture": "#3"}
			}
		},
		{
			"from": [4, 1, 4],
			"to": [12, 15, 12],
			"rotation": {"angle": 0, "axis": "y", "origin": [8, 8, 8]},
			"faces": {
				"north": {"uv": [4, 1, 12, 15], "texture": "#2"},
				"east": {"uv": [4, 1, 12, 15], "texture": "#2"},
				"south": {"uv": [4, 1, 12, 15], "texture": "#2"},
				"west": {"uv": [4, 1, 12, 15], "texture": "#2"}
			}
		},
		{
			"from": [0, 15, 0],
			"to": [16, 16, 16],
			"rotation": {"angle": 0, "axis": "y", "origin": [8, 8, 8]},
			"faces": {
				"north": {"uv": [0, 0, 16, 1], "texture": "#2"},
				"east": {"uv": [0, 0, 16, 1], "texture": "#2"},
				"south": {"uv": [0, 0, 16, 1], "texture": "#2"},
				"west": {"uv": [0, 0, 16, 1], "texture": "#2"},
				"up": {"uv": [0, 0, 16, 16], "texture": "#3"},
				"down": {"uv": [0, 0, 16, 16], "texture": "#3"}
			}
		},
		{
			"from": [15, 1, 15],
			"to": [16, 15, 16],
			"rotation": {"angle": 0, "axis": "y", "origin": [8, 8, 8]},
			"faces": {
				"north": {"uv": [0, 1, 1, 15], "texture": "#2"},
				"east": {"uv": [0, 1, 1, 15], "texture": "#2"},
				"south": {"uv": [15, 1, 16, 15], "texture": "#2"},
				"west": {"uv": [15, 1, 16, 15], "texture": "#2"}
			}
		},
		{
			"from": [15, 1, 0],
			"to": [16, 15, 1],
			"rotation": {"angle": 0, "axis": "y", "origin": [8, 8, 8]},
			"faces": {
				"north": {"uv": [0, 1, 1, 15], "texture": "#2"},
				"east": {"uv": [15, 1, 16, 15], "texture": "#2"},
				"south": {"uv": [15, 1, 16, 15], "texture": "#2"},
				"west": {"uv": [0, 1, 1, 15], "texture": "#2"}
			}
		},
		{
			"from": [0, 1, 0],
			"to": [1, 15, 1],
			"rotation": {"angle": 0, "axis": "y", "origin": [8, 8, 8]},
			"faces": {
				"north": {"uv": [15, 1, 16, 15], "texture": "#2"},
				"east": {"uv": [15, 1, 16, 15], "texture": "#2"},
				"south": {"uv": [0, 1, 1, 15], "texture": "#2"},
				"west": {"uv": [0, 1, 1, 15], "texture": "#2"}
			}
		},
		{
			"from": [0, 1, 15],
			"to": [1, 15, 16],
			"rotation": {"angle": 0, "axis": "y", "origin": [8, 8, 8]},
			"faces": {
				"north": {"uv": [15, 1, 16, 15], "texture": "#2"},
				"east": {"uv": [0, 1, 1, 15], "texture": "#2"},
				"south": {"uv": [0, 1, 1, 15], "texture": "#2"},
				"west": {"uv": [15, 1, 16, 15], "texture": "#2"}
			}
		},
		{
			"from": [1, 1, 1],
			"to": [3, 7, 5],
			"rotation": {"angle": 0, "axis": "y", "origin": [8, 8, 8]},
			"faces": {
				"north": {"uv": [0, 0, 2, 6], "texture": "#0"},
				"east": {"uv": [1, 0, 5, 6], "texture": "#0"},
				"south": {"uv": [0, 14, 6, 16], "rotation": 90, "texture": "#0"},
				"west": {"uv": [1, 0, 5, 6], "texture": "#0"},
				"up": {"uv": [0, 14, 4, 16], "rotation": 90, "texture": "#0"},
				"down": {"uv": [0, 14, 4, 16], "rotation": 90, "texture": "#0"}
			}
		},
		{
			"from": [0.5, 1, 6],
			"to": [3.5, 2, 9],
			"rotation": {"angle": 0, "axis": "y", "origin": [8, 8, 7]},
			"faces": {
				"north": {"uv": [6, 5, 9, 6], "texture": "#4"},
				"east": {"uv": [6, 5, 9, 6], "texture": "#4"},
				"south": {"uv": [6, 5, 9, 6], "texture": "#4"},
				"west": {"uv": [6, 5, 9, 6], "texture": "#4"},
				"up": {"uv": [6, 3, 9, 6], "rotation": 90, "texture": "#4"},
				"down": {"uv": [6, 3, 9, 6], "rotation": 90, "texture": "#4"}
			}
		},
		{
			"from": [0.5, 3, 6],
			"to": [3.5, 6, 9],
			"rotation": {"angle": 22.5, "axis": "x", "origin": [2, 4.5, 7.5]},
			"faces": {
				"north": {"uv": [0, 3, 3, 6], "texture": "#4"},
				"east": {"uv": [3, 3, 6, 6], "rotation": 270, "texture": "#4"},
				"south": {"uv": [0, 6, 3, 3], "texture": "#4"},
				"west": {"uv": [3, 3, 6, 6], "texture": "#4"},
				"up": {"uv": [3, 0, 6, 3], "rotation": 90, "texture": "#4"},
				"down": {"uv": [3, 0, 6, 3], "rotation": 180, "texture": "#4"}
			}
		},
		{
			"from": [2, 2, 7],
			"to": [2, 7, 10],
			"rotation": {"angle": 22.5, "axis": "x", "origin": [2, 4.5, 7.5]},
			"faces": {
				"east": {"uv": [6, 0, 9, 5], "texture": "#4"},
				"west": {"uv": [6, 0, 9, 5], "texture": "#4"}
			}
		},
		{
			"from": [13, 1, 11],
			"to": [15, 7, 15],
			"rotation": {"angle": 0, "axis": "y", "origin": [8, 8, 8]},
			"faces": {
				"north": {"uv": [0, 14, 6, 16], "rotation": 90, "texture": "#0"},
				"east": {"uv": [12, 8, 16, 14], "texture": "#0"},
				"south": {"uv": [11, 8, 13, 14], "texture": "#0"},
				"west": {"uv": [12, 8, 16, 14], "texture": "#0"},
				"up": {"uv": [0, 14, 4, 16], "rotation": 270, "texture": "#0"},
				"down": {"uv": [0, 14, 4, 16], "rotation": 270, "texture": "#0"}
			}
		},
		{
			"from": [11, 1, 11.8],
			"to": [13, 7, 15.8],
			"rotation": {"angle": 0, "axis": "y", "origin": [8, 8, 8]},
			"faces": {
				"north": {"uv": [0, 14, 6, 16], "rotation": 90, "texture": "#0"},
				"east": {"uv": [1, 8, 5, 14], "texture": "#0"},
				"south": {"uv": [0, 8, 2, 14], "texture": "#0"},
				"west": {"uv": [1, 8, 5, 14], "texture": "#0"},
				"up": {"uv": [0, 14, 4, 16], "rotation": 270, "texture": "#0"},
				"down": {"uv": [0, 14, 4, 16], "rotation": 270, "texture": "#0"}
			}
		},
		{
			"from": [3, 1, 0.3],
			"to": [4, 7, 4.3],
			"rotation": {"angle": 0, "axis": "y", "origin": [8, 8, 8]},
			"faces": {
				"north": {"uv": [6, 0, 7, 6], "texture": "#0"},
				"east": {"uv": [7, 0, 11, 6], "texture": "#0"},
				"south": {"uv": [0, 14, 6, 15], "rotation": 90, "texture": "#0"},
				"west": {"uv": [7, 0, 11, 6], "texture": "#0"},
				"up": {"uv": [0, 14, 4, 15], "rotation": 90, "texture": "#0"},
				"down": {"uv": [0, 14, 4, 15], "rotation": 90, "texture": "#0"}
			}
		},
		{
			"from": [4.5, 9, 0.3],
			"to": [6.5, 14, 4.3],
			"rotation": {"angle": 0, "axis": "y", "origin": [8, 8, 8]},
			"faces": {
				"north": {"uv": [11, 7, 13, 12], "texture": "#0"},
				"east": {"uv": [12, 7, 16, 12], "texture": "#0"},
				"south": {"uv": [0, 14, 5, 16], "rotation": 90, "texture": "#0"},
				"west": {"uv": [12, 7, 16, 12], "texture": "#0"},
				"up": {"uv": [0, 14, 4, 16], "rotation": 90, "texture": "#0"},
				"down": {"uv": [0, 14, 4, 16], "rotation": 90, "texture": "#0"}
			}
		},
		{
			"from": [0.4, 9, 9],
			"to": [4.4, 15, 11],
			"rotation": {"angle": 0, "axis": "y", "origin": [8, 8, 8]},
			"faces": {
				"north": {"uv": [1, 2, 5, 8], "texture": "#0"},
				"east": {"uv": [0, 14, 6, 16], "rotation": 90, "texture": "#0"},
				"south": {"uv": [1, 2, 5, 8], "texture": "#0"},
				"west": {"uv": [0, 2, 2, 8], "texture": "#0"},
				"up": {"uv": [0, 14, 4, 16], "texture": "#0"},
				"down": {"uv": [0, 14, 4, 16], "rotation": 180, "texture": "#0"}
			}
		},
		{
			"from": [0.4, 9, 1],
			"to": [4.4, 15, 2],
			"rotation": {"angle": 0, "axis": "y", "origin": [8, 8, 8]},
			"faces": {
				"north": {"uv": [7, 0, 11, 6], "texture": "#0"},
				"east": {"uv": [0, 14, 6, 15], "rotation": 90, "texture": "#0"},
				"south": {"uv": [7, 0, 11, 6], "texture": "#0"},
				"west": {"uv": [6, 0, 7, 6], "texture": "#0"},
				"up": {"uv": [0, 14, 4, 15], "texture": "#0"},
				"down": {"uv": [0, 14, 4, 15], "rotation": 180, "texture": "#0"}
			}
		},
		{
			"from": [0.1, 9, 2],
			"to": [4.1, 14, 3],
			"rotation": {"angle": 0, "axis": "y", "origin": [8, 8, 8]},
			"faces": {
				"north": {"uv": [7, 7, 11, 12], "texture": "#0"},
				"east": {"uv": [0, 14, 5, 15], "rotation": 90, "texture": "#0"},
				"south": {"uv": [7, 7, 11, 12], "texture": "#0"},
				"west": {"uv": [6, 7, 7, 12], "texture": "#0"},
				"up": {"uv": [0, 14, 4, 15], "texture": "#0"},
				"down": {"uv": [0, 14, 4, 15], "rotation": 180, "texture": "#0"}
			}
		},
		{
			"from": [0.3, 9, 3],
			"to": [4.3, 15, 5],
			"rotation": {"angle": 0, "axis": "y", "origin": [8, 8, 8]},
			"faces": {
				"north": {"uv": [12, 4, 16, 10], "texture": "#0"},
				"east": {"uv": [0, 14, 6, 16], "rotation": 90, "texture": "#0"},
				"south": {"uv": [12, 4, 16, 10], "texture": "#0"},
				"west": {"uv": [11, 4, 13, 10], "texture": "#0"},
				"up": {"uv": [0, 14, 4, 16], "texture": "#0"},
				"down": {"uv": [0, 14, 4, 16], "rotation": 180, "texture": "#0"}
			}
		},
		{
			"from": [0.3, 9, 5],
			"to": [4.3, 13, 7],
			"rotation": {"angle": 0, "axis": "y", "origin": [8, 8, 8]},
			"faces": {
				"north": {"uv": [7, 10, 11, 14], "texture": "#0"},
				"east": {"uv": [0, 14, 4, 16], "rotation": 90, "texture": "#0"},
				"south": {"uv": [7, 10, 11, 14], "texture": "#0"},
				"west": {"uv": [6, 10, 8, 14], "texture": "#0"},
				"up": {"uv": [0, 14, 4, 16], "texture": "#0"},
				"down": {"uv": [0, 14, 4, 16], "rotation": 180, "texture": "#0"}
			}
		},
		{
			"from": [3, 9, 11.6],
			"to": [5, 15, 15.6],
			"rotation": {"angle": 0, "axis": "y", "origin": [8, 8, 8]},
			"faces": {
				"north": {"uv": [0, 14, 6, 16], "rotation": 90, "texture": "#0"},
				"east": {"uv": [1, 4, 5, 10], "texture": "#0"},
				"south": {"uv": [0, 4, 2, 10], "texture": "#0"},
				"west": {"uv": [1, 4, 5, 10], "texture": "#0"},
				"up": {"uv": [0, 14, 4, 16], "rotation": 270, "texture": "#0"},
				"down": {"uv": [0, 14, 4, 16], "rotation": 270, "texture": "#0"}
			}
		},
		{
			"from": [5, 9, 12.4],
			"to": [7, 14, 15.4],
			"rotation": {"angle": 0, "axis": "y", "origin": [8, 8, 8]},
			"faces": {
				"north": {"uv": [0, 14, 5, 16], "rotation": 90, "texture": "#0"},
				"east": {"uv": [12, 7, 15, 12], "texture": "#0"},
				"south": {"uv": [11, 7, 13, 12], "texture": "#0"},
				"west": {"uv": [12, 7, 15, 12], "texture": "#0"},
				"up": {"uv": [0, 14, 3, 16], "rotation": 270, "texture": "#0"},
				"down": {"uv": [0, 14, 3, 16], "rotation": 270, "texture": "#0"}
			}
		},
		{
			"from": [7.5, 9, 11.4],
			"to": [11.5, 13, 15.4],
			"rotation": {"angle": 0, "axis": "z", "origin": [8, 8, 8]},
			"faces": {
				"north": {"uv": [12, 2, 16, 6], "texture": "#4"},
				"east": {"uv": [12, 2, 16, 6], "texture": "#4"},
				"south": {"uv": [12, 2, 16, 6], "texture": "#4"},
				"west": {"uv": [12, 2, 16, 6], "texture": "#4"},
				"up": {"uv": [12, 2, 16, 6], "rotation": 90, "texture": "#4"},
				"down": {"uv": [12, 2, 16, 6], "rotation": 90, "texture": "#4"}
			}
		},
		{
			"from": [8.5, 13, 12.4],
			"to": [10.5, 15, 14.4],
			"rotation": {"angle": 0, "axis": "z", "origin": [8, 8, 8]},
			"faces": {
				"north": {"uv": [13, 0, 15, 2], "texture": "#4"},
				"east": {"uv": [13, 0, 15, 2], "texture": "#4"},
				"south": {"uv": [13, 0, 15, 2], "texture": "#4"},
				"west": {"uv": [13, 0, 15, 2], "texture": "#4"},
				"up": {"uv": [13, 0, 15, 2], "rotation": 90, "texture": "#4"}
			}
		},
		{
			"from": [13, 11, 11.9],
			"to": [15, 15, 15.9],
			"rotation": {"angle": 0, "axis": "y", "origin": [8, 8, 8]},
			"faces": {
				"north": {"uv": [0, 14, 4, 15], "rotation": 90, "texture": "#0"},
				"east": {"uv": [1, 7, 5, 11], "texture": "#0"},
				"south": {"uv": [0, 7, 1, 11], "texture": "#0"},
				"west": {"uv": [1, 7, 5, 11], "texture": "#0"},
				"up": {"uv": [0, 14, 4, 15], "rotation": 270, "texture": "#0"},
				"down": {"uv": [0, 14, 4, 15], "rotation": 270, "texture": "#0"}
			}
		},
		{
			"from": [11.5, 11, 9.9],
			"to": [15.5, 15, 11.9],
			"rotation": {"angle": 0, "axis": "y", "origin": [8, 8, 8]},
			"faces": {
				"north": {"uv": [12, 0, 16, 4], "texture": "#0"},
				"east": {"uv": [11, 0, 13, 4], "texture": "#0"},
				"south": {"uv": [12, 0, 16, 4], "texture": "#0"},
				"west": {"uv": [0, 14, 4, 16], "rotation": 90, "texture": "#0"},
				"up": {"uv": [0, 14, 4, 16], "rotation": 180, "texture": "#0"},
				"down": {"uv": [0, 14, 4, 16], "texture": "#0"}
			}
		},
		{
			"from": [0.5, 9, 13],
			"to": [3.5, 15, 15],
			"rotation": {"angle": 0, "axis": "y", "origin": [8, 8, 8]},
			"faces": {
				"north": {"uv": [7, 0, 10, 6], "texture": "#0"},
				"east": {"uv": [0, 14, 6, 16], "rotation": 90, "texture": "#0"},
				"south": {"uv": [7, 0, 10, 6], "texture": "#0"},
				"west": {"uv": [6, 0, 8, 6], "texture": "#0"},
				"up": {"uv": [0, 14, 3, 16], "texture": "#0"},
				"down": {"uv": [0, 14, 3, 16], "rotation": 180, "texture": "#0"}
			}
		},
		{
			"from": [12, 9, 1],
			"to": [15.5, 15, 3],
			"rotation": {"angle": 0, "axis": "y", "origin": [8, 8, 8]},
			"faces": {
				"north": {"uv": [12, 0, 16, 6], "texture": "#0"},
				"east": {"uv": [11, 0, 13, 6], "texture": "#0"},
				"south": {"uv": [12, 0, 16, 6], "texture": "#0"},
				"west": {"uv": [0, 14, 6, 16], "rotation": 90, "texture": "#0"},
				"up": {"uv": [0, 14, 4, 16], "rotation": 180, "texture": "#0"},
				"down": {"uv": [0, 14, 4, 16], "texture": "#0"}
			}
		},
		{
			"from": [11.9, 9, 3],
			"to": [15.9, 15, 5],
			"rotation": {"angle": 0, "axis": "y", "origin": [8, 8, 8]},
			"faces": {
				"north": {"uv": [12, 8, 16, 14], "texture": "#0"},
				"east": {"uv": [11, 8, 13, 14], "texture": "#0"},
				"south": {"uv": [12, 8, 16, 14], "texture": "#0"},
				"west": {"uv": [0, 14, 6, 16], "rotation": 90, "texture": "#0"},
				"up": {"uv": [0, 14, 4, 16], "rotation": 180, "texture": "#0"},
				"down": {"uv": [0, 14, 4, 16], "texture": "#0"}
			}
		},
		{
			"from": [11.9, 9, 5],
			"to": [15.9, 14, 7],
			"rotation": {"angle": 0, "axis": "y", "origin": [8, 8, 8]},
			"faces": {
				"north": {"uv": [7, 3, 11, 8], "texture": "#0"},
				"east": {"uv": [6, 3, 8, 8], "texture": "#0"},
				"south": {"uv": [7, 3, 11, 8], "texture": "#0"},
				"west": {"uv": [0, 14, 5, 16], "rotation": 90, "texture": "#0"},
				"up": {"uv": [0, 14, 4, 16], "rotation": 180, "texture": "#0"},
				"down": {"uv": [0, 14, 4, 16], "texture": "#0"}
			}
		},
		{
			"from": [11.9, 9, 7],
			"to": [15.9, 13, 9],
			"rotation": {"angle": 0, "axis": "y", "origin": [8, 8, 8]},
			"faces": {
				"north": {"uv": [1, 3, 5, 7], "texture": "#0"},
				"east": {"uv": [0, 3, 2, 7], "texture": "#0"},
				"south": {"uv": [1, 3, 5, 7], "texture": "#0"},
				"west": {"uv": [0, 14, 4, 16], "rotation": 90, "texture": "#0"},
				"up": {"uv": [0, 14, 4, 16], "rotation": 180, "texture": "#0"},
				"down": {"uv": [0, 14, 4, 16], "texture": "#0"}
			}
		},
		{
			"from": [0.4, 9, 11],
			"to": [3.4, 14, 13],
			"rotation": {"angle": 0, "axis": "y", "origin": [8, 8, 8]},
			"faces": {
				"north": {"uv": [1, 9, 4, 14], "texture": "#0"},
				"east": {"uv": [0, 14, 5, 16], "rotation": 90, "texture": "#0"},
				"south": {"uv": [1, 9, 4, 14], "texture": "#0"},
				"west": {"uv": [0, 9, 2, 14], "texture": "#0"},
				"up": {"uv": [0, 14, 3, 16], "texture": "#0"},
				"down": {"uv": [0, 14, 3, 16], "rotation": 180, "texture": "#0"}
			}
		},
		{
			"from": [0.6, 9, 7],
			"to": [3.6, 14, 9],
			"rotation": {"angle": 0, "axis": "y", "origin": [8, 8, 8]},
			"faces": {
				"north": {"uv": [8, 2, 11, 7], "texture": "#0"},
				"east": {"uv": [0, 14, 5, 16], "rotation": 90, "texture": "#0"},
				"south": {"uv": [8, 2, 11, 7], "texture": "#0"},
				"west": {"uv": [7, 2, 9, 7], "texture": "#0"},
				"up": {"uv": [0, 16, 3, 14], "texture": "#0"},
				"down": {"uv": [0, 14, 3, 16], "rotation": 180, "texture": "#0"}
			}
		},
		{
			"from": [0.3, 1, 11],
			"to": [4.3, 7, 13],
			"rotation": {"angle": 0, "axis": "y", "origin": [8, 8, 8]},
			"faces": {
				"north": {"uv": [7, 9, 11, 15], "texture": "#0"},
				"east": {"uv": [0, 14, 6, 16], "rotation": 90, "texture": "#0"},
				"south": {"uv": [7, 9, 11, 15], "texture": "#0"},
				"west": {"uv": [6, 9, 8, 15], "texture": "#0"},
				"up": {"uv": [0, 14, 4, 16], "texture": "#0"},
				"down": {"uv": [0, 14, 4, 16], "rotation": 180, "texture": "#0"}
			}
		},
		{
			"from": [0.2, 1, 13],
			"to": [4.2, 7, 14],
			"rotation": {"angle": 0, "axis": "y", "origin": [8, 8, 8]},
			"faces": {
				"north": {"uv": [1, 8, 5, 14], "texture": "#0"},
				"east": {"uv": [0, 14, 6, 15], "rotation": 90, "texture": "#0"},
				"south": {"uv": [1, 8, 5, 14], "texture": "#0"},
				"west": {"uv": [0, 8, 1, 14], "texture": "#0"},
				"up": {"uv": [0, 14, 4, 15], "texture": "#0"},
				"down": {"uv": [0, 14, 4, 15], "rotation": 180, "texture": "#0"}
			}
		},
		{
			"from": [0.7, 1, 14],
			"to": [4.7, 7, 15],
			"rotation": {"angle": 0, "axis": "y", "origin": [8, 8, 8]},
			"faces": {
				"north": {"uv": [12, 2, 16, 8], "texture": "#0"},
				"east": {"uv": [0, 14, 6, 15], "rotation": 90, "texture": "#0"},
				"south": {"uv": [12, 2, 16, 8], "texture": "#0"},
				"west": {"uv": [11, 2, 12, 8], "texture": "#0"},
				"up": {"uv": [0, 14, 4, 15], "texture": "#0"},
				"down": {"uv": [0, 14, 4, 15], "rotation": 180, "texture": "#0"}
			}
		},
		{
			"from": [8, 1, 1],
			"to": [15, 3, 4],
			"rotation": {"angle": 0, "axis": "z", "origin": [8, 8, 8]},
			"faces": {
				"north": {"uv": [0, 7, 2, 14], "rotation": 90, "texture": "#0"},
				"east": {"uv": [0, 14, 3, 16], "texture": "#0"},
				"south": {"uv": [0, 14, 7, 16], "texture": "#0"},
				"west": {"uv": [0, 14, 3, 16], "texture": "#0"},
				"up": {"uv": [1, 7, 4, 14], "rotation": 270, "texture": "#0"},
				"down": {"uv": [1, 7, 4, 14], "rotation": 270, "texture": "#0"}
			}
		},
		{
			"from": [12, 9, 9.5],
			"to": [15, 11, 15.5],
			"rotation": {"angle": 0, "axis": "y", "origin": [8, 8, 8]},
			"faces": {
				"north": {"uv": [0, 14, 3, 16], "texture": "#0"},
				"east": {"uv": [6, 7, 8, 13], "rotation": 90, "texture": "#0"},
				"south": {"uv": [0, 14, 3, 16], "texture": "#0"},
				"west": {"uv": [0, 14, 6, 16], "texture": "#0"},
				"up": {"uv": [7, 7, 10, 13], "texture": "#0"},
				"down": {"uv": [7, 7, 10, 13], "rotation": 180, "texture": "#0"}
			}
		},
		{
			"from": [2.9, 1, 12.3],
			"to": [8.9, 2, 15.3],
			"rotation": {"angle": -45, "axis": "z", "origin": [8.9, 1, 15.3]},
			"faces": {
				"north": {"uv": [0, 14, 6, 15], "texture": "#0"},
				"east": {"uv": [0, 14, 3, 15], "texture": "#0"},
				"south": {"uv": [6, 0, 7, 6], "rotation": 90, "texture": "#0"},
				"west": {"uv": [0, 14, 3, 15], "texture": "#0"},
				"up": {"uv": [7, 0, 10, 6], "rotation": 90, "texture": "#0"},
				"down": {"uv": [7, 0, 10, 6], "rotation": 90, "texture": "#0"}
			}
		},
		{
			"from": [4.3, 1, 12.6],
			"to": [10.3, 2, 15.6],
			"rotation": {"angle": -45, "axis": "z", "origin": [10.3, 1, 15.6]},
			"faces": {
				"north": {"uv": [0, 14, 6, 15], "texture": "#0"},
				"east": {"uv": [0, 14, 3, 15], "texture": "#0"},
				"south": {"uv": [6, 7, 7, 13], "rotation": 90, "texture": "#0"},
				"west": {"uv": [0, 14, 3, 15], "texture": "#0"},
				"up": {"uv": [7, 7, 10, 13], "rotation": 90, "texture": "#0"},
				"down": {"uv": [7, 7, 10, 13], "rotation": 90, "texture": "#0"}
			}
		},
		{
			"from": [10, 3, 0.8],
			"to": [15, 5, 3.8],
			"rotation": {"angle": 0, "axis": "z", "origin": [8, 8, 8]},
			"faces": {
				"north": {"uv": [6, 3, 8, 8], "rotation": 90, "texture": "#0"},
				"east": {"uv": [0, 14, 3, 16], "texture": "#0"},
				"south": {"uv": [0, 14, 5, 16], "texture": "#0"},
				"west": {"uv": [0, 14, 3, 16], "texture": "#0"},
				"up": {"uv": [7, 3, 10, 8], "rotation": 270, "texture": "#0"},
				"down": {"uv": [7, 3, 10, 8], "rotation": 270, "texture": "#0"}
			}
		},
		{
			"from": [7.5, 9, 0.8],
			"to": [11.5, 11, 4.8],
			"rotation": {"angle": 0, "axis": "z", "origin": [8, 8, 8]},
			"faces": {
				"north": {"uv": [12, 12, 16, 14], "texture": "#4"},
				"east": {"uv": [12, 12, 16, 14], "texture": "#4"},
				"south": {"uv": [12, 12, 16, 14], "texture": "#4"},
				"west": {"uv": [12, 12, 16, 14], "texture": "#4"},
				"up": {"uv": [12, 9, 16, 13], "rotation": 270, "texture": "#4"},
				"down": {"uv": [12, 9, 16, 13], "rotation": 270, "texture": "#4"}
			}
		},
		{
			"from": [8.5, 10.5, 2.8],
			"to": [10.5, 14.5, 2.8],
			"rotation": {"angle": -45, "axis": "y", "origin": [9.5, 12.5, 2.8]},
			"faces": {
				"north": {"uv": [10, 6, 12, 10], "texture": "#4"},
				"south": {"uv": [10, 6, 12, 10], "texture": "#4"}
			}
		},
		{
			"from": [8.5, 10.5, 2.8],
			"to": [10.5, 14.5, 2.8],
			"rotation": {"angle": 45, "axis": "y", "origin": [9.5, 12.5, 2.8]},
			"faces": {
				"north": {"uv": [10, 6, 12, 10], "texture": "#4"},
				"south": {"uv": [10, 6, 12, 10], "texture": "#4"}
			}
		},
		{
			"from": [4.1, 1, 0.8],
			"to": [8.1, 5, 4.8],
			"rotation": {"angle": 0, "axis": "z", "origin": [4.6, 2, 8]},
			"faces": {
				"north": {"uv": [12, 12, 16, 16], "texture": "#4"},
				"east": {"uv": [12, 12, 16, 16], "texture": "#4"},
				"south": {"uv": [12, 12, 16, 16], "texture": "#4"},
				"west": {"uv": [12, 12, 16, 16], "texture": "#4"},
				"up": {"uv": [12, 9, 16, 13], "rotation": 270, "texture": "#4"},
				"down": {"uv": [12, 9, 16, 13], "rotation": 270, "texture": "#4"}
			}
		},
		{
			"from": [4.1, 5, 2.8],
			"to": [8.1, 7, 2.8],
			"rotation": {"angle": 45, "axis": "y", "origin": [6.1, 6.5, 2.8]},
			"faces": {
				"north": {"uv": [12, 6, 16, 8], "texture": "#4"},
				"south": {"uv": [12, 6, 16, 8], "texture": "#4"}
			}
		},
		{
			"from": [4.1, 5, 2.8],
			"to": [8.1, 7, 2.8],
			"rotation": {"angle": -45, "axis": "y", "origin": [6.1, 6.5, 2.8]},
			"faces": {
				"north": {"uv": [12, 6, 16, 8], "texture": "#4"},
				"south": {"uv": [12, 6, 16, 8], "texture": "#4"}
			}
		},
		{
			"from": [11.5, 5, 1],
			"to": [15.5, 7, 4],
			"rotation": {"angle": 0, "axis": "z", "origin": [8, 8, 8]},
			"faces": {
				"north": {"uv": [11, 0, 13, 4], "rotation": 90, "texture": "#0"},
				"east": {"uv": [0, 14, 3, 16], "texture": "#0"},
				"south": {"uv": [0, 14, 4, 16], "texture": "#0"},
				"west": {"uv": [0, 14, 3, 16], "texture": "#0"},
				"up": {"uv": [12, 0, 15, 4], "rotation": 270, "texture": "#0"},
				"down": {"uv": [12, 0, 15, 4], "rotation": 270, "texture": "#0"}
			}
		},
		{
			"from": [12.5, 1, 8],
			"to": [14.5, 5, 10],
			"rotation": {"angle": 0, "axis": "z", "origin": [13.5, 3, 9]},
			"faces": {
				"north": {"uv": [0, 8, 2, 12], "texture": "#4"},
				"east": {"uv": [0, 8, 2, 12], "texture": "#4"},
				"south": {"uv": [0, 8, 2, 12], "texture": "#4"},
				"west": {"uv": [0, 8, 2, 12], "texture": "#4"},
				"up": {"uv": [0, 8, 2, 10], "rotation": 270, "texture": "#4"},
				"down": {"uv": [0, 8, 2, 10], "rotation": 270, "texture": "#4"}
			}
		},
		{
			"from": [13.5, 5, 8.5],
			"to": [13.5, 6, 9.5],
			"rotation": {"angle": -45, "axis": "y", "origin": [13.5, 5.5, 9]},
			"faces": {
				"east": {"uv": [0, 7, 1, 8], "texture": "#4"},
				"west": {"uv": [0, 7, 1, 8], "texture": "#4"}
			}
		},
		{
			"from": [13.5, 5, 8.5],
			"to": [13.5, 6, 9.5],
			"rotation": {"angle": 45, "axis": "y", "origin": [13.5, 5.5, 9]},
			"faces": {
				"east": {"uv": [0, 7, 1, 8], "texture": "#4"},
				"west": {"uv": [0, 7, 1, 8], "texture": "#4"}
			}
		},
		{
			"from": [13.5, 1, 6],
			"to": [15.5, 4, 8],
			"rotation": {"angle": 0, "axis": "z", "origin": [14.5, 2, 7]},
			"faces": {
				"north": {"uv": [0, 8, 2, 11], "texture": "#4"},
				"east": {"uv": [0, 8, 2, 11], "texture": "#4"},
				"south": {"uv": [0, 8, 2, 11], "texture": "#4"},
				"west": {"uv": [0, 8, 2, 11], "texture": "#4"},
				"up": {"uv": [0, 8, 2, 10], "rotation": 270, "texture": "#4"},
				"down": {"uv": [0, 8, 2, 10], "rotation": 270, "texture": "#4"}
			}
		},
		{
			"from": [14.5, 4, 6.5],
			"to": [14.5, 5, 7.5],
			"rotation": {"angle": -45, "axis": "y", "origin": [14.5, 4.5, 7]},
			"faces": {
				"east": {"uv": [0, 7, 1, 8], "texture": "#4"},
				"west": {"uv": [0, 7, 1, 8], "texture": "#4"}
			}
		},
		{
			"from": [14.5, 4, 6.5],
			"to": [14.5, 5, 7.5],
			"rotation": {"angle": 45, "axis": "y", "origin": [14.5, 4.5, 7]},
			"faces": {
				"east": {"uv": [0, 7, 1, 8], "texture": "#4"},
				"west": {"uv": [0, 7, 1, 8], "texture": "#4"}
			}
		}
	],
	"groups": [
		{
			"name": "group",
			"origin": [8, 8, 8],
			"color": 0,
			"children": [0, 1, 2, 3, 4, 5, 6, 7]
		},
		{
			"name": "inner",
			"origin": [8, 8, 8],
			"color": 0,
			"children": [8, 9, 10, 11, 12, 13, 14, 15, 16, 17, 18, 19, 20, 21, 22, 23, 24, 25, 26, 27, 28, 29, 30, 31, 32, 33, 34, 35, 36, 37, 38, 39, 40, 41, 42, 43, 44, 45, 46, 47, 48, 49, 50, 51, 52, 53, 54]
		}
	]
}