{
	"credit": "Made by XeKr with Blockbench",
	"parent": "block/block",
	"textures": {
		"0": "block/bookshelf3d_book",
		"2": "block/bookshelf3d_side",
		"3": "block/bookshelf3d_top",
		"4": "block/bookshelf3d_detail",
		"particle": "block/bookshelf3d_side"
	},
	"elements": [
		{
			"from": [0, 0, 0],
			"to": [16, 1, 16],
			"rotation": {"angle": 0, "axis": "y", "origin": [8, 8, 8]},
			"faces": {
				"north": {"uv": [0, 15, 16, 16], "texture": "#2"},
				"east": {"uv": [0, 15, 16, 16], "texture": "#2"},
				"south": {"uv": [0, 15, 16, 16], "texture": "#2"},
				"west": {"uv": [0, 15, 16, 16], "texture": "#2"},
				"up": {"uv": [0, 0, 16, 16], "texture": "#3"},
				"down": {"uv": [0, 0, 16, 16], "texture": "#3"}
			}
		},
		{
			"from": [0.5, 7, 0.5],
			"to": [15.5, 9, 15.5],
			"rotation": {"angle": 0, "axis": "y", "origin": [8, 8, 8]},
			"faces": {
				"north": {"uv": [0.5, 7, 15.5, 9], "texture": "#2"},
				"east": {"uv": [0.5, 7, 15.5, 9], "texture": "#2"},
				"south": {"uv": [0.5, 7, 15.5, 9], "texture": "#2"},
				"west": {"uv": [0.5, 7, 15.5, 9], "texture": "#2"},
				"up": {"uv": [0.5, 0.5, 15.5, 15.5], "texture": "#3"},
				"down": {"uv": [0.5, 0.5, 15.5, 15.5], "texture": "#3"}
			}
		},
		{
			"from": [4, 1, 4],
			"to": [12, 15, 12],
			"rotation": {"angle": 0, "axis": "y", "origin": [8, 8, 8]},
			"faces": {
				"north": {"uv": [4, 1, 12, 15], "texture": "#2"},
				"east": {"uv": [4, 1, 12, 15], "texture": "#2"},
				"south": {"uv": [4, 1, 12, 15], "texture": "#2"},
				"west": {"uv": [4, 1, 12, 15], "texture": "#2"}
			}
		},
		{
			"from": [0, 15, 0],
			"to": [16, 16, 16],
			"rotation": {"angle": 0, "axis": "y", "origin": [8, 8, 8]},
			"faces": {
				"north": {"uv": [0, 0, 16, 1], "texture": "#2"},
				"east": {"uv": [0, 0, 16, 1], "texture": "#2"},
				"south": {"uv": [0, 0, 16, 1], "texture": "#2"},
				"west": {"uv": [0, 0, 16, 1], "texture": "#2"},
				"up": {"uv": [0, 0, 16, 16], "texture": "#3"},
				"down": {"uv": [0, 0, 16, 16], "texture": "#3"}
			}
		},
		{
			"from": [15, 1, 15],
			"to": [16, 15, 16],
			"rotation": {"angle": 0, "axis": "y", "origin": [8, 8, 8]},
			"faces": {
				"north": {"uv": [0, 1, 1, 15], "texture": "#2"},
				"east": {"uv": [0, 1, 1, 15], "texture": "#2"},
				"south": {"uv": [15, 1, 16, 15], "texture": "#2"},
				"west": {"uv": [15, 1, 16, 15], "texture": "#2"}
			}
		},
		{
			"from": [15, 1, 0],
			"to": [16, 15, 1],
			"rotation": {"angle": 0, "axis": "y", "origin": [8, 8, 8]},
			"faces": {
				"north": {"uv": [0, 1, 1, 15], "texture": "#2"},
				"east": {"uv": [15, 1, 16, 15], "texture": "#2"},
				"south": {"uv": [15, 1, 16, 15], "texture": "#2"},
				"west": {"uv": [0, 1, 1, 15], "texture": "#2"}
			}
		},
		{
			"from": [0, 1, 0],
			"to": [1, 15, 1],
			"rotation": {"angle": 0, "axis": "y", "origin": [8, 8, 8]},
			"faces": {
				"north": {"uv": [15, 1, 16, 15], "texture": "#2"},
				"east": {"uv": [15, 1, 16, 15], "texture": "#2"},
				"south": {"uv": [0, 1, 1, 15], "texture": "#2"},
				"west": {"uv": [0, 1, 1, 15], "texture": "#2"}
			}
		},
		{
			"from": [0, 1, 15],
			"to": [1, 15, 16],
			"rotation": {"angle": 0, "axis": "y", "origin": [8, 8, 8]},
			"faces": {
				"north": {"uv": [15, 1, 16, 15], "texture": "#2"},
				"east": {"uv": [0, 1, 1, 15], "texture": "#2"},
				"south": {"uv": [0, 1, 1, 15], "texture": "#2"},
				"west": {"uv": [15, 1, 16, 15], "texture": "#2"}
			}
		},
		{
			"from": [11, 1, 1],
			"to": [15, 7, 3],
			"rotation": {"angle": 0, "axis": "y", "origin": [8, 8, 8]},
			"faces": {
				"north": {"uv": [1, 0, 5, 6], "texture": "#0"},
				"east": {"uv": [0, 0, 2, 6], "texture": "#0"},
				"south": {"uv": [1, 0, 5, 6], "texture": "#0"},
				"west": {"uv": [0, 14, 6, 16], "rotation": 90, "texture": "#0"},
				"up": {"uv": [0, 14, 4, 16], "rotation": 180, "texture": "#0"},
				"down": {"uv": [0, 14, 4, 16], "texture": "#0"}
			}
		},
		{
			"from": [5, 9, 0.5],
			"to": [8, 10, 3.5],
			"rotation": {"angle": 0, "axis": "y", "origin": [6.5, 9.5, 2]},
			"faces": {
				"north": {"uv": [6, 5, 9, 6], "texture": "#4"},
				"east": {"uv": [6, 5, 9, 6], "texture": "#4"},
				"south": {"uv": [6, 5, 9, 6], "texture": "#4"},
				"west": {"uv": [6, 5, 9, 6], "texture": "#4"},
				"up": {"uv": [6, 3, 9, 6], "texture": "#4"},
				"down": {"uv": [6, 3, 9, 6], "rotation": 180, "texture": "#4"}
			}
		},
		{
			"from": [5, 11, 0.5],
			"to": [8, 14, 3.5],
			"rotation": {"angle": -22.5, "axis": "z", "origin": [6.5, 12.5, 2]},
			"faces": {
				"north": {"uv": [3, 3, 6, 6], "rotation": 270, "texture": "#4"},
				"east": {"uv": [0, 6, 3, 3], "texture": "#4"},
				"south": {"uv": [3, 3, 6, 6], "texture": "#4"},
				"west": {"uv": [0, 3, 3, 6], "texture": "#4"},
				"up": {"uv": [3, 0, 6, 3], "texture": "#4"},
				"down": {"uv": [3, 0, 6, 3], "rotation": 270, "texture": "#4"}
			}
		},
		{
			"from": [6, 10, 2],
			"to": [9, 15, 2],
			"rotation": {"angle": -22.5, "axis": "z", "origin": [6.5, 12.5, 2]},
			"faces": {
				"north": {"uv": [6, 0, 9, 5], "texture": "#4"},
				"south": {"uv": [6, 0, 9, 5], "texture": "#4"}
			}
		},
		{
			"from": [1, 1, 13],
			"to": [5, 7, 15],
			"rotation": {"angle": 0, "axis": "y", "origin": [8, 8, 8]},
			"faces": {
				"north": {"uv": [12, 8, 16, 14], "texture": "#0"},
				"east": {"uv": [0, 14, 6, 16], "rotation": 90, "texture": "#0"},
				"south": {"uv": [12, 8, 16, 14], "texture": "#0"},
				"west": {"uv": [11, 8, 13, 14], "texture": "#0"},
				"up": {"uv": [0, 14, 4, 16], "texture": "#0"},
				"down": {"uv": [0, 14, 4, 16], "rotation": 180, "texture": "#0"}
			}
		},
		{
			"from": [0.2, 1, 11],
			"to": [4.2, 7, 13],
			"rotation": {"angle": 0, "axis": "y", "origin": [8, 8, 8]},
			"faces": {
				"north": {"uv": [1, 8, 5, 14], "texture": "#0"},
				"east": {"uv": [0, 14, 6, 16], "rotation": 90, "texture": "#0"},
				"south": {"uv": [1, 8, 5, 14], "texture": "#0"},
				"west": {"uv": [0, 8, 2, 14], "texture": "#0"},
				"up": {"uv": [0, 14, 4, 16], "texture": "#0"},
				"down": {"uv": [0, 14, 4, 16], "rotation": 180, "texture": "#0"}
			}
		},
		{
			"from": [11.7, 1, 3],
			"to": [15.7, 7, 4],
			"rotation": {"angle": 0, "axis": "y", "origin": [8, 8, 8]},
			"faces": {
				"north": {"uv": [7, 0, 11, 6], "texture": "#0"},
				"east": {"uv": [6, 0, 7, 6], "texture": "#0"},
				"south": {"uv": [7, 0, 11, 6], "texture": "#0"},
				"west": {"uv": [0, 14, 6, 15], "rotation": 90, "texture": "#0"},
				"up": {"uv": [0, 14, 4, 15], "rotation": 180, "texture": "#0"},
				"down": {"uv": [0, 14, 4, 15], "texture": "#0"}
			}
		},
		{
			"from": [13, 9, 0.4],
			"to": [15, 15, 4.4],
			"rotation": {"angle": 0, "axis": "y", "origin": [8, 8, 8]},
			"faces": {
				"north": {"uv": [6, 0, 8, 6], "texture": "#0"},
				"east": {"uv": [7, 0, 11, 6], "texture": "#0"},
				"south": {"uv": [0, 14, 6, 16], "rotation": 90, "texture": "#0"},
				"west": {"uv": [7, 0, 11, 6], "texture": "#0"},
				"up": {"uv": [0, 14, 4, 16], "rotation": 90, "texture": "#0"},
				"down": {"uv": [0, 14, 4, 16], "rotation": 90, "texture": "#0"}
			}
		},
		{
			"from": [11, 9, 0.3],
			"to": [13, 15, 4.3],
			"rotation": {"angle": 0, "axis": "y", "origin": [8, 8, 8]},
			"faces": {
				"north": {"uv": [11, 5, 13, 11], "texture": "#0"},
				"east": {"uv": [12, 5, 16, 11], "texture": "#0"},
				"south": {"uv": [0, 14, 6, 16], "rotation": 90, "texture": "#0"},
				"west": {"uv": [12, 5, 16, 11], "texture": "#0"},
				"up": {"uv": [0, 14, 4, 16], "rotation": 90, "texture": "#0"},
				"down": {"uv": [0, 14, 4, 16], "rotation": 90, "texture": "#0"}
			}
		},
		{
			"from": [0.4, 9, 3],
			"to": [4.4, 15, 5],
			"rotation": {"angle": 0, "axis": "y", "origin": [8, 8, 8]},
			"faces": {
				"north": {"uv": [1, 4, 5, 10], "texture": "#0"},
				"east": {"uv": [0, 14, 6, 16], "rotation": 90, "texture": "#0"},
				"south": {"uv": [1, 4, 5, 10], "texture": "#0"},
				"west": {"uv": [0, 4, 2, 10], "texture": "#0"},
				"up": {"uv": [0, 14, 4, 16], "texture": "#0"},
				"down": {"uv": [0, 14, 4, 16], "rotation": 180, "texture": "#0"}
			}
		},
		{
			"from": [6.8, 1, 0.6],
			"to": [10.8, 5, 4.6],
			"rotation": {"angle": 0, "axis": "y", "origin": [8, 8, 8]},
			"faces": {
				"north": {"uv": [12, 2, 16, 6], "texture": "#4"},
				"east": {"uv": [12, 2, 16, 6], "texture": "#4"},
				"south": {"uv": [12, 2, 16, 6], "texture": "#4"},
				"west": {"uv": [12, 2, 16, 6], "texture": "#4"},
				"up": {"uv": [12, 2, 16, 6], "texture": "#4"},
				"down": {"uv": [12, 2, 16, 6], "rotation": 270, "texture": "#4"}
			}
		},
		{
			"from": [7.8, 5, 1.6],
			"to": [9.8, 6, 3.6],
			"rotation": {"angle": 0, "axis": "y", "origin": [8, 8, 8]},
			"faces": {
				"north": {"uv": [9, 0, 11, 1], "texture": "#4"},
				"east": {"uv": [9, 0, 11, 1], "texture": "#4"},
				"south": {"uv": [9, 0, 11, 1], "texture": "#4"},
				"west": {"uv": [9, 0, 11, 1], "texture": "#4"},
				"up": {"uv": [9, 0, 11, 2], "texture": "#4"},
				"down": {"uv": [9, 0, 11, 2], "rotation": 270, "texture": "#4"}
			}
		},
		{
			"from": [0.9, 9, 8.2],
			"to": [3.9, 13, 11.2],
			"rotation": {"angle": 0, "axis": "y", "origin": [8, 8, 8]},
			"faces": {
				"north": {"uv": [7, 12, 10, 16], "texture": "#4"},
				"east": {"uv": [7, 12, 10, 16], "texture": "#4"},
				"south": {"uv": [7, 12, 10, 16], "texture": "#4"},
				"west": {"uv": [7, 12, 10, 16], "texture": "#4"},
				"up": {"uv": [7, 9, 10, 12], "rotation": 270, "texture": "#4"},
				"down": {"uv": [7, 9, 10, 12], "texture": "#4"}
			}
		},
		{
			"from": [1.4, 13, 8.7],
			"to": [3.4, 14, 10.7],
			"rotation": {"angle": 0, "axis": "y", "origin": [8, 8, 8]},
			"faces": {
				"north": {"uv": [9, 0, 11, 1], "texture": "#4"},
				"east": {"uv": [9, 0, 11, 1], "texture": "#4"},
				"south": {"uv": [9, 0, 11, 1], "texture": "#4"},
				"west": {"uv": [9, 0, 11, 1], "texture": "#4"},
				"up": {"uv": [9, 0, 11, 2], "rotation": 270, "texture": "#4"},
				"down": {"uv": [9, 0, 11, 2], "texture": "#4"}
			}
		},
		{
			"from": [0.1, 11, 13],
			"to": [4.1, 15, 15],
			"rotation": {"angle": 0, "axis": "y", "origin": [8, 8, 8]},
			"faces": {
				"north": {"uv": [1, 7, 5, 11], "texture": "#0"},
				"east": {"uv": [0, 14, 4, 16], "rotation": 90, "texture": "#0"},
				"south": {"uv": [1, 7, 5, 11], "texture": "#0"},
				"west": {"uv": [0, 7, 2, 11], "texture": "#0"},
				"up": {"uv": [0, 14, 4, 16], "texture": "#0"},
				"down": {"uv": [0, 14, 4, 16], "rotation": 180, "texture": "#0"}
			}
		},
		{
			"from": [1.1, 11, 12],
			"to": [5.1, 15, 13],
			"rotation": {"angle": 0, "axis": "y", "origin": [8, 8, 8]},
			"faces": {
				"north": {"uv": [7, 0, 11, 4], "texture": "#0"},
				"east": {"uv": [0, 14, 4, 15], "rotation": 90, "texture": "#0"},
				"south": {"uv": [7, 0, 11, 4], "texture": "#0"},
				"west": {"uv": [6, 0, 7, 4], "texture": "#0"},
				"up": {"uv": [0, 14, 4, 15], "texture": "#0"},
				"down": {"uv": [0, 14, 4, 15], "rotation": 180, "texture": "#0"}
			}
		},
		{
			"from": [1, 9, 0.5],
			"to": [3, 15, 3.5],
			"rotation": {"angle": 0, "axis": "y", "origin": [8, 8, 8]},
			"faces": {
				"north": {"uv": [6, 0, 8, 6], "texture": "#0"},
				"east": {"uv": [7, 0, 10, 6], "texture": "#0"},
				"south": {"uv": [0, 14, 6, 16], "rotation": 90, "texture": "#0"},
				"west": {"uv": [7, 0, 10, 6], "texture": "#0"},
				"up": {"uv": [0, 14, 3, 16], "rotation": 90, "texture": "#0"},
				"down": {"uv": [0, 14, 3, 16], "rotation": 90, "texture": "#0"}
			}
		},
		{
			"from": [13, 9, 12],
			"to": [15, 15, 15.5],
			"rotation": {"angle": 0, "axis": "y", "origin": [8, 8, 8]},
			"faces": {
				"north": {"uv": [0, 14, 6, 16], "rotation": 90, "texture": "#0"},
				"east": {"uv": [12, 0, 16, 6], "texture": "#0"},
				"south": {"uv": [11, 0, 13, 6], "texture": "#0"},
				"west": {"uv": [12, 0, 16, 6], "texture": "#0"},
				"up": {"uv": [0, 14, 4, 16], "rotation": 270, "texture": "#0"},
				"down": {"uv": [0, 14, 4, 16], "rotation": 270, "texture": "#0"}
			}
		},
		{
			"from": [11, 9, 11.9],
			"to": [13, 15, 15.9],
			"rotation": {"angle": 0, "axis": "y", "origin": [8, 8, 8]},
			"faces": {
				"north": {"uv": [0, 14, 6, 16], "rotation": 90, "texture": "#0"},
				"east": {"uv": [12, 8, 16, 14], "texture": "#0"},
				"south": {"uv": [11, 8, 13, 14], "texture": "#0"},
				"west": {"uv": [12, 8, 16, 14], "texture": "#0"},
				"up": {"uv": [0, 14, 4, 16], "rotation": 270, "texture": "#0"},
				"down": {"uv": [0, 14, 4, 16], "rotation": 270, "texture": "#0"}
			}
		},
		{
			"from": [3, 1, 0.3],
			"to": [5, 7, 4.3],
			"rotation": {"angle": 0, "axis": "y", "origin": [8, 8, 8]},
			"faces": {
				"north": {"uv": [6, 9, 8, 15], "texture": "#0"},
				"east": {"uv": [7, 9, 11, 15], "texture": "#0"},
				"south": {"uv": [0, 14, 6, 16], "rotation": 90, "texture": "#0"},
				"west": {"uv": [7, 9, 11, 15], "texture": "#0"},
				"up": {"uv": [0, 14, 4, 16], "rotation": 90, "texture": "#0"},
				"down": {"uv": [0, 14, 4, 16], "rotation": 90, "texture": "#0"}
			}
		},
		{
			"from": [2, 1, 0.2],
			"to": [3, 7, 4.2],
			"rotation": {"angle": 0, "axis": "y", "origin": [8, 8, 8]},
			"faces": {
				"north": {"uv": [0, 8, 1, 14], "texture": "#0"},
				"east": {"uv": [1, 8, 5, 14], "texture": "#0"},
				"south": {"uv": [0, 14, 6, 15], "rotation": 90, "texture": "#0"},
				"west": {"uv": [1, 8, 5, 14], "texture": "#0"},
				"up": {"uv": [0, 14, 4, 15], "rotation": 90, "texture": "#0"},
				"down": {"uv": [0, 14, 4, 15], "rotation": 90, "texture": "#0"}
			}
		},
		{
			"from": [1, 1, 0.7],
			"to": [2, 7, 4.7],
			"rotation": {"angle": 0, "axis": "y", "origin": [8, 8, 8]},
			"faces": {
				"north": {"uv": [11, 2, 12, 8], "texture": "#0"},
				"east": {"uv": [12, 2, 16, 8], "texture": "#0"},
				"south": {"uv": [0, 14, 6, 15], "rotation": 90, "texture": "#0"},
				"west": {"uv": [12, 2, 16, 8], "texture": "#0"},
				"up": {"uv": [0, 14, 4, 15], "rotation": 90, "texture": "#0"},
				"down": {"uv": [0, 14, 4, 15], "rotation": 90, "texture": "#0"}
			}
		},
		{
			"from": [12, 1, 8],
			"to": [15, 3, 15],
			"rotation": {"angle": 0, "axis": "z", "origin": [8, 8, 8]},
			"faces": {
				"north": {"uv": [0, 14, 3, 16], "texture": "#0"},
				"east": {"uv": [0, 7, 2, 14], "rotation": 90, "texture": "#0"},
				"south": {"uv": [0, 14, 3, 16], "texture": "#0"},
				"west": {"uv": [0, 14, 7, 16], "texture": "#0"},
				"up": {"uv": [1, 7, 4, 14], "texture": "#0"},
				"down": {"uv": [1, 7, 4, 14], "rotation": 180, "texture": "#0"}
			}
		},
		{
			"from": [0.5, 9, 12],
			"to": [6.5, 11, 15],
			"rotation": {"angle": 0, "axis": "y", "origin": [8, 8, 8]},
			"faces": {
				"north": {"uv": [0, 14, 6, 16], "texture": "#0"},
				"east": {"uv": [0, 14, 3, 16], "texture": "#0"},
				"south": {"uv": [6, 7, 8, 13], "rotation": 90, "texture": "#0"},
				"west": {"uv": [0, 14, 3, 16], "texture": "#0"},
				"up": {"uv": [7, 7, 10, 13], "rotation": 90, "texture": "#0"},
				"down": {"uv": [7, 7, 10, 13], "rotation": 90, "texture": "#0"}
			}
		},
		{
			"from": [12.2, 3, 10],
			"to": [15.2, 5, 15],
			"rotation": {"angle": 0, "axis": "z", "origin": [8, 8, 8]},
			"faces": {
				"north": {"uv": [0, 14, 3, 16], "texture": "#0"},
				"east": {"uv": [6, 3, 8, 8], "rotation": 90, "texture": "#0"},
				"south": {"uv": [0, 14, 3, 16], "texture": "#0"},
				"west": {"uv": [0, 14, 5, 16], "texture": "#0"},
				"up": {"uv": [7, 3, 10, 8], "texture": "#0"},
				"down": {"uv": [7, 3, 10, 8], "rotation": 180, "texture": "#0"}
			}
		},
		{
			"from": [5.9, 1, 11.2],
			"to": [9.9, 4, 15.2],
			"rotation": {"angle": 0, "axis": "z", "origin": [6, 7, 8]},
			"faces": {
				"north": {"uv": [12, 12, 16, 15], "texture": "#4"},
				"east": {"uv": [12, 12, 16, 15], "texture": "#4"},
				"south": {"uv": [12, 12, 16, 15], "texture": "#4"},
				"west": {"uv": [12, 12, 16, 15], "texture": "#4"},
				"up": {"uv": [12, 9, 16, 13], "rotation": 90, "texture": "#4"},
				"down": {"uv": [12, 9, 16, 13], "rotation": 90, "texture": "#4"}
			}
		},
		{
			"from": [5.9, 4, 13.2],
			"to": [9.9, 6, 13.2],
			"rotation": {"angle": 45, "axis": "y", "origin": [7.9, 5.5, 13.2]},
			"faces": {
				"north": {"uv": [12, 6, 16, 8], "texture": "#4"},
				"south": {"uv": [12, 6, 16, 8], "texture": "#4"}
			}
		},
		{
			"from": [5.9, 4, 13.2],
			"to": [9.9, 6, 13.2],
			"rotation": {"angle": -45, "axis": "y", "origin": [7.9, 5.5, 13.2]},
			"faces": {
				"north": {"uv": [12, 6, 16, 8], "texture": "#4"},
				"south": {"uv": [12, 6, 16, 8], "texture": "#4"}
			}
		},
		{
			"from": [12, 5, 11.5],
			"to": [15, 7, 15.5],
			"rotation": {"angle": 0, "axis": "z", "origin": [8, 8, 8]},
			"faces": {
				"north": {"uv": [0, 14, 3, 16], "texture": "#0"},
				"east": {"uv": [11, 0, 13, 4], "rotation": 90, "texture": "#0"},
				"south": {"uv": [0, 14, 3, 16], "texture": "#0"},
				"west": {"uv": [0, 14, 4, 16], "texture": "#0"},
				"up": {"uv": [12, 0, 15, 4], "texture": "#0"},
				"down": {"uv": [12, 0, 15, 4], "rotation": 180, "texture": "#0"}
			}
		},
		{
			"from": [12, 1, 5.3],
			"to": [14, 5, 7.3],
			"rotation": {"angle": 0, "axis": "z", "origin": [8, 8, 5]},
			"faces": {
				"north": {"uv": [0, 8, 2, 12], "texture": "#4"},
				"east": {"uv": [0, 8, 2, 12], "texture": "#4"},
				"south": {"uv": [0, 8, 2, 12], "texture": "#4"},
				"west": {"uv": [0, 8, 2, 12], "texture": "#4"},
				"up": {"uv": [0, 8, 2, 10], "rotation": 270, "texture": "#4"},
				"down": {"uv": [0, 8, 2, 10], "rotation": 270, "texture": "#4"}
			}
		},
		{
			"from": [13, 5, 5.8],
			"to": [13, 6, 6.8],
			"rotation": {"angle": -45, "axis": "y", "origin": [13, 5.5, 6.3]},
			"faces": {
				"east": {"uv": [0, 7, 1, 8], "texture": "#4"},
				"west": {"uv": [0, 7, 1, 8], "texture": "#4"}
			}
		},
		{
			"from": [13, 5, 5.8],
			"to": [13, 6, 6.8],
			"rotation": {"angle": 45, "axis": "y", "origin": [13, 5.5, 6.3]},
			"faces": {
				"east": {"uv": [0, 7, 1, 8], "texture": "#4"},
				"west": {"uv": [0, 7, 1, 8], "texture": "#4"}
			}
		},
		{
			"from": [8.7, 9, 13],
			"to": [10.7, 12, 15],
			"rotation": {"angle": 0, "axis": "z", "origin": [9.7, 10, 14]},
			"faces": {
				"north": {"uv": [0, 8, 2, 11], "texture": "#4"},
				"east": {"uv": [0, 8, 2, 11], "texture": "#4"},
				"south": {"uv": [0, 8, 2, 11], "texture": "#4"},
				"west": {"uv": [0, 8, 2, 11], "texture": "#4"},
				"up": {"uv": [0, 8, 2, 10], "texture": "#4"},
				"down": {"uv": [0, 8, 2, 10], "rotation": 180, "texture": "#4"}
			}
		},
		{
			"from": [9.2, 12, 14],
			"to": [10.2, 13, 14],
			"rotation": {"angle": -45, "axis": "y", "origin": [9.7, 12.5, 14]},
			"faces": {
				"north": {"uv": [0, 7, 1, 8], "texture": "#4"},
				"south": {"uv": [0, 7, 1, 8], "texture": "#4"}
			}
		},
		{
			"from": [9.2, 12, 14],
			"to": [10.2, 13, 14],
			"rotation": {"angle": 45, "axis": "y", "origin": [9.7, 12.5, 14]},
			"faces": {
				"north": {"uv": [0, 7, 1, 8], "texture": "#4"},
				"south": {"uv": [0, 7, 1, 8], "texture": "#4"}
			}
		}
	],
	"groups": [
		{
			"name": "group",
			"origin": [8, 8, 8],
			"color": 0,
			"children": [0, 1, 2, 3, 4, 5, 6, 7]
		},
		{
			"name": "inner",
			"origin": [8, 8, 8],
			"color": 0,
			"children": [8, 9, 10, 11, 12, 13, 14, 15, 16, 17, 18, 19, 20, 21, 22, 23, 24, 25, 26, 27, 28, 29, 30, 31, 32, 33, 34, 35, 36, 37, 38, 39, 40, 41, 42]
		}
	]
}