{
    "textures": {
        "particle": "block/brewing_stand3d",
        "stand": "block/brewing_stand3d"
    },
    "elements": [
        {   "from": [ -0.41, 0, 8 ],
            "to": [ 7.59, 16, 8 ],
            "rotation": {
                "origin": [ 8, 8, 8 ],
                "axis": "y",
                "angle": -45
            },
            "faces": {
                "north": { "uv": [ 8,  0, 16, 16 ], "texture": "#stand" },
                "south": { "uv": [ 16, 0,  8, 16 ], "texture": "#stand" }
            }
        }
    ]
}
