{
	"credit": "Made by XeKr with Blockbench",
	"parent": "block/block",
	"textures": {
		"0": "block/cartography_table3d_bottom",
		"1": "block/cartography_table3d_side",
		"2": "block/cartography_table3d_top",
		"3": "block/cartography_table3d_detail",
		"particle": "block/cartography_table3d_side"
	},
	"elements": [
		{
			"from": [0, 0, 0],
			"to": [16, 2, 16],
			"rotation": {"angle": 0, "axis": "y", "origin": [8, 8, 8]},
			"faces": {
				"north": {"uv": [0, 14, 16, 16], "texture": "#1"},
				"east": {"uv": [0, 14, 16, 16], "texture": "#1"},
				"south": {"uv": [0, 14, 16, 16], "texture": "#1"},
				"west": {"uv": [0, 14, 16, 16], "texture": "#1"},
				"up": {"uv": [0, 0, 16, 16], "texture": "#0"},
				"down": {"uv": [0, 0, 16, 16], "texture": "#0"}
			}
		},
		{
			"from": [0, 2, 0],
			"to": [4, 14, 4],
			"rotation": {"angle": 0, "axis": "y", "origin": [8, 8, 8]},
			"faces": {
				"north": {"uv": [12, 2, 16, 14], "texture": "#1"},
				"east": {"uv": [12, 2, 16, 14], "texture": "#1"},
				"south": {"uv": [0, 2, 4, 14], "texture": "#1"},
				"west": {"uv": [0, 2, 4, 14], "texture": "#1"}
			}
		},
		{
			"from": [4, 2, 4],
			"to": [12, 14, 12],
			"rotation": {"angle": 0, "axis": "y", "origin": [8, 8, 8]},
			"faces": {
				"north": {"uv": [4, 2, 12, 14], "texture": "#1"},
				"east": {"uv": [4, 2, 12, 14], "texture": "#1"},
				"south": {"uv": [4, 2, 12, 14], "texture": "#1"},
				"west": {"uv": [4, 2, 12, 14], "texture": "#1"}
			}
		},
		{
			"from": [12, 2, 0],
			"to": [16, 14, 4],
			"rotation": {"angle": 0, "axis": "y", "origin": [8, 8, 8]},
			"faces": {
				"north": {"uv": [0, 2, 4, 14], "texture": "#1"},
				"east": {"uv": [12, 2, 16, 14], "texture": "#1"},
				"south": {"uv": [12, 2, 16, 14], "texture": "#1"},
				"west": {"uv": [0, 2, 4, 14], "texture": "#1"}
			}
		},
		{
			"from": [12, 2, 12],
			"to": [16, 14, 16],
			"rotation": {"angle": 0, "axis": "y", "origin": [8, 8, 8]},
			"faces": {
				"north": {"uv": [0, 2, 4, 14], "texture": "#1"},
				"east": {"uv": [0, 2, 4, 14], "texture": "#1"},
				"south": {"uv": [12, 2, 16, 14], "texture": "#1"},
				"west": {"uv": [12, 2, 16, 14], "texture": "#1"}
			}
		},
		{
			"from": [0, 2, 12],
			"to": [4, 14, 16],
			"rotation": {"angle": 0, "axis": "y", "origin": [8, 8, 8]},
			"faces": {
				"north": {"uv": [12, 2, 16, 14], "texture": "#1"},
				"east": {"uv": [0, 2, 4, 14], "texture": "#1"},
				"south": {"uv": [0, 2, 4, 14], "texture": "#1"},
				"west": {"uv": [12, 2, 16, 14], "texture": "#1"}
			}
		},
		{
			"from": [0, 14, 0],
			"to": [16, 15, 16],
			"rotation": {"angle": 0, "axis": "y", "origin": [8, 8, 8]},
			"faces": {
				"north": {"uv": [0, 1, 16, 2], "texture": "#1"},
				"east": {"uv": [0, 1, 16, 2], "texture": "#1"},
				"south": {"uv": [0, 1, 16, 2], "texture": "#1"},
				"west": {"uv": [0, 1, 16, 2], "texture": "#1"},
				"up": {"uv": [0, 0, 16, 16], "texture": "#0"},
				"down": {"uv": [0, 0, 16, 16], "texture": "#0"}
			}
		},
		{
			"from": [2, 15.1, 4],
			"to": [12, 15.1, 10],
			"rotation": {"angle": -22.5, "axis": "y", "origin": [7, 15.1, 7]},
			"faces": {
				"up": {"uv": [1, 1, 11, 7], "texture": "#2"},
				"down": {"uv": [1, 1, 11, 7], "texture": "#2"}
			}
		},
		{
			"from": [7, 15.3, 1],
			"to": [15, 15.3, 9],
			"rotation": {"angle": 0, "axis": "y", "origin": [11, 15.3, 5]},
			"faces": {
				"up": {"uv": [1, 7, 9, 15], "texture": "#2"},
				"down": {"uv": [1, 7, 9, 15], "texture": "#2"}
			}
		},
		{
			"from": [1, 15, 0],
			"to": [16, 16, 1],
			"rotation": {"angle": 0, "axis": "y", "origin": [8, 9, 8]},
			"faces": {
				"north": {"uv": [0, 0, 15, 1], "texture": "#1"},
				"east": {"uv": [15, 0, 16, 1], "texture": "#1"},
				"south": {"uv": [1, 0, 16, 1], "texture": "#1"},
				"up": {"uv": [1, 0, 16, 1], "texture": "#2"}
			}
		},
		{
			"from": [15, 15, 1],
			"to": [16, 16, 16],
			"rotation": {"angle": 0, "axis": "y", "origin": [8, 9, 8]},
			"faces": {
				"east": {"uv": [0, 0, 15, 1], "texture": "#1"},
				"south": {"uv": [15, 0, 16, 1], "texture": "#1"},
				"west": {"uv": [1, 0, 16, 1], "texture": "#1"},
				"up": {"uv": [15, 1, 16, 16], "texture": "#2"}
			}
		},
		{
			"from": [0, 15, 15],
			"to": [15, 16, 16],
			"rotation": {"angle": 0, "axis": "y", "origin": [8, 9, 8]},
			"faces": {
				"north": {"uv": [1, 0, 16, 1], "texture": "#1"},
				"south": {"uv": [0, 0, 15, 1], "texture": "#1"},
				"west": {"uv": [15, 0, 16, 1], "texture": "#1"},
				"up": {"uv": [0, 15, 15, 16], "texture": "#2"}
			}
		},
		{
			"from": [0, 15, 0],
			"to": [1, 16, 15],
			"rotation": {"angle": 0, "axis": "y", "origin": [8, 9, 8]},
			"faces": {
				"north": {"uv": [15, 0, 16, 1], "texture": "#1"},
				"east": {"uv": [1, 0, 16, 1], "texture": "#1"},
				"west": {"uv": [0, 0, 15, 1], "texture": "#1"},
				"up": {"uv": [0, 0, 1, 15], "texture": "#2"}
			}
		},
		{
			"from": [1, 9, 1],
			"to": [15, 10, 15],
			"rotation": {"angle": 0, "axis": "y", "origin": [8, 8, 8]},
			"faces": {
				"north": {"uv": [1, 6, 15, 7], "texture": "#1"},
				"east": {"uv": [1, 6, 15, 7], "texture": "#1"},
				"south": {"uv": [1, 6, 15, 7], "texture": "#1"},
				"west": {"uv": [1, 6, 15, 7], "texture": "#1"},
				"up": {"uv": [1, 1, 15, 15], "texture": "#0"},
				"down": {"uv": [1, 1, 15, 15], "texture": "#0"}
			}
		},
		{
			"from": [0.5, 5, 8],
			"to": [7.5, 8, 11],
			"rotation": {"angle": 0, "axis": "y", "origin": [8, 8, 8]},
			"faces": {
				"north": {"uv": [4, 0, 11, 3], "texture": "#3"},
				"east": {"uv": [0, 0, 3, 3], "texture": "#3"},
				"south": {"uv": [4, 0, 11, 3], "texture": "#3"},
				"west": {"uv": [0, 0, 3, 3], "texture": "#3"},
				"up": {"uv": [4, 0, 11, 3], "rotation": 180, "texture": "#3"},
				"down": {"uv": [4, 0, 11, 3], "texture": "#3"}
			}
		},
		{
			"from": [1, 2, 4.5],
			"to": [4, 5, 11.5],
			"rotation": {"angle": 0, "axis": "y", "origin": [8, 8, 8]},
			"faces": {
				"north": {"uv": [0, 0, 3, 3], "texture": "#3"},
				"east": {"uv": [4, 0, 11, 3], "texture": "#3"},
				"south": {"uv": [0, 0, 3, 3], "texture": "#3"},
				"west": {"uv": [4, 0, 11, 3], "texture": "#3"},
				"up": {"uv": [4, 0, 11, 3], "rotation": 90, "texture": "#3"},
				"down": {"uv": [4, 0, 11, 3], "rotation": 90, "texture": "#3"}
			}
		},
		{
			"from": [5, 2, 1],
			"to": [8, 5, 8],
			"rotation": {"angle": 0, "axis": "y", "origin": [8, 8, 8]},
			"faces": {
				"north": {"uv": [0, 0, 3, 3], "texture": "#3"},
				"east": {"uv": [4, 0, 11, 3], "texture": "#3"},
				"south": {"uv": [0, 0, 3, 3], "texture": "#3"},
				"west": {"uv": [4, 0, 11, 3], "texture": "#3"},
				"up": {"uv": [4, 0, 11, 3], "rotation": 90, "texture": "#3"},
				"down": {"uv": [4, 0, 11, 3], "rotation": 90, "texture": "#3"}
			}
		},
		{
			"from": [7, 5, 1],
			"to": [10, 8, 8],
			"rotation": {"angle": 0, "axis": "y", "origin": [8, 8, 8]},
			"faces": {
				"north": {"uv": [0, 0, 3, 3], "texture": "#3"},
				"east": {"uv": [4, 0, 11, 3], "texture": "#3"},
				"south": {"uv": [0, 0, 3, 3], "texture": "#3"},
				"west": {"uv": [4, 0, 11, 3], "texture": "#3"},
				"up": {"uv": [4, 0, 11, 3], "rotation": 90, "texture": "#3"},
				"down": {"uv": [4, 0, 11, 3], "rotation": 90, "texture": "#3"}
			}
		},
		{
			"from": [8.5, 2, 1],
			"to": [11.5, 5, 8],
			"rotation": {"angle": 0, "axis": "y", "origin": [8, 8, 8]},
			"faces": {
				"north": {"uv": [0, 0, 3, 3], "texture": "#3"},
				"east": {"uv": [4, 0, 11, 3], "texture": "#3"},
				"south": {"uv": [0, 0, 3, 3], "texture": "#3"},
				"west": {"uv": [4, 0, 11, 3], "texture": "#3"},
				"up": {"uv": [4, 0, 11, 3], "rotation": 90, "texture": "#3"},
				"down": {"uv": [4, 0, 11, 3], "rotation": 90, "texture": "#3"}
			}
		},
		{
			"from": [8.5, 5, 5],
			"to": [15.5, 8, 8],
			"rotation": {"angle": 0, "axis": "y", "origin": [8, 8, 8]},
			"faces": {
				"north": {"uv": [4, 0, 11, 3], "texture": "#3"},
				"east": {"uv": [0, 0, 3, 3], "texture": "#3"},
				"south": {"uv": [4, 0, 11, 3], "texture": "#3"},
				"west": {"uv": [0, 0, 3, 3], "texture": "#3"},
				"up": {"uv": [4, 0, 11, 3], "texture": "#3"},
				"down": {"uv": [4, 0, 11, 3], "rotation": 180, "texture": "#3"}
			}
		},
		{
			"from": [12, 2, 4.5],
			"to": [15, 5, 11.5],
			"rotation": {"angle": 0, "axis": "y", "origin": [8, 8, 8]},
			"faces": {
				"north": {"uv": [0, 0, 3, 3], "texture": "#3"},
				"east": {"uv": [4, 0, 11, 3], "texture": "#3"},
				"south": {"uv": [0, 0, 3, 3], "texture": "#3"},
				"west": {"uv": [4, 0, 11, 3], "texture": "#3"},
				"up": {"uv": [4, 0, 11, 3], "rotation": 270, "texture": "#3"},
				"down": {"uv": [4, 0, 11, 3], "rotation": 270, "texture": "#3"}
			}
		},
		{
			"from": [8, 2, 8],
			"to": [11, 5, 15],
			"rotation": {"angle": 0, "axis": "y", "origin": [8, 8, 8]},
			"faces": {
				"north": {"uv": [0, 0, 3, 3], "texture": "#3"},
				"east": {"uv": [4, 0, 11, 3], "texture": "#3"},
				"south": {"uv": [0, 0, 3, 3], "texture": "#3"},
				"west": {"uv": [4, 0, 11, 3], "texture": "#3"},
				"up": {"uv": [4, 0, 11, 3], "rotation": 270, "texture": "#3"},
				"down": {"uv": [4, 0, 11, 3], "rotation": 270, "texture": "#3"}
			}
		},
		{
			"from": [6, 5, 8],
			"to": [9, 8, 15],
			"rotation": {"angle": 0, "axis": "y", "origin": [8, 8, 8]},
			"faces": {
				"north": {"uv": [0, 0, 3, 3], "texture": "#3"},
				"east": {"uv": [4, 0, 11, 3], "texture": "#3"},
				"south": {"uv": [0, 0, 3, 3], "texture": "#3"},
				"west": {"uv": [4, 0, 11, 3], "texture": "#3"},
				"up": {"uv": [4, 0, 11, 3], "rotation": 270, "texture": "#3"},
				"down": {"uv": [4, 0, 11, 3], "rotation": 270, "texture": "#3"}
			}
		},
		{
			"from": [4.5, 2, 8],
			"to": [7.5, 5, 15],
			"rotation": {"angle": 0, "axis": "y", "origin": [8, 8, 8]},
			"faces": {
				"north": {"uv": [0, 0, 3, 3], "texture": "#3"},
				"east": {"uv": [4, 0, 11, 3], "texture": "#3"},
				"south": {"uv": [0, 0, 3, 3], "texture": "#3"},
				"west": {"uv": [4, 0, 11, 3], "texture": "#3"},
				"up": {"uv": [4, 0, 11, 3], "rotation": 270, "texture": "#3"},
				"down": {"uv": [4, 0, 11, 3], "rotation": 270, "texture": "#3"}
			}
		},
		{
			"from": [2, 18, 9],
			"to": [7, 23, 14],
			"rotation": {"angle": 22.5, "axis": "x", "origin": [4.5, 20.5, 11.5]},
			"faces": {
				"north": {"uv": [11, 11, 16, 16], "texture": "#3", "cullface": "up"},
				"east": {"uv": [6, 11, 11, 16], "texture": "#3", "cullface": "up"},
				"south": {"uv": [11, 11, 16, 16], "rotation": 270, "texture": "#3", "cullface": "up"},
				"west": {"uv": [6, 11, 11, 16], "rotation": 90, "texture": "#3", "cullface": "up"},
				"up": {"uv": [11, 6, 16, 11], "rotation": 180, "texture": "#3", "cullface": "up"},
				"down": {"uv": [11, 6, 16, 11], "rotation": 90, "texture": "#3", "cullface": "up"}
			}
		},
		{
			"from": [4, 17, 11],
			"to": [5, 24, 15],
			"rotation": {"angle": 22.5, "axis": "x", "origin": [4.5, 20.5, 11.5]},
			"faces": {
				"north": {"uv": [0, 3, 1, 10], "texture": "#3", "cullface": "up"},
				"east": {"uv": [0, 3, 4, 10], "texture": "#3", "cullface": "up"},
				"south": {"uv": [0, 3, 1, 10], "texture": "#3", "cullface": "up"},
				"west": {"uv": [4, 3, 0, 10], "texture": "#3", "cullface": "up"},
				"up": {"uv": [0, 3, 4, 4], "rotation": 270, "texture": "#3", "cullface": "up"},
				"down": {"uv": [0, 3, 4, 4], "rotation": 90, "texture": "#3", "cullface": "up"}
			}
		},
		{
			"from": [1.5, 15, 8.5],
			"to": [7.5, 15.8, 14.5],
			"rotation": {"angle": 22.5, "axis": "y", "origin": [4.5, 19.5, 11.5]},
			"faces": {
				"north": {"uv": [0, 10, 1, 16], "rotation": 90, "texture": "#3", "cullface": "up"},
				"east": {"uv": [0, 15, 6, 16], "texture": "#3", "cullface": "up"},
				"south": {"uv": [0, 15, 6, 16], "texture": "#3", "cullface": "up"},
				"west": {"uv": [0, 10, 1, 16], "rotation": 270, "texture": "#3", "cullface": "up"},
				"up": {"uv": [0, 10, 6, 16], "rotation": 270, "texture": "#3", "cullface": "up"},
				"down": {"uv": [0, 10, 6, 16], "texture": "#3", "cullface": "up"}
			}
		},
		{
			"from": [3.5, 15, 10.5],
			"to": [5.5, 17, 12.5],
			"rotation": {"angle": 0, "axis": "y", "origin": [4.5, 18.5, 11.5]},
			"faces": {
				"north": {"uv": [6, 9, 8, 11], "texture": "#3", "cullface": "up"},
				"east": {"uv": [6, 9, 8, 11], "texture": "#3", "cullface": "up"},
				"south": {"uv": [6, 9, 8, 11], "texture": "#3", "cullface": "up"},
				"west": {"uv": [6, 9, 8, 11], "texture": "#3", "cullface": "up"},
				"up": {"uv": [6, 9, 8, 11], "rotation": 180, "texture": "#3", "cullface": "up"},
				"down": {"uv": [6, 9, 8, 11], "rotation": 90, "texture": "#3", "cullface": "up"}
			}
		},
		{
			"from": [9.5, 15, 10],
			"to": [13.5, 19, 14],
			"rotation": {"angle": -22.5, "axis": "y", "origin": [11.5, 19.5, 12]},
			"faces": {
				"north": {"uv": [12, 2, 16, 6], "texture": "#3", "cullface": "up"},
				"east": {"uv": [12, 2, 16, 6], "texture": "#3", "cullface": "up"},
				"south": {"uv": [12, 2, 16, 6], "texture": "#3", "cullface": "up"},
				"west": {"uv": [12, 2, 16, 6], "texture": "#3", "cullface": "up"},
				"up": {"uv": [12, 2, 16, 6], "rotation": 180, "texture": "#3", "cullface": "up"},
				"down": {"uv": [12, 2, 16, 6], "rotation": 90, "texture": "#3", "cullface": "up"}
			}
		},
		{
			"from": [10.5, 19, 11],
			"to": [12.5, 20, 13],
			"rotation": {"angle": -22.5, "axis": "y", "origin": [11.5, 19.5, 12]},
			"faces": {
				"north": {"uv": [13, 1, 15, 2], "texture": "#3", "cullface": "up"},
				"east": {"uv": [13, 1, 15, 2], "texture": "#3", "cullface": "up"},
				"south": {"uv": [13, 1, 15, 2], "texture": "#3", "cullface": "up"},
				"west": {"uv": [13, 1, 15, 2], "texture": "#3", "cullface": "up"},
				"up": {"uv": [13, 3, 15, 5], "rotation": 180, "texture": "#3", "cullface": "up"}
			}
		},
		{
			"from": [11, 19.5, 12],
			"to": [12, 23.5, 12],
			"rotation": {"angle": -22.5, "axis": "z", "origin": [11.5, 19.5, 12]},
			"faces": {
				"north": {"uv": [9, 4, 10, 8], "texture": "#3", "cullface": "up"},
				"south": {"uv": [9, 4, 10, 8], "texture": "#3", "cullface": "up"}
			}
		},
		{
			"from": [12, 21.5, 12],
			"to": [13, 24.5, 12],
			"rotation": {"angle": -22.5, "axis": "z", "origin": [11.5, 19.5, 12]},
			"faces": {
				"north": {"uv": [10, 3, 11, 6], "texture": "#3", "cullface": "up"},
				"south": {"uv": [10, 3, 11, 6], "texture": "#3", "cullface": "up"}
			}
		}
	],
	"groups": [
		0,
		1,
		2,
		3,
		4,
		5,
		6,
		7,
		8,
		9,
		10,
		11,
		12,
		13,
		{
			"name": "group",
			"origin": [8, 8, 8],
			"color": 0,
			"children": [14, 15, 16, 17, 18]
		},
		{
			"name": "group",
			"origin": [8, 8, 8],
			"color": 0,
			"children": [19, 20, 21, 22, 23]
		},
		{
			"name": "group",
			"origin": [3.5, 20.5, 11.5],
			"color": 0,
			"children": [24, 25, 26, 27]
		},
		{
			"name": "group",
			"origin": [11.5, 19.5, 11.5],
			"color": 0,
			"children": [28, 29, 30, 31]
		}
	]
}