{
	"credit": "Made by XeKr with Blockbench",
	"parent": "minecraft:block/cube",
	"textures": {
		"2": "block/crafting_table3d_bottom",
		"3": "block/crafting_table3d_detail",
		"south": "block/crafting_table3d_side",
		"particle": "block/crafting_table3d_top",
		"up": "block/crafting_table3d_top"
	},
	"elements": [
		{
			"from": [0, 0, 0],
			"to": [16, 1, 16],
			"rotation": {"angle": 0, "axis": "y", "origin": [8, 8, 8]},
			"faces": {
				"north": {"uv": [0, 15, 16, 16], "texture": "#south"},
				"east": {"uv": [0, 15, 16, 16], "texture": "#south"},
				"south": {"uv": [0, 15, 16, 16], "texture": "#south"},
				"west": {"uv": [0, 15, 16, 16], "texture": "#south"},
				"up": {"uv": [0, 0, 16, 16], "texture": "#2"},
				"down": {"uv": [0, 0, 16, 16], "texture": "#2"}
			}
		},
		{
			"from": [1, 1, 1],
			"to": [15, 2, 15],
			"rotation": {"angle": 0, "axis": "y", "origin": [8, 8, 8]},
			"faces": {
				"north": {"uv": [1, 14, 15, 15], "texture": "#south"},
				"east": {"uv": [1, 14, 15, 15], "texture": "#south"},
				"south": {"uv": [1, 14, 15, 15], "texture": "#south"},
				"west": {"uv": [1, 14, 15, 15], "texture": "#south"},
				"up": {"uv": [1, 1, 15, 15], "texture": "#2"}
			}
		},
		{
			"from": [1, 14, 1],
			"to": [15, 15, 15],
			"rotation": {"angle": 0, "axis": "y", "origin": [8, 8, 8]},
			"faces": {
				"north": {"uv": [1, 1, 15, 2], "texture": "#south"},
				"east": {"uv": [1, 1, 15, 2], "texture": "#south"},
				"south": {"uv": [1, 1, 15, 2], "texture": "#south"},
				"west": {"uv": [1, 1, 15, 2], "texture": "#south"},
				"up": {"uv": [1, 1, 15, 15], "texture": "#up"},
				"down": {"uv": [1, 1, 15, 15], "texture": "#2"}
			}
		},
		{
			"from": [2, 2, 2],
			"to": [14, 14, 14],
			"rotation": {"angle": 0, "axis": "y", "origin": [8, 8, 8]},
			"faces": {
				"north": {"uv": [2, 2, 14, 14], "texture": "#south"},
				"east": {"uv": [2, 2, 14, 14], "texture": "#south"},
				"south": {"uv": [2, 2, 14, 14], "texture": "#south"},
				"west": {"uv": [2, 2, 14, 14], "texture": "#south"}
			}
		},
		{
			"from": [14, 2, 1],
			"to": [15, 14, 2],
			"rotation": {"angle": 0, "axis": "y", "origin": [8, 8, 8]},
			"faces": {
				"north": {"uv": [1, 2, 2, 14], "texture": "#south"},
				"east": {"uv": [14, 2, 15, 14], "texture": "#south"},
				"south": {"uv": [14, 2, 15, 14], "texture": "#south"},
				"west": {"uv": [1, 2, 2, 14], "texture": "#south"}
			}
		},
		{
			"from": [15, 1, 0],
			"to": [16, 15, 1],
			"rotation": {"angle": 0, "axis": "y", "origin": [8, 8, 8]},
			"faces": {
				"north": {"uv": [0, 1, 1, 15], "texture": "#south"},
				"east": {"uv": [15, 1, 16, 15], "texture": "#south"},
				"south": {"uv": [15, 1, 16, 15], "texture": "#south"},
				"west": {"uv": [0, 1, 1, 15], "texture": "#south"}
			}
		},
		{
			"from": [1, 2, 1],
			"to": [2, 14, 2],
			"rotation": {"angle": 0, "axis": "y", "origin": [8, 8, 8]},
			"faces": {
				"north": {"uv": [14, 2, 15, 14], "texture": "#south"},
				"east": {"uv": [14, 2, 15, 14], "texture": "#south"},
				"south": {"uv": [1, 2, 2, 14], "texture": "#south"},
				"west": {"uv": [1, 2, 2, 14], "texture": "#south"}
			}
		},
		{
			"from": [0, 1, 0],
			"to": [1, 15, 1],
			"rotation": {"angle": 0, "axis": "y", "origin": [8, 8, 8]},
			"faces": {
				"north": {"uv": [15, 1, 16, 15], "texture": "#south"},
				"east": {"uv": [15, 1, 16, 15], "texture": "#south"},
				"south": {"uv": [0, 1, 1, 15], "texture": "#south"},
				"west": {"uv": [0, 1, 1, 15], "texture": "#south"}
			}
		},
		{
			"from": [1, 2, 14],
			"to": [2, 14, 15],
			"rotation": {"angle": 0, "axis": "y", "origin": [8, 8, 8]},
			"faces": {
				"north": {"uv": [14, 2, 15, 14], "texture": "#south"},
				"east": {"uv": [1, 2, 2, 14], "texture": "#south"},
				"south": {"uv": [1, 2, 2, 14], "texture": "#south"},
				"west": {"uv": [14, 2, 15, 14], "texture": "#south"}
			}
		},
		{
			"from": [0, 1, 15],
			"to": [1, 15, 16],
			"rotation": {"angle": 0, "axis": "y", "origin": [8, 8, 8]},
			"faces": {
				"north": {"uv": [15, 1, 16, 15], "texture": "#south"},
				"east": {"uv": [0, 1, 1, 15], "texture": "#south"},
				"south": {"uv": [0, 1, 1, 15], "texture": "#south"},
				"west": {"uv": [15, 1, 16, 15], "texture": "#south"}
			}
		},
		{
			"from": [14, 2, 14],
			"to": [15, 14, 15],
			"rotation": {"angle": 0, "axis": "y", "origin": [8, 8, 8]},
			"faces": {
				"north": {"uv": [1, 2, 2, 14], "texture": "#south"},
				"east": {"uv": [1, 2, 2, 14], "texture": "#south"},
				"south": {"uv": [14, 2, 15, 14], "texture": "#south"},
				"west": {"uv": [14, 2, 15, 14], "texture": "#south"}
			}
		},
		{
			"from": [15, 1, 15],
			"to": [16, 15, 16],
			"rotation": {"angle": 0, "axis": "y", "origin": [8, 8, 8]},
			"faces": {
				"north": {"uv": [0, 1, 1, 15], "texture": "#south"},
				"east": {"uv": [0, 1, 1, 15], "texture": "#south"},
				"south": {"uv": [15, 1, 16, 15], "texture": "#south"},
				"west": {"uv": [15, 1, 16, 15], "texture": "#south"}
			}
		},
		{
			"from": [7, 1, 14],
			"to": [9, 15, 14.5],
			"rotation": {"angle": 0, "axis": "y", "origin": [8, 8, 8]},
			"faces": {
				"north": {"uv": [7, 1, 9, 15], "texture": "#south"},
				"east": {"uv": [8, 1, 9, 15], "texture": "#south"},
				"south": {"uv": [7, 1, 9, 15], "texture": "#south"},
				"west": {"uv": [7, 1, 8, 15], "texture": "#south"}
			}
		},
		{
			"from": [14, 1, 7],
			"to": [14.5, 15, 9],
			"rotation": {"angle": 0, "axis": "y", "origin": [8, 8, 8]},
			"faces": {
				"north": {"uv": [8, 1, 9, 15], "texture": "#south"},
				"east": {"uv": [7, 1, 9, 15], "texture": "#south"},
				"south": {"uv": [7, 1, 8, 15], "texture": "#south"},
				"west": {"uv": [7, 1, 9, 15], "texture": "#south"}
			}
		},
		{
			"from": [7, 1, 1.5],
			"to": [9, 15, 2],
			"rotation": {"angle": 0, "axis": "y", "origin": [8, 8, 8]},
			"faces": {
				"north": {"uv": [7, 1, 9, 15], "texture": "#south"},
				"east": {"uv": [7, 1, 8, 15], "texture": "#south"},
				"south": {"uv": [7, 1, 9, 15], "texture": "#south"},
				"west": {"uv": [8, 1, 9, 15], "texture": "#south"}
			}
		},
		{
			"from": [1.5, 1, 7],
			"to": [2, 15, 9],
			"rotation": {"angle": 0, "axis": "y", "origin": [8, 8, 8]},
			"faces": {
				"north": {"uv": [7, 1, 8, 15], "texture": "#south"},
				"east": {"uv": [7, 1, 9, 15], "texture": "#south"},
				"south": {"uv": [8, 1, 9, 15], "texture": "#south"},
				"west": {"uv": [7, 1, 9, 15], "texture": "#south"}
			}
		},
		{
			"from": [0, 13, 3],
			"to": [0, 15, 13],
			"rotation": {"angle": 0, "axis": "y", "origin": [8, 8, 8]},
			"faces": {
				"east": {"uv": [3, 14, 13, 16], "texture": "#3"},
				"west": {"uv": [3, 14, 13, 16], "texture": "#3"}
			}
		},
		{
			"from": [3, 13, 0],
			"to": [13, 15, 0],
			"rotation": {"angle": 0, "axis": "y", "origin": [8, 8, 8]},
			"faces": {
				"north": {"uv": [3, 14, 13, 16], "texture": "#3"},
				"south": {"uv": [3, 14, 13, 16], "texture": "#3"}
			}
		},
		{
			"from": [16, 13, 3],
			"to": [16, 15, 13],
			"rotation": {"angle": 0, "axis": "y", "origin": [8, 8, 8]},
			"faces": {
				"east": {"uv": [3, 14, 13, 16], "texture": "#3"},
				"west": {"uv": [3, 14, 13, 16], "texture": "#3"}
			}
		},
		{
			"from": [3, 13, 16],
			"to": [13, 15, 16],
			"rotation": {"angle": 0, "axis": "y", "origin": [8, 8, 8]},
			"faces": {
				"north": {"uv": [3, 14, 13, 16], "texture": "#3"},
				"south": {"uv": [3, 14, 13, 16], "texture": "#3"}
			}
		},
		{
			"from": [10, 5, 0.5],
			"to": [13, 7, 2.5],
			"rotation": {"angle": 0, "axis": "y", "origin": [8, 8, 8]},
			"faces": {
				"north": {"uv": [0, 4, 3, 6], "texture": "#3"},
				"east": {"uv": [0, 4, 2, 6], "texture": "#3"},
				"west": {"uv": [0, 4, 2, 6], "texture": "#3"},
				"up": {"uv": [0, 4, 3, 6], "texture": "#3"},
				"down": {"uv": [0, 4, 3, 6], "texture": "#3"}
			}
		},
		{
			"from": [3.5, 3, 1],
			"to": [5.5, 12, 2],
			"rotation": {"angle": 0, "axis": "y", "origin": [8, 8, 8]},
			"faces": {
				"north": {"uv": [3, 0, 5, 9], "texture": "#3"},
				"east": {"uv": [3, 0, 4, 9], "texture": "#3"},
				"west": {"uv": [4, 0, 5, 9], "texture": "#3"},
				"up": {"uv": [3, 0, 5, 1], "texture": "#3"},
				"down": {"uv": [3, 8, 5, 9], "texture": "#3"}
			}
		},
		{
			"from": [1.5, 3.5, 10],
			"to": [2, 9.5, 13],
			"rotation": {"angle": 0, "axis": "y", "origin": [8, 8, 8]},
			"faces": {
				"north": {"uv": [8, 2, 9, 8], "texture": "#3"},
				"south": {"uv": [9, 2, 10, 8], "texture": "#3"},
				"west": {"uv": [8, 2, 11, 8], "texture": "#3"},
				"up": {"uv": [8, 2, 11, 3], "rotation": 270, "texture": "#3"},
				"down": {"uv": [8, 5, 11, 6], "rotation": 90, "texture": "#3"}
			}
		},
		{
			"from": [1, 9.5, 11],
			"to": [2, 11.5, 12],
			"rotation": {"angle": 0, "axis": "y", "origin": [8, 8, 8]},
			"faces": {
				"north": {"uv": [9, 0, 10, 2], "texture": "#3"},
				"south": {"uv": [9, 0, 10, 2], "texture": "#3"},
				"west": {"uv": [9, 0, 10, 2], "texture": "#3"},
				"up": {"uv": [9, 0, 10, 1], "rotation": 270, "texture": "#3"}
			}
		},
		{
			"from": [1.5, 5, 4],
			"to": [2, 10, 5],
			"rotation": {"angle": -22.5, "axis": "x", "origin": [1.5, 7.5, 4.5]},
			"faces": {
				"north": {"uv": [6, 0, 7, 5], "texture": "#3"},
				"south": {"uv": [6, 0, 7, 5], "texture": "#3"},
				"west": {"uv": [6, 0, 7, 5], "texture": "#3"},
				"up": {"uv": [6, 0, 7, 1], "rotation": 270, "texture": "#3"},
				"down": {"uv": [6, 4, 7, 5], "rotation": 90, "texture": "#3"}
			}
		},
		{
			"from": [1.6, 5, 4],
			"to": [2, 10, 5],
			"rotation": {"angle": 22.5, "axis": "x", "origin": [1.5, 7.5, 4.5]},
			"faces": {
				"north": {"uv": [6, 0, 7, 5], "texture": "#3"},
				"south": {"uv": [6, 0, 7, 5], "texture": "#3"},
				"west": {"uv": [6, 0, 7, 5], "texture": "#3"},
				"up": {"uv": [6, 0, 7, 1], "rotation": 270, "texture": "#3"},
				"down": {"uv": [6, 4, 7, 5], "rotation": 90, "texture": "#3"}
			}
		},
		{
			"from": [11, 7, 1],
			"to": [12, 11, 2],
			"rotation": {"angle": 0, "axis": "y", "origin": [8, 8, 8]},
			"faces": {
				"north": {"uv": [1, 0, 2, 4], "texture": "#3"},
				"east": {"uv": [1, 0, 2, 4], "texture": "#3"},
				"west": {"uv": [1, 0, 2, 4], "texture": "#3"},
				"up": {"uv": [1, 0, 2, 1], "texture": "#3"}
			}
		},
		{
			"from": [3, 5, 13.5],
			"to": [6, 7, 15.5],
			"rotation": {"angle": 0, "axis": "y", "origin": [8, 8, 8]},
			"faces": {
				"east": {"uv": [0, 4, 2, 6], "texture": "#3"},
				"south": {"uv": [0, 4, 3, 6], "texture": "#3"},
				"west": {"uv": [0, 4, 2, 6], "texture": "#3"},
				"up": {"uv": [0, 4, 3, 6], "rotation": 180, "texture": "#3"},
				"down": {"uv": [0, 4, 3, 6], "rotation": 180, "texture": "#3"}
			}
		},
		{
			"from": [10.5, 3, 14],
			"to": [12.5, 12, 15],
			"rotation": {"angle": 0, "axis": "y", "origin": [8, 8, 8]},
			"faces": {
				"east": {"uv": [4, 0, 5, 9], "texture": "#3"},
				"south": {"uv": [3, 0, 5, 9], "texture": "#3"},
				"west": {"uv": [3, 0, 4, 9], "texture": "#3"},
				"up": {"uv": [3, 0, 5, 1], "rotation": 180, "texture": "#3"},
				"down": {"uv": [3, 8, 5, 9], "rotation": 180, "texture": "#3"}
			}
		},
		{
			"from": [14, 3.5, 3],
			"to": [14.5, 9.5, 6],
			"rotation": {"angle": 0, "axis": "y", "origin": [8, 8, 8]},
			"faces": {
				"north": {"uv": [9, 2, 10, 8], "texture": "#3"},
				"east": {"uv": [8, 2, 11, 8], "texture": "#3"},
				"south": {"uv": [8, 2, 9, 8], "texture": "#3"},
				"up": {"uv": [8, 2, 11, 3], "rotation": 90, "texture": "#3"},
				"down": {"uv": [8, 5, 11, 6], "rotation": 270, "texture": "#3"}
			}
		},
		{
			"from": [14, 9.5, 4],
			"to": [15, 11.5, 5],
			"rotation": {"angle": 0, "axis": "y", "origin": [8, 8, 8]},
			"faces": {
				"north": {"uv": [9, 0, 10, 2], "texture": "#3"},
				"east": {"uv": [9, 0, 10, 2], "texture": "#3"},
				"south": {"uv": [9, 0, 10, 2], "texture": "#3"},
				"up": {"uv": [9, 0, 10, 1], "rotation": 90, "texture": "#3"}
			}
		},
		{
			"from": [14, 5, 11],
			"to": [14.5, 10, 12],
			"rotation": {"angle": 22.5, "axis": "x", "origin": [14.5, 7.5, 11.5]},
			"faces": {
				"north": {"uv": [6, 0, 7, 5], "texture": "#3"},
				"east": {"uv": [6, 0, 7, 5], "texture": "#3"},
				"south": {"uv": [6, 0, 7, 5], "texture": "#3"},
				"up": {"uv": [6, 0, 7, 1], "rotation": 90, "texture": "#3"},
				"down": {"uv": [6, 4, 7, 5], "rotation": 270, "texture": "#3"}
			}
		},
		{
			"from": [14, 5, 11],
			"to": [14.4, 10, 12],
			"rotation": {"angle": -22.5, "axis": "x", "origin": [14.5, 7.5, 11.5]},
			"faces": {
				"north": {"uv": [6, 0, 7, 5], "texture": "#3"},
				"east": {"uv": [6, 0, 7, 5], "texture": "#3"},
				"south": {"uv": [6, 0, 7, 5], "texture": "#3"},
				"up": {"uv": [6, 0, 7, 1], "rotation": 90, "texture": "#3"},
				"down": {"uv": [6, 4, 7, 5], "rotation": 270, "texture": "#3"}
			}
		},
		{
			"from": [4, 7, 14],
			"to": [5, 11, 15],
			"rotation": {"angle": 0, "axis": "y", "origin": [8, 8, 8]},
			"faces": {
				"east": {"uv": [1, 0, 2, 4], "texture": "#3"},
				"south": {"uv": [1, 0, 2, 4], "texture": "#3"},
				"west": {"uv": [1, 0, 2, 4], "texture": "#3"},
				"up": {"uv": [1, 0, 2, 1], "rotation": 180, "texture": "#3"}
			}
		},
		{
			"from": [0, 15, 15],
			"to": [15, 16, 16],
			"rotation": {"angle": 0, "axis": "y", "origin": [8, 8, 8]},
			"faces": {
				"north": {"uv": [1, 0, 16, 1], "texture": "#south"},
				"south": {"uv": [0, 0, 15, 1], "texture": "#south"},
				"west": {"uv": [15, 0, 16, 1], "texture": "#south"},
				"up": {"uv": [0, 15, 15, 16], "texture": "#up"},
				"down": {"uv": [0, 0, 15, 1], "texture": "#2"}
			}
		},
		{
			"from": [1, 15, 0],
			"to": [16, 16, 1],
			"rotation": {"angle": 0, "axis": "y", "origin": [8, 8, 8]},
			"faces": {
				"north": {"uv": [0, 0, 15, 1], "texture": "#south"},
				"east": {"uv": [15, 0, 16, 1], "texture": "#south"},
				"south": {"uv": [1, 0, 16, 1], "texture": "#south"},
				"up": {"uv": [1, 0, 16, 1], "texture": "#up"},
				"down": {"uv": [0, 0, 15, 1], "rotation": 180, "texture": "#2"}
			}
		},
		{
			"from": [0, 15, 0],
			"to": [1, 16, 15],
			"rotation": {"angle": 0, "axis": "y", "origin": [8, 8, 8]},
			"faces": {
				"north": {"uv": [15, 0, 16, 1], "texture": "#south"},
				"east": {"uv": [1, 0, 16, 1], "texture": "#south"},
				"west": {"uv": [0, 0, 15, 1], "texture": "#south"},
				"up": {"uv": [0, 0, 1, 15], "texture": "#up"},
				"down": {"uv": [0, 0, 15, 1], "rotation": 270, "texture": "#2"}
			}
		},
		{
			"from": [15, 15, 1],
			"to": [16, 16, 16],
			"rotation": {"angle": 0, "axis": "y", "origin": [8, 8, 8]},
			"faces": {
				"east": {"uv": [0, 0, 15, 1], "texture": "#south"},
				"south": {"uv": [15, 0, 16, 1], "texture": "#south"},
				"west": {"uv": [1, 0, 16, 1], "texture": "#south"},
				"up": {"uv": [15, 1, 16, 16], "texture": "#up"},
				"down": {"uv": [0, 0, 15, 1], "rotation": 90, "texture": "#2"}
			}
		},
		{
			"from": [12, 15, 4],
			"to": [13, 15.5, 13],
			"rotation": {"angle": 0, "axis": "y", "origin": [8, 8, 8]},
			"faces": {
				"east": {"uv": [12, 4, 13, 13], "texture": "#up"},
				"south": {"uv": [12, 12, 13, 13], "texture": "#up"},
				"west": {"uv": [12, 4, 13, 13], "texture": "#up"},
				"up": {"uv": [12, 4, 13, 13], "texture": "#up"},
				"down": {"uv": [12, 3, 13, 12], "rotation": 90, "texture": "#2"}
			}
		},
		{
			"from": [3, 15, 12],
			"to": [12, 15.5, 13],
			"rotation": {"angle": 0, "axis": "y", "origin": [8, 8, 8]},
			"faces": {
				"north": {"uv": [12, 12, 3, 13], "texture": "#up"},
				"south": {"uv": [3, 12, 12, 13], "texture": "#up"},
				"west": {"uv": [12, 12, 13, 13], "texture": "#up"},
				"up": {"uv": [3, 12, 12, 13], "texture": "#up"},
				"down": {"uv": [12, 3, 13, 12], "texture": "#2"}
			}
		},
		{
			"from": [3, 15, 3],
			"to": [4, 15.5, 12],
			"rotation": {"angle": 0, "axis": "y", "origin": [8, 8, 8]},
			"faces": {
				"north": {"uv": [12, 12, 13, 13], "texture": "#up"},
				"east": {"uv": [3, 3, 4, 12], "rotation": 90, "texture": "#up"},
				"west": {"uv": [3, 12, 4, 3], "rotation": 90, "texture": "#up"},
				"up": {"uv": [3, 3, 4, 12], "texture": "#up"},
				"down": {"uv": [12, 3, 13, 12], "rotation": 270, "texture": "#2"}
			}
		},
		{
			"from": [4, 15, 3],
			"to": [13, 15.5, 4],
			"rotation": {"angle": 0, "axis": "y", "origin": [8, 8, 8]},
			"faces": {
				"north": {"uv": [13, 3, 4, 4], "texture": "#up"},
				"east": {"uv": [12, 12, 13, 13], "texture": "#up"},
				"south": {"uv": [4, 3, 13, 4], "texture": "#up"},
				"up": {"uv": [4, 3, 13, 4], "texture": "#up"},
				"down": {"uv": [12, 3, 13, 12], "rotation": 180, "texture": "#2"}
			}
		},
		{
			"from": [3, 16, 12.5],
			"to": [13, 16, 15],
			"rotation": {"angle": -22.5, "axis": "x", "origin": [8, 16, 15]},
			"faces": {
				"up": {"uv": [14, 0, 16, 10], "rotation": 90, "texture": "#3"}
			}
		},
		{
			"from": [1, 16, 3],
			"to": [3.5, 16, 13],
			"rotation": {"angle": -22.5, "axis": "z", "origin": [1, 16, 8]},
			"faces": {
				"up": {"uv": [14, 0, 16, 10], "rotation": 180, "texture": "#3"}
			}
		},
		{
			"from": [3, 16, 1],
			"to": [13, 16, 3.5],
			"rotation": {"angle": 22.5, "axis": "x", "origin": [8, 16, 1]},
			"faces": {
				"up": {"uv": [14, 0, 16, 10], "rotation": 270, "texture": "#3"}
			}
		},
		{
			"from": [12.5, 16, 3],
			"to": [15, 16, 13],
			"rotation": {"angle": 22.5, "axis": "z", "origin": [15, 16, 8]},
			"faces": {
				"up": {"uv": [14, 0, 16, 10], "texture": "#3"}
			}
		}
	],
	"groups": [
		0,
		1,
		2,
		3,
		{
			"name": "group",
			"origin": [8, 8, 8],
			"color": 0,
			"children": [4, 5, 6, 7, 8, 9, 10, 11, 12, 13, 14, 15]
		},
		{
			"name": "group",
			"origin": [8, 8, 8],
			"color": 0,
			"children": [16, 17, 18, 19]
		},
		{
			"name": "group",
			"origin": [8, 8, 8],
			"color": 0,
			"children": [20, 21, 22, 23, 24, 25, 26]
		},
		{
			"name": "group",
			"origin": [8, 8, 8],
			"color": 0,
			"children": [27, 28, 29, 30, 31, 32, 33]
		},
		{
			"name": "group",
			"origin": [8, 8, 8],
			"color": 0,
			"children": [34, 35, 36, 37, 38, 39, 40, 41, 42, 43, 44, 45]
		}
	]
}