{
	"credit": "Made by XeKr with Blockbench",
	"textures": {
		"side": "block/crimson_door3d_side",
		"particle": "block/crimson_door3d_bottom_flip",
		"front": "block/crimson_door3d_bottom_flip",
		"back": "block/crimson_door3d_bottom"
	},
	"elements": [
		{
			"from": [0, 0, 0],
			"to": [3, 16, 16],
			"faces": {
				"north": {"uv": [3, 0, 6, 16], "texture": "#side", "cullface": "north"},
				"east": {"uv": [0, 0, 16, 16], "texture": "#back"},
				"south": {"uv": [9, 0, 12, 16], "texture": "#side", "cullface": "south"},
				"west": {"uv": [16, 0, 0, 16], "texture": "#front", "cullface": "west"},
				"down": {"uv": [0, 0, 3, 16], "rotation": 180, "texture": "#side", "cullface": "down"}
			}
		},
		{
			"from": [3.01, 16.01, 4.01],
			"to": [-0.01, 14.99, 1.99],
			"faces": {
				"north": {"uv": [0, 2, 3, 3], "texture": "#side"},
				"south": {"uv": [0, 2, 3, 3], "texture": "#side"},
				"up": {"uv": [0, 2, 3, 4], "texture": "#side"},
				"down": {"uv": [0, 2, 3, 4], "texture": "#side"}
			}
		}
	]
}