{
	"credit": "Made by XeKr with Blockbench",
	"textures": {
		"particle": "block/crimson_trapdoor3d_flip",
		"texture": "block/crimson_trapdoor3d_flip",
		"side": "block/crimson_door3d_side",
		"inner": "block/crimson_trapdoor3d_inner"
	},
	"elements": [
		{
			"from": [0, 13, 0],
			"to": [16, 16, 16],
			"faces": {
				"north": {"uv": [0, 16, 3, 0], "rotation": 90, "texture": "#side", "cullface": "north"},
				"east": {"uv": [3, 16, 6, 0], "rotation": 90, "texture": "#side", "cullface": "east"},
				"south": {"uv": [0, 0, 3, 16], "rotation": 90, "texture": "#side", "cullface": "south"},
				"west": {"uv": [3, 0, 6, 16], "rotation": 90, "texture": "#side", "cullface": "west"},
				"up": {"uv": [0, 16, 16, 0], "texture": "#texture"},
				"down": {"uv": [0, 0, 16, 16], "texture": "#texture", "cullface": "down"}
			}
		},
		{
			"from": [14.01, 16.01, 5.01],
			"to": [1.99, 12.99, 1.99],
			"faces": {
				"north": {"uv": [3, 0, 0, 12], "rotation": 90, "texture": "#side"},
				"east": {"uv": [3, 0, 0, 3], "rotation": 90, "texture": "#side"},
				"south": {"uv": [3, 0, 0, 12], "rotation": 90, "texture": "#side"},
				"west": {"uv": [3, 0, 0, 3], "rotation": 90, "texture": "#side"}
			}
		},
		{
			"from": [14.01, 16.01, 14.01],
			"to": [1.99, 12.99, 10.99],
			"faces": {
				"north": {"uv": [3, 0, 0, 12], "rotation": 90, "texture": "#side"},
				"east": {"uv": [3, 0, 0, 3], "rotation": 90, "texture": "#side"},
				"south": {"uv": [3, 0, 0, 12], "rotation": 90, "texture": "#side"},
				"west": {"uv": [3, 0, 0, 3], "rotation": 90, "texture": "#side"}
			}
		},
		{
			"from": [14.01, 16.01, 10.01],
			"to": [1.99, 12.99, 5.99],
			"faces": {
				"north": {"uv": [3, 0, 0, 12], "rotation": 90, "texture": "#side"},
				"east": {"uv": [3, 0, 0, 4], "rotation": 90, "texture": "#side"},
				"south": {"uv": [3, 0, 0, 12], "rotation": 90, "texture": "#side"},
				"west": {"uv": [3, 0, 0, 4], "rotation": 90, "texture": "#side"}
			}
		},
		{
			"from": [1.99, 13.99, 1.99],
			"to": [14.01, 15.01, 14.01],
			"faces": {
				"up": {"uv": [2, 14, 14, 2], "rotation": 180, "texture": "#inner"},
				"down": {"uv": [2, 2, 14, 14], "rotation": 180, "texture": "#inner"}
			}
		}
	]
}