{
	"credit": "Made by XeKr with Blockbench",
	"textures": {
		"particle": "block/dark_oak_door3d_top",
		"front": "block/dark_oak_door3d_top",
		"side": "block/dark_oak_door3d_side",
		"back": "block/dark_oak_door3d_top_flip",
		"inner": "block/dark_oak_door3d_top_inner"
	},
	"elements": [
		{
			"from": [0, 0, 0],
			"to": [3, 16, 16],
			"faces": {
				"north": {"uv": [6, 0, 9, 16], "texture": "#side", "cullface": "north"},
				"east": {"uv": [16, 0, 0, 16], "texture": "#back"},
				"south": {"uv": [3, 0, 6, 16], "texture": "#side", "cullface": "south"},
				"west": {"uv": [0, 0, 16, 16], "texture": "#front", "cullface": "west"},
				"up": {"uv": [0, 0, 3, 16], "rotation": 180, "texture": "#side", "cullface": "up"}
			}
		},
		{
			"from": [3.01, 13.01, 6.01],
			"to": [-0.01, 1.99, 2.99],
			"faces": {
				"north": {"uv": [3, 2, 6, 13], "texture": "#side"},
				"south": {"uv": [3, 2, 6, 13], "texture": "#side"},
				"up": {"uv": [0, 2, 3, 5], "texture": "#side"},
				"down": {"uv": [0, 2, 3, 5], "texture": "#side"}
			}
		},
		{
			"from": [3.01, 13.01, 13.01],
			"to": [-0.01, 1.99, 9.99],
			"faces": {
				"north": {"uv": [3, 2, 6, 13], "texture": "#side"},
				"south": {"uv": [3, 2, 6, 13], "texture": "#side"},
				"up": {"uv": [0, 2, 3, 5], "texture": "#side"},
				"down": {"uv": [0, 2, 3, 5], "texture": "#side"}
			}
		},
		{
			"from": [0.99, 1.99, 2.99],
			"to": [2.01, 13.01, 13.01],
			"faces": {
				"east": {"uv": [3, 3, 13, 14], "texture": "#inner"},
				"west": {"uv": [3, 3, 13, 14], "texture": "#inner"}
			}
		}
	]
}