{
	"credit": "Made by XeKr with Blockbench",
	"parent": "block/block",
	"textures": {
		"particle": "block/enchanting_table3d_bottom",
		"bottom": "block/enchanting_table3d_bottom",
		"top": "block/enchanting_table3d_top",
		"side": "block/enchanting_table3d_side",
		"detail": "block/enchanting_table3d_detail",
		"top2": "block/enchanting_table3d_top2",
		"bottom2": "block/enchanting_table3d_bottom2",
		"side2": "block/enchanting_table3d_side2"
	},
	"elements": [
		{
			"from": [0, 0, 0],
			"to": [16, 3, 16],
			"faces": {
				"north": {"uv": [0, 13, 16, 16], "texture": "#side", "cullface": "north"},
				"east": {"uv": [0, 13, 16, 16], "texture": "#side", "cullface": "east"},
				"south": {"uv": [0, 13, 16, 16], "texture": "#side", "cullface": "south"},
				"west": {"uv": [0, 13, 16, 16], "texture": "#side", "cullface": "west"},
				"up": {"uv": [0, 0, 16, 16], "texture": "#bottom"},
				"down": {"uv": [0, 0, 16, 16], "texture": "#bottom", "cullface": "down"}
			}
		},
		{
			"from": [2, 3, 2],
			"to": [14, 8, 14],
			"faces": {
				"north": {"uv": [2, 8, 14, 13], "texture": "#side"},
				"east": {"uv": [2, 8, 14, 13], "texture": "#side"},
				"south": {"uv": [2, 8, 14, 13], "texture": "#side"},
				"west": {"uv": [2, 8, 14, 13], "texture": "#side"}
			}
		},
		{
			"from": [0, 8, 0],
			"to": [16, 12, 16],
			"faces": {
				"north": {"uv": [0, 4, 16, 8], "texture": "#side", "cullface": "north"},
				"east": {"uv": [0, 4, 16, 8], "texture": "#side", "cullface": "east"},
				"south": {"uv": [0, 4, 16, 8], "texture": "#side", "cullface": "south"},
				"west": {"uv": [0, 4, 16, 8], "texture": "#side", "cullface": "west"},
				"up": {"uv": [0, 0, 16, 16], "texture": "#top"},
				"down": {"uv": [0, 0, 16, 16], "texture": "#top2"}
			}
		},
		{
			"from": [9, 5, 0],
			"to": [12, 8, 0.1],
			"rotation": {"angle": 0, "axis": "y", "origin": [8, 8, 8]},
			"faces": {
				"north": {"uv": [6, 0, 9, 3], "texture": "#detail"},
				"south": {"uv": [6, 0, 9, 3], "texture": "#detail"}
			}
		},
		{
			"from": [4, 5, 0],
			"to": [7, 8, 0.1],
			"rotation": {"angle": 0, "axis": "y", "origin": [8, 8, 8]},
			"faces": {
				"north": {"uv": [6, 0, 9, 3], "texture": "#detail"},
				"south": {"uv": [6, 0, 9, 3], "texture": "#detail"}
			}
		},
		{
			"from": [15.9, 5, 4],
			"to": [16, 8, 7],
			"rotation": {"angle": 0, "axis": "y", "origin": [8, 8, 8]},
			"faces": {
				"east": {"uv": [6, 0, 9, 3], "texture": "#detail"},
				"west": {"uv": [6, 0, 9, 3], "texture": "#detail"}
			}
		},
		{
			"from": [15.9, 5, 9],
			"to": [16, 8, 12],
			"rotation": {"angle": 0, "axis": "y", "origin": [8, 8, 8]},
			"faces": {
				"east": {"uv": [6, 0, 9, 3], "texture": "#detail"},
				"west": {"uv": [6, 0, 9, 3], "texture": "#detail"}
			}
		},
		{
			"from": [4, 5, 15.9],
			"to": [7, 8, 16],
			"rotation": {"angle": 0, "axis": "y", "origin": [8, 8, 8]},
			"faces": {
				"north": {"uv": [6, 0, 9, 3], "texture": "#detail"},
				"south": {"uv": [6, 0, 9, 3], "texture": "#detail"}
			}
		},
		{
			"from": [9, 5, 15.9],
			"to": [12, 8, 16],
			"rotation": {"angle": 0, "axis": "y", "origin": [8, 8, 8]},
			"faces": {
				"north": {"uv": [6, 0, 9, 3], "texture": "#detail"},
				"south": {"uv": [6, 0, 9, 3], "texture": "#detail"}
			}
		},
		{
			"from": [0, 5, 9],
			"to": [0.1, 8, 12],
			"rotation": {"angle": 0, "axis": "y", "origin": [8, 8, 8]},
			"faces": {
				"east": {"uv": [6, 0, 9, 3], "texture": "#detail"},
				"west": {"uv": [6, 0, 9, 3], "texture": "#detail"}
			}
		},
		{
			"from": [0, 5, 4],
			"to": [0.1, 8, 7],
			"rotation": {"angle": 0, "axis": "y", "origin": [8, 8, 8]},
			"faces": {
				"east": {"uv": [6, 0, 9, 3], "texture": "#detail"},
				"west": {"uv": [6, 0, 9, 3], "texture": "#detail"}
			}
		},
		{
			"from": [2, -1, 2],
			"to": [14, 0, 14],
			"faces": {
				"north": {"uv": [2, 0, 14, 1], "texture": "#side2", "cullface": "down"},
				"east": {"uv": [2, 0, 14, 1], "texture": "#side2", "cullface": "down"},
				"south": {"uv": [2, 0, 14, 1], "texture": "#side2", "cullface": "down"},
				"west": {"uv": [2, 0, 14, 1], "texture": "#side2", "cullface": "down"},
				"down": {"uv": [2, 2, 14, 14], "texture": "#bottom2", "cullface": "down"}
			}
		},
		{
			"from": [3, -2, 3],
			"to": [13, -1, 13],
			"faces": {
				"north": {"uv": [3, 1, 13, 2], "texture": "#side2", "cullface": "down"},
				"east": {"uv": [3, 1, 13, 2], "texture": "#side2", "cullface": "down"},
				"south": {"uv": [3, 1, 13, 2], "texture": "#side2", "cullface": "down"},
				"west": {"uv": [3, 1, 13, 2], "texture": "#side2", "cullface": "down"},
				"down": {"uv": [3, 3, 13, 13], "texture": "#bottom2", "cullface": "down"}
			}
		},
		{
			"from": [4, -5, 4],
			"to": [12, -2, 12],
			"faces": {
				"north": {"uv": [4, 2, 12, 5], "texture": "#side2", "cullface": "down"},
				"east": {"uv": [4, 2, 12, 5], "texture": "#side2", "cullface": "down"},
				"south": {"uv": [4, 2, 12, 5], "texture": "#side2", "cullface": "down"},
				"west": {"uv": [4, 2, 12, 5], "texture": "#side2", "cullface": "down"}
			}
		},
		{
			"from": [3, -4, 3],
			"to": [13, -3, 13],
			"faces": {
				"north": {"uv": [3, 1, 13, 2], "texture": "#side2", "cullface": "down"},
				"east": {"uv": [3, 1, 13, 2], "texture": "#side2", "cullface": "down"},
				"south": {"uv": [3, 1, 13, 2], "texture": "#side2", "cullface": "down"},
				"west": {"uv": [3, 1, 13, 2], "texture": "#side2", "cullface": "down"},
				"up": {"uv": [3, 3, 13, 13], "texture": "#bottom2", "cullface": "down"},
				"down": {"uv": [3, 3, 13, 13], "texture": "#bottom2", "cullface": "down"}
			}
		},
		{
			"from": [-1, -8.1, -1],
			"to": [6, -7, 6],
			"rotation": {"angle": 0, "axis": "y", "origin": [8, 8, 8]},
			"faces": {
				"north": {"uv": [6, 1, 13, 2], "texture": "#side2", "cullface": "down"},
				"east": {"uv": [6, 1, 13, 2], "texture": "#side2", "cullface": "down"},
				"south": {"uv": [3, 1, 10, 2], "texture": "#side2", "cullface": "down"},
				"west": {"uv": [3, 1, 10, 2], "texture": "#side2", "cullface": "down"},
				"up": {"uv": [3, 3, 10, 10], "texture": "#bottom2", "cullface": "down"},
				"down": {"uv": [3, 3, 10, 10], "rotation": 270, "texture": "#bottom2", "cullface": "down"}
			}
		},
		{
			"from": [10, -8.1, -1],
			"to": [17, -7, 6],
			"rotation": {"angle": 0, "axis": "y", "origin": [8, 8, 8]},
			"faces": {
				"north": {"uv": [3, 1, 10, 2], "texture": "#side2", "cullface": "down"},
				"east": {"uv": [6, 1, 13, 2], "texture": "#side2", "cullface": "down"},
				"south": {"uv": [6, 1, 13, 2], "texture": "#side2", "cullface": "down"},
				"west": {"uv": [3, 1, 10, 2], "texture": "#side2", "cullface": "down"},
				"up": {"uv": [3, 3, 10, 10], "rotation": 90, "texture": "#bottom2", "cullface": "down"},
				"down": {"uv": [3, 3, 10, 10], "rotation": 180, "texture": "#bottom2", "cullface": "down"}
			}
		},
		{
			"from": [10, -8.1, 10],
			"to": [17, -7, 17],
			"rotation": {"angle": 0, "axis": "y", "origin": [8, 8, 8]},
			"faces": {
				"north": {"uv": [3, 1, 10, 2], "texture": "#side2", "cullface": "down"},
				"east": {"uv": [3, 1, 10, 2], "texture": "#side2", "cullface": "down"},
				"south": {"uv": [6, 1, 13, 2], "texture": "#side2", "cullface": "down"},
				"west": {"uv": [6, 1, 13, 2], "texture": "#side2", "cullface": "down"},
				"up": {"uv": [3, 3, 10, 10], "rotation": 180, "texture": "#bottom2", "cullface": "down"},
				"down": {"uv": [3, 3, 10, 10], "rotation": 90, "texture": "#bottom2", "cullface": "down"}
			}
		},
		{
			"from": [-1, -8.1, 10],
			"to": [6, -7, 17],
			"rotation": {"angle": 0, "axis": "y", "origin": [8, 8, 8]},
			"faces": {
				"north": {"uv": [6, 1, 13, 2], "texture": "#side2", "cullface": "down"},
				"east": {"uv": [3, 1, 10, 2], "texture": "#side2", "cullface": "down"},
				"south": {"uv": [3, 1, 10, 2], "texture": "#side2", "cullface": "down"},
				"west": {"uv": [6, 1, 13, 2], "texture": "#side2", "cullface": "down"},
				"up": {"uv": [3, 3, 10, 10], "rotation": 270, "texture": "#bottom2", "cullface": "down"},
				"down": {"uv": [3, 3, 10, 10], "texture": "#bottom2", "cullface": "down"}
			}
		},
		{
			"from": [3, -6, 3],
			"to": [13, -5, 13],
			"faces": {
				"north": {"uv": [3, 1, 13, 2], "texture": "#side2", "cullface": "down"},
				"east": {"uv": [3, 1, 13, 2], "texture": "#side2", "cullface": "down"},
				"south": {"uv": [3, 1, 13, 2], "texture": "#side2", "cullface": "down"},
				"west": {"uv": [3, 1, 13, 2], "texture": "#side2", "cullface": "down"},
				"up": {"uv": [3, 3, 13, 13], "texture": "#bottom2", "cullface": "down"}
			}
		},
		{
			"from": [2, -8, 2],
			"to": [14, -6, 14],
			"faces": {
				"north": {"uv": [2, 6, 14, 8], "texture": "#side2", "cullface": "down"},
				"east": {"uv": [2, 6, 14, 8], "texture": "#side2", "cullface": "down"},
				"south": {"uv": [2, 6, 14, 8], "texture": "#side2", "cullface": "down"},
				"west": {"uv": [2, 6, 14, 8], "texture": "#side2", "cullface": "down"},
				"up": {"uv": [2, 2, 14, 14], "texture": "#bottom2", "cullface": "down"},
				"down": {"uv": [2, 2, 14, 14], "texture": "#bottom2", "cullface": "down"}
			}
		},
		{
			"from": [5, -0.1, -6],
			"to": [11, 2, 0],
			"rotation": {"angle": 45, "axis": "y", "origin": [8, 8, 8]},
			"faces": {
				"north": {"uv": [0, 0, 6, 2.1], "texture": "#detail"},
				"east": {"uv": [0, 0, 6, 2.1], "texture": "#detail"},
				"south": {"uv": [0, 0, 6, 2.1], "texture": "#detail"},
				"west": {"uv": [0, 0, 6, 2.1], "texture": "#detail"},
				"up": {"uv": [0, 0, 6, 6], "rotation": 90, "texture": "#detail"},
				"down": {"uv": [0, 0, 6, 6], "rotation": 270, "texture": "#detail"}
			}
		},
		{
			"from": [6, -1.1, -5],
			"to": [10, 3.1, -1],
			"rotation": {"angle": 45, "axis": "y", "origin": [8, 8, 8]},
			"faces": {
				"north": {"uv": [0, 0, 4, 4.2], "texture": "#detail"},
				"east": {"uv": [0, 0, 4, 4.2], "texture": "#detail"},
				"south": {"uv": [0, 0, 4, 4.2], "texture": "#detail"},
				"west": {"uv": [0, 0, 4, 4.2], "texture": "#detail"},
				"up": {"uv": [0, 0, 4, 4], "rotation": 90, "texture": "#detail"},
				"down": {"uv": [0, 0, 4, 4], "rotation": 270, "texture": "#detail"}
			}
		},
		{
			"from": [6, 10.1, -4.6],
			"to": [10, 13.1, -0.6],
			"rotation": {"angle": 45, "axis": "y", "origin": [8, 8, 8]},
			"faces": {
				"north": {"uv": [0, 0, 4, 3.2], "texture": "#detail"},
				"east": {"uv": [6, 3, 10, 6], "texture": "#detail"},
				"south": {"uv": [0, 0, 4, 3.2], "texture": "#detail"},
				"west": {"uv": [10, 3, 6, 6], "texture": "#detail"},
				"up": {"uv": [0, 0, 4, 4], "rotation": 180, "texture": "#detail"},
				"down": {"uv": [0, 0, 4, 4], "rotation": 180, "texture": "#detail"}
			}
		},
		{
			"from": [6.1, 12.1, -4.5],
			"to": [9.9, 15.1, -0.7],
			"rotation": {"angle": 45, "axis": "y", "origin": [8, 8, 8]},
			"faces": {
				"north": {"uv": [4, 0, 0, 3], "texture": "#detail"},
				"east": {"uv": [4, 0, 0, 3], "texture": "#detail"},
				"south": {"uv": [4, 0, 0, 3], "texture": "#detail"},
				"west": {"uv": [4, 0, 0, 3], "texture": "#detail"},
				"up": {"uv": [4, 0, 0, 4], "texture": "#detail"}
			}
		},
		{
			"from": [-1.5, 12.9, -1.5],
			"to": [2.5, 16.9, 2.5],
			"rotation": {"angle": 0, "axis": "y", "origin": [8, 8, 8]},
			"faces": {
				"north": {"uv": [12, 0, 16, 4], "texture": "#detail"},
				"east": {"uv": [12, 4, 16, 8], "texture": "#detail"},
				"south": {"uv": [16, 4, 12, 8], "texture": "#detail"},
				"west": {"uv": [12, 0, 16, 4], "rotation": 270, "texture": "#detail"},
				"up": {"uv": [12, 0, 16, 4], "rotation": 270, "texture": "#detail"},
				"down": {"uv": [12, 4, 16, 8], "rotation": 180, "texture": "#detail"}
			}
		},
		{
			"from": [7, -0.9, -4],
			"to": [9, 13, 0],
			"rotation": {"angle": 45, "axis": "y", "origin": [8, 8, 8]},
			"faces": {
				"north": {"uv": [0, 0, 2, 13.9], "texture": "#detail"},
				"east": {"uv": [0, 0, 4, 13.9], "texture": "#detail"},
				"south": {"uv": [0, 0, 2, 13.9], "texture": "#detail"},
				"west": {"uv": [0, 0, 4, 13.9], "texture": "#detail"},
				"up": {"uv": [0, 0, 4, 2], "rotation": 90, "texture": "#detail"},
				"down": {"uv": [0, 0, 4, 2], "rotation": 270, "texture": "#detail"}
			}
		},
		{
			"from": [16, -0.1, 5],
			"to": [22, 2, 11],
			"rotation": {"angle": 45, "axis": "y", "origin": [8, 8, 8]},
			"faces": {
				"north": {"uv": [0, 0, 6, 2.1], "texture": "#detail"},
				"east": {"uv": [0, 0, 6, 2.1], "texture": "#detail"},
				"south": {"uv": [0, 0, 6, 2.1], "texture": "#detail"},
				"west": {"uv": [0, 0, 6, 2.1], "texture": "#detail"},
				"up": {"uv": [0, 0, 6, 6], "rotation": 180, "texture": "#detail"},
				"down": {"uv": [0, 0, 6, 6], "rotation": 180, "texture": "#detail"}
			}
		},
		{
			"from": [17, -1.1, 6],
			"to": [21, 3.1, 10],
			"rotation": {"angle": 45, "axis": "y", "origin": [8, 8, 8]},
			"faces": {
				"north": {"uv": [0, 0, 4, 4.2], "texture": "#detail"},
				"east": {"uv": [0, 0, 4, 4.2], "texture": "#detail"},
				"south": {"uv": [0, 0, 4, 4.2], "texture": "#detail"},
				"west": {"uv": [0, 0, 4, 4.2], "texture": "#detail"},
				"up": {"uv": [0, 0, 4, 4], "rotation": 180, "texture": "#detail"},
				"down": {"uv": [0, 0, 4, 4], "rotation": 180, "texture": "#detail"}
			}
		},
		{
			"from": [16.6, 10.1, 6],
			"to": [20.6, 13.1, 10],
			"rotation": {"angle": 45, "axis": "y", "origin": [8, 8, 8]},
			"faces": {
				"north": {"uv": [10, 3, 6, 6], "texture": "#detail"},
				"east": {"uv": [0, 0, 4, 3.2], "texture": "#detail"},
				"south": {"uv": [6, 3, 10, 6], "texture": "#detail"},
				"west": {"uv": [0, 0, 4, 3.2], "texture": "#detail"},
				"up": {"uv": [0, 0, 4, 4], "rotation": 270, "texture": "#detail"},
				"down": {"uv": [0, 0, 4, 4], "rotation": 90, "texture": "#detail"}
			}
		},
		{
			"from": [16.7, 12.1, 6.1],
			"to": [20.5, 15.1, 9.9],
			"rotation": {"angle": 45, "axis": "y", "origin": [8, 8, 8]},
			"faces": {
				"north": {"uv": [4, 0, 0, 3], "texture": "#detail"},
				"east": {"uv": [4, 0, 0, 3], "texture": "#detail"},
				"south": {"uv": [4, 0, 0, 3], "texture": "#detail"},
				"west": {"uv": [4, 0, 0, 3], "texture": "#detail"},
				"up": {"uv": [4, 0, 0, 4], "rotation": 90, "texture": "#detail"}
			}
		},
		{
			"from": [13.5, 12.9, -1.5],
			"to": [17.5, 16.9, 2.5],
			"rotation": {"angle": 0, "axis": "y", "origin": [8, 8, 8]},
			"faces": {
				"north": {"uv": [12, 0, 16, 4], "rotation": 270, "texture": "#detail"},
				"east": {"uv": [12, 0, 16, 4], "texture": "#detail"},
				"south": {"uv": [12, 4, 16, 8], "texture": "#detail"},
				"west": {"uv": [16, 4, 12, 8], "texture": "#detail"},
				"up": {"uv": [12, 0, 16, 4], "texture": "#detail"},
				"down": {"uv": [12, 4, 16, 8], "rotation": 90, "texture": "#detail"}
			}
		},
		{
			"from": [16, -0.9, 7],
			"to": [20, 13, 9],
			"rotation": {"angle": 45, "axis": "y", "origin": [8, 8, 8]},
			"faces": {
				"north": {"uv": [0, 0, 4, 13.9], "texture": "#detail"},
				"east": {"uv": [0, 0, 2, 13.9], "texture": "#detail"},
				"south": {"uv": [0, 0, 4, 13.9], "texture": "#detail"},
				"west": {"uv": [0, 0, 2, 13.9], "texture": "#detail"},
				"up": {"uv": [0, 0, 4, 2], "rotation": 180, "texture": "#detail"},
				"down": {"uv": [0, 0, 4, 2], "rotation": 180, "texture": "#detail"}
			}
		},
		{
			"from": [5, -0.1, 16],
			"to": [11, 2, 22],
			"rotation": {"angle": 45, "axis": "y", "origin": [8, 8, 8]},
			"faces": {
				"north": {"uv": [0, 0, 6, 2.1], "texture": "#detail"},
				"east": {"uv": [0, 0, 6, 2.1], "texture": "#detail"},
				"south": {"uv": [0, 0, 6, 2.1], "texture": "#detail"},
				"west": {"uv": [0, 0, 6, 2.1], "texture": "#detail"},
				"up": {"uv": [0, 0, 6, 6], "rotation": 270, "texture": "#detail"},
				"down": {"uv": [0, 0, 6, 6], "rotation": 90, "texture": "#detail"}
			}
		},
		{
			"from": [6, -1.1, 17],
			"to": [10, 3.1, 21],
			"rotation": {"angle": 45, "axis": "y", "origin": [8, 8, 8]},
			"faces": {
				"north": {"uv": [0, 0, 4, 4.2], "texture": "#detail"},
				"east": {"uv": [0, 0, 4, 4.2], "texture": "#detail"},
				"south": {"uv": [0, 0, 4, 4.2], "texture": "#detail"},
				"west": {"uv": [0, 0, 4, 4.2], "texture": "#detail"},
				"up": {"uv": [0, 0, 4, 4], "rotation": 270, "texture": "#detail"},
				"down": {"uv": [0, 0, 4, 4], "rotation": 90, "texture": "#detail"}
			}
		},
		{
			"from": [6, 10.1, 16.6],
			"to": [10, 13.1, 20.6],
			"rotation": {"angle": 45, "axis": "y", "origin": [8, 8, 8]},
			"faces": {
				"north": {"uv": [0, 0, 4, 3.2], "texture": "#detail"},
				"east": {"uv": [10, 3, 6, 6], "texture": "#detail"},
				"south": {"uv": [0, 0, 4, 3.2], "texture": "#detail"},
				"west": {"uv": [6, 3, 10, 6], "texture": "#detail"},
				"up": {"uv": [0, 0, 4, 4], "texture": "#detail"},
				"down": {"uv": [0, 0, 4, 4], "texture": "#detail"}
			}
		},
		{
			"from": [6.1, 12.1, 16.7],
			"to": [9.9, 15.1, 20.5],
			"rotation": {"angle": 45, "axis": "y", "origin": [8, 8, 8]},
			"faces": {
				"north": {"uv": [4, 0, 0, 3], "texture": "#detail"},
				"east": {"uv": [4, 0, 0, 3], "texture": "#detail"},
				"south": {"uv": [4, 0, 0, 3], "texture": "#detail"},
				"west": {"uv": [4, 0, 0, 3], "texture": "#detail"},
				"up": {"uv": [4, 0, 0, 4], "rotation": 180, "texture": "#detail"}
			}
		},
		{
			"from": [13.5, 12.9, 13.5],
			"to": [17.5, 16.9, 17.5],
			"rotation": {"angle": 0, "axis": "y", "origin": [8, 8, 8]},
			"faces": {
				"north": {"uv": [16, 4, 12, 8], "texture": "#detail"},
				"east": {"uv": [12, 0, 16, 4], "rotation": 270, "texture": "#detail"},
				"south": {"uv": [12, 0, 16, 4], "texture": "#detail"},
				"west": {"uv": [12, 4, 16, 8], "texture": "#detail"},
				"up": {"uv": [12, 0, 16, 4], "rotation": 90, "texture": "#detail"},
				"down": {"uv": [12, 4, 16, 8], "texture": "#detail"}
			}
		},
		{
			"from": [7, -0.9, 16],
			"to": [9, 13, 20],
			"rotation": {"angle": 45, "axis": "y", "origin": [8, 8, 8]},
			"faces": {
				"north": {"uv": [0, 0, 2, 13.9], "texture": "#detail"},
				"east": {"uv": [0, 0, 4, 13.9], "texture": "#detail"},
				"south": {"uv": [0, 0, 2, 13.9], "texture": "#detail"},
				"west": {"uv": [0, 0, 4, 13.9], "texture": "#detail"},
				"up": {"uv": [0, 0, 4, 2], "rotation": 270, "texture": "#detail"},
				"down": {"uv": [0, 0, 4, 2], "rotation": 90, "texture": "#detail"}
			}
		},
		{
			"from": [-6, -0.1, 5],
			"to": [0, 2, 11],
			"rotation": {"angle": 45, "axis": "y", "origin": [8, 8, 8]},
			"faces": {
				"north": {"uv": [0, 0, 6, 2.1], "texture": "#detail"},
				"east": {"uv": [0, 0, 6, 2.1], "texture": "#detail"},
				"south": {"uv": [0, 0, 6, 2.1], "texture": "#detail"},
				"west": {"uv": [0, 0, 6, 2.1], "texture": "#detail"},
				"up": {"uv": [0, 0, 6, 6], "texture": "#detail"},
				"down": {"uv": [0, 0, 6, 6], "texture": "#detail"}
			}
		},
		{
			"from": [-5, -1.1, 6],
			"to": [-1, 3.1, 10],
			"rotation": {"angle": 45, "axis": "y", "origin": [8, 8, 8]},
			"faces": {
				"north": {"uv": [0, 0, 4, 4.2], "texture": "#detail"},
				"east": {"uv": [0, 0, 4, 4.2], "texture": "#detail"},
				"south": {"uv": [0, 0, 4, 4.2], "texture": "#detail"},
				"west": {"uv": [0, 0, 4, 4.2], "texture": "#detail"},
				"up": {"uv": [0, 0, 4, 4], "texture": "#detail"},
				"down": {"uv": [0, 0, 4, 4], "texture": "#detail"}
			}
		},
		{
			"from": [-4.6, 10.1, 6],
			"to": [-0.6, 13.1, 10],
			"rotation": {"angle": 45, "axis": "y", "origin": [8, 8, 8]},
			"faces": {
				"north": {"uv": [6, 3, 10, 6], "texture": "#detail"},
				"east": {"uv": [0, 0, 4, 3.2], "texture": "#detail"},
				"south": {"uv": [10, 3, 6, 6], "texture": "#detail"},
				"west": {"uv": [0, 0, 4, 3.2], "texture": "#detail"},
				"up": {"uv": [0, 0, 4, 4], "rotation": 90, "texture": "#detail"},
				"down": {"uv": [0, 0, 4, 4], "rotation": 270, "texture": "#detail"}
			}
		},
		{
			"from": [-4.5, 12.1, 6.1],
			"to": [-0.7, 15.1, 9.9],
			"rotation": {"angle": 45, "axis": "y", "origin": [8, 8, 8]},
			"faces": {
				"north": {"uv": [4, 0, 0, 3], "texture": "#detail"},
				"east": {"uv": [4, 0, 0, 3], "texture": "#detail"},
				"south": {"uv": [4, 0, 0, 3], "texture": "#detail"},
				"west": {"uv": [4, 0, 0, 3], "texture": "#detail"},
				"up": {"uv": [4, 0, 0, 4], "rotation": 270, "texture": "#detail"}
			}
		},
		{
			"from": [-1.5, 12.9, 13.5],
			"to": [2.5, 16.9, 17.5],
			"rotation": {"angle": 0, "axis": "y", "origin": [8, 8, 8]},
			"faces": {
				"north": {"uv": [12, 4, 16, 8], "texture": "#detail"},
				"east": {"uv": [16, 4, 12, 8], "texture": "#detail"},
				"south": {"uv": [12, 0, 16, 4], "rotation": 270, "texture": "#detail"},
				"west": {"uv": [12, 0, 16, 4], "texture": "#detail"},
				"up": {"uv": [12, 0, 16, 4], "rotation": 180, "texture": "#detail"},
				"down": {"uv": [12, 4, 16, 8], "rotation": 270, "texture": "#detail"}
			}
		},
		{
			"from": [-4, -0.9, 7],
			"to": [0, 13, 9],
			"rotation": {"angle": 45, "axis": "y", "origin": [8, 8, 8]},
			"faces": {
				"north": {"uv": [0, 0, 4, 13.9], "texture": "#detail"},
				"east": {"uv": [0, 0, 2, 13.9], "texture": "#detail"},
				"south": {"uv": [0, 0, 4, 13.9], "texture": "#detail"},
				"west": {"uv": [0, 0, 2, 13.9], "texture": "#detail"},
				"up": {"uv": [0, 0, 4, 2], "texture": "#detail"},
				"down": {"uv": [0, 0, 4, 2], "texture": "#detail"}
			}
		}
	],
	"display": {
		"gui": {
			"rotation": [30, 225, 0],
			"translation": [0, 1.25, 0],
			"scale": [0.45, 0.45, 0.45]
		}
	},
	"groups": [
		0,
		1,
		2,
		{
			"name": "group",
			"origin": [8, 8, 8],
			"color": 0,
			"children": [3, 4, 5, 6, 7, 8, 9, 10]
		},
		{
			"name": "group",
			"origin": [0, 0, 0],
			"color": 0,
			"children": [11, 12, 13, 14, 15, 16, 17, 18, 19, 20]
		},
		{
			"name": "group",
			"origin": [8, 8, 8],
			"color": 0,
			"children": [21, 22, 23, 24, 25, 26]
		},
		{
			"name": "group",
			"origin": [8, 8, 8],
			"color": 0,
			"children": [27, 28, 29, 30, 31, 32]
		},
		{
			"name": "group",
			"origin": [8, 8, 8],
			"color": 0,
			"children": [33, 34, 35, 36, 37, 38]
		},
		{
			"name": "group",
			"origin": [8, 8, 8],
			"color": 0,
			"children": [39, 40, 41, 42, 43, 44]
		}
	]
}