{
	"credit": "Made by XeKr with Blockbench",
	"parent": "block/block",
	"textures": {
		"0": "block/fletching_table3d_bottom",
		"1": "block/fletching_table3d_detail",
		"2": "block/fletching_table3d_side",
		"particle": "block/fletching_table3d_side"
	},
	"elements": [
		{
			"from": [0, 0, 0],
			"to": [16, 2, 16],
			"rotation": {"angle": 0, "axis": "y", "origin": [8, 8, 8]},
			"faces": {
				"north": {"uv": [0, 14, 16, 16], "texture": "#2"},
				"east": {"uv": [0, 14, 16, 16], "texture": "#2"},
				"south": {"uv": [0, 14, 16, 16], "texture": "#2"},
				"west": {"uv": [0, 14, 16, 16], "texture": "#2"},
				"up": {"uv": [0, 0, 16, 16], "texture": "#0"},
				"down": {"uv": [0, 0, 16, 16], "texture": "#0"}
			}
		},
		{
			"from": [2, 2, 2],
			"to": [14, 14, 14],
			"rotation": {"angle": 0, "axis": "y", "origin": [8, 8, 8]},
			"faces": {
				"north": {"uv": [2, 2, 14, 14], "texture": "#2"},
				"east": {"uv": [2, 2, 14, 14], "texture": "#2"},
				"south": {"uv": [2, 2, 14, 14], "texture": "#2"},
				"west": {"uv": [2, 2, 14, 14], "texture": "#2"}
			}
		},
		{
			"from": [0, 14, 0],
			"to": [16, 15, 16],
			"rotation": {"angle": 0, "axis": "y", "origin": [8, 8, 8]},
			"faces": {
				"north": {"uv": [0, 1, 16, 2], "texture": "#2"},
				"east": {"uv": [0, 1, 16, 2], "texture": "#2"},
				"south": {"uv": [0, 1, 16, 2], "texture": "#2"},
				"west": {"uv": [0, 1, 16, 2], "texture": "#2"},
				"up": {"uv": [0, 0, 16, 16], "texture": "#0"},
				"down": {"uv": [0, 0, 16, 16], "texture": "#0"}
			}
		},
		{
			"from": [1, 15, 0],
			"to": [16, 16, 1],
			"rotation": {"angle": 0, "axis": "y", "origin": [8, 8, 8]},
			"faces": {
				"north": {"uv": [0, 0, 15, 1], "texture": "#2"},
				"east": {"uv": [15, 0, 16, 1], "texture": "#2"},
				"south": {"uv": [1, 0, 16, 1], "texture": "#2"},
				"up": {"uv": [1, 0, 16, 1], "texture": "#0"}
			}
		},
		{
			"from": [15, 15, 1],
			"to": [16, 16, 16],
			"rotation": {"angle": 0, "axis": "y", "origin": [8, 8, 8]},
			"faces": {
				"east": {"uv": [0, 0, 15, 1], "texture": "#2"},
				"south": {"uv": [15, 0, 16, 1], "texture": "#2"},
				"west": {"uv": [1, 0, 16, 1], "texture": "#2"},
				"up": {"uv": [15, 1, 16, 16], "texture": "#0"}
			}
		},
		{
			"from": [0, 15, 15],
			"to": [15, 16, 16],
			"rotation": {"angle": 0, "axis": "y", "origin": [8, 8, 8]},
			"faces": {
				"north": {"uv": [1, 0, 16, 1], "texture": "#2"},
				"south": {"uv": [0, 0, 15, 1], "texture": "#2"},
				"west": {"uv": [15, 0, 16, 1], "texture": "#2"},
				"up": {"uv": [0, 15, 15, 16], "texture": "#0"}
			}
		},
		{
			"from": [0, 15, 0],
			"to": [1, 16, 15],
			"rotation": {"angle": 0, "axis": "y", "origin": [8, 8, 8]},
			"faces": {
				"north": {"uv": [15, 0, 16, 1], "texture": "#2"},
				"east": {"uv": [1, 0, 16, 1], "texture": "#2"},
				"west": {"uv": [0, 0, 15, 1], "texture": "#2"},
				"up": {"uv": [0, 0, 1, 15], "texture": "#0"}
			}
		},
		{
			"from": [0, 2, 0],
			"to": [2, 14, 2],
			"rotation": {"angle": 0, "axis": "y", "origin": [8, 8, 8]},
			"faces": {
				"north": {"uv": [14, 2, 16, 14], "texture": "#2"},
				"east": {"uv": [14, 2, 16, 14], "texture": "#2"},
				"south": {"uv": [0, 2, 2, 14], "texture": "#2"},
				"west": {"uv": [0, 2, 2, 14], "texture": "#2"}
			}
		},
		{
			"from": [0, 2, 14],
			"to": [2, 14, 16],
			"rotation": {"angle": 0, "axis": "y", "origin": [8, 8, 8]},
			"faces": {
				"north": {"uv": [14, 2, 16, 14], "texture": "#2"},
				"east": {"uv": [0, 2, 2, 14], "texture": "#2"},
				"south": {"uv": [0, 2, 2, 14], "texture": "#2"},
				"west": {"uv": [14, 2, 16, 14], "texture": "#2"}
			}
		},
		{
			"from": [14, 2, 14],
			"to": [16, 14, 16],
			"rotation": {"angle": 0, "axis": "y", "origin": [8, 8, 8]},
			"faces": {
				"north": {"uv": [0, 2, 2, 14], "texture": "#2"},
				"east": {"uv": [0, 2, 2, 14], "texture": "#2"},
				"south": {"uv": [14, 2, 16, 14], "texture": "#2"},
				"west": {"uv": [14, 2, 16, 14], "texture": "#2"}
			}
		},
		{
			"from": [14, 2, 0],
			"to": [16, 14, 2],
			"rotation": {"angle": 0, "axis": "y", "origin": [8, 8, 8]},
			"faces": {
				"north": {"uv": [0, 2, 2, 14], "texture": "#2"},
				"east": {"uv": [14, 2, 16, 14], "texture": "#2"},
				"south": {"uv": [14, 2, 16, 14], "texture": "#2"},
				"west": {"uv": [0, 2, 2, 14], "texture": "#2"}
			}
		},
		{
			"from": [0.5, 7, 2],
			"to": [1.5, 9, 14],
			"rotation": {"angle": 0, "axis": "y", "origin": [8, 8, 8]},
			"faces": {
				"east": {"uv": [2, 14, 14, 16], "texture": "#1"},
				"west": {"uv": [2, 14, 14, 16], "texture": "#1"},
				"up": {"uv": [2, 14, 14, 15], "rotation": 270, "texture": "#1"},
				"down": {"uv": [2, 15, 14, 16], "rotation": 90, "texture": "#1"}
			}
		},
		{
			"from": [2, 7, 14.5],
			"to": [14, 9, 15.5],
			"rotation": {"angle": 0, "axis": "y", "origin": [8, 8, 8]},
			"faces": {
				"north": {"uv": [2, 14, 14, 16], "texture": "#1"},
				"south": {"uv": [2, 14, 14, 16], "texture": "#1"},
				"up": {"uv": [2, 14, 14, 15], "rotation": 180, "texture": "#1"},
				"down": {"uv": [2, 15, 14, 16], "rotation": 180, "texture": "#1"}
			}
		},
		{
			"from": [14.5, 7, 2],
			"to": [15.5, 9, 14],
			"rotation": {"angle": 0, "axis": "y", "origin": [8, 8, 8]},
			"faces": {
				"east": {"uv": [2, 14, 14, 16], "texture": "#1"},
				"west": {"uv": [2, 14, 14, 16], "texture": "#1"},
				"up": {"uv": [2, 14, 14, 15], "rotation": 90, "texture": "#1"},
				"down": {"uv": [2, 15, 14, 16], "rotation": 270, "texture": "#1"}
			}
		},
		{
			"from": [2, 7, 0.5],
			"to": [14, 9, 1.5],
			"rotation": {"angle": 0, "axis": "y", "origin": [8, 8, 8]},
			"faces": {
				"north": {"uv": [2, 14, 14, 16], "texture": "#1"},
				"south": {"uv": [2, 14, 14, 16], "texture": "#1"},
				"up": {"uv": [2, 14, 14, 15], "texture": "#1"},
				"down": {"uv": [2, 15, 14, 16], "texture": "#1"}
			}
		},
		{
			"from": [0, 4, 4],
			"to": [1, 12, 12],
			"rotation": {"angle": 0, "axis": "y", "origin": [8, 8, 8]},
			"faces": {
				"north": {"uv": [0, 0, 1, 8], "texture": "#1"},
				"east": {"uv": [0, 0, 8, 8], "texture": "#1"},
				"south": {"uv": [0, 0, 1, 8], "texture": "#1"},
				"west": {"uv": [0, 0, 8, 8], "texture": "#1"},
				"up": {"uv": [0, 0, 1, 8], "rotation": 270, "texture": "#1"},
				"down": {"uv": [0, 0, 1, 8], "rotation": 90, "texture": "#1"}
			}
		},
		{
			"from": [4.5, 4, 1.5],
			"to": [6.5, 6, 1.5],
			"rotation": {"angle": 0, "axis": "z", "origin": [5, 7, 1.5]},
			"faces": {
				"north": {"uv": [12, 0, 14, 2], "texture": "#1"},
				"south": {"uv": [12, 0, 14, 2], "texture": "#1"}
			}
		},
		{
			"from": [5, 5, 1],
			"to": [6, 11, 2],
			"rotation": {"angle": 0, "axis": "z", "origin": [5.5, 8, 1.5]},
			"faces": {
				"north": {"uv": [8, 1, 9, 7], "texture": "#1"},
				"east": {"uv": [8, 1, 9, 7], "texture": "#1"},
				"west": {"uv": [8, 1, 9, 7], "texture": "#1"},
				"up": {"uv": [8, 1, 9, 2], "rotation": 270, "texture": "#1"},
				"down": {"uv": [8, 1, 9, 2], "rotation": 270, "texture": "#1"}
			}
		},
		{
			"from": [4.5, 10, 1.3],
			"to": [6.5, 12, 2],
			"rotation": {"angle": -45, "axis": "z", "origin": [5.5, 11, 1.5]},
			"faces": {
				"north": {"uv": [10, 0, 12, 2], "rotation": 90, "texture": "#1"},
				"east": {"uv": [10, 1, 12, 2], "rotation": 90, "texture": "#1"},
				"west": {"uv": [10, 0, 12, 1], "rotation": 90, "texture": "#1"},
				"up": {"uv": [10, 0, 11, 2], "rotation": 270, "texture": "#1"},
				"down": {"uv": [11, 0, 12, 2], "rotation": 270, "texture": "#1"}
			}
		},
		{
			"from": [11, 10, 1.1],
			"to": [12, 14, 2],
			"rotation": {"angle": 22.5, "axis": "z", "origin": [11.5, 10.5, 1.5]},
			"faces": {
				"north": {"uv": [8, 4, 9, 8], "rotation": 180, "texture": "#1"},
				"east": {"uv": [8, 4, 9, 8], "rotation": 180, "texture": "#1"},
				"west": {"uv": [8, 4, 9, 8], "rotation": 180, "texture": "#1"},
				"up": {"uv": [8, 4, 9, 5], "rotation": 90, "texture": "#1"},
				"down": {"uv": [8, 4, 9, 5], "rotation": 90, "texture": "#1"}
			}
		},
		{
			"from": [11, 5, 1],
			"to": [12, 11, 2],
			"rotation": {"angle": 0, "axis": "z", "origin": [11.5, 8, 1.5]},
			"faces": {
				"north": {"uv": [8, 1, 9, 7], "texture": "#1"},
				"east": {"uv": [8, 1, 9, 7], "texture": "#1"},
				"west": {"uv": [8, 1, 9, 7], "texture": "#1"},
				"up": {"uv": [8, 1, 9, 2], "rotation": 270, "texture": "#1"},
				"down": {"uv": [8, 1, 9, 2], "rotation": 270, "texture": "#1"}
			}
		},
		{
			"from": [11, 2, 1.1],
			"to": [12, 6, 2],
			"rotation": {"angle": -22.5, "axis": "z", "origin": [11.5, 5.5, 1.5]},
			"faces": {
				"north": {"uv": [8, 4, 9, 8], "texture": "#1"},
				"east": {"uv": [8, 4, 9, 8], "texture": "#1"},
				"west": {"uv": [8, 4, 9, 8], "texture": "#1"},
				"up": {"uv": [8, 4, 9, 5], "rotation": 270, "texture": "#1"},
				"down": {"uv": [8, 4, 9, 5], "rotation": 270, "texture": "#1"}
			}
		},
		{
			"from": [10, 3, 1.5],
			"to": [10.5, 13, 2],
			"rotation": {"angle": 0, "axis": "z", "origin": [10.5, 8, 1.5]},
			"faces": {
				"north": {"uv": [9, 0, 10, 8], "texture": "#1"},
				"east": {"uv": [9, 0, 10, 8], "texture": "#1"},
				"west": {"uv": [9, 0, 10, 8], "texture": "#1"}
			}
		},
		{
			"from": [15, 4, 4],
			"to": [16, 12, 12],
			"rotation": {"angle": 0, "axis": "y", "origin": [8, 8, 8]},
			"faces": {
				"north": {"uv": [0, 0, 1, 8], "texture": "#1"},
				"east": {"uv": [0, 0, 8, 8], "texture": "#1"},
				"south": {"uv": [0, 0, 1, 8], "texture": "#1"},
				"west": {"uv": [0, 0, 8, 8], "texture": "#1"},
				"up": {"uv": [0, 0, 1, 8], "rotation": 90, "texture": "#1"},
				"down": {"uv": [0, 0, 1, 8], "rotation": 270, "texture": "#1"}
			}
		},
		{
			"from": [9.5, 4, 14.5],
			"to": [11.5, 6, 14.5],
			"rotation": {"angle": 0, "axis": "z", "origin": [11, 7, 14.5]},
			"faces": {
				"north": {"uv": [12, 0, 14, 2], "texture": "#1"},
				"south": {"uv": [12, 0, 14, 2], "texture": "#1"}
			}
		},
		{
			"from": [10, 5, 14],
			"to": [11, 11, 15],
			"rotation": {"angle": 0, "axis": "z", "origin": [10.5, 8, 14.5]},
			"faces": {
				"east": {"uv": [8, 1, 9, 7], "texture": "#1"},
				"south": {"uv": [8, 1, 9, 7], "texture": "#1"},
				"west": {"uv": [8, 1, 9, 7], "texture": "#1"},
				"up": {"uv": [8, 1, 9, 2], "rotation": 90, "texture": "#1"},
				"down": {"uv": [8, 1, 9, 2], "rotation": 90, "texture": "#1"}
			}
		},
		{
			"from": [9.5, 10, 14],
			"to": [11.5, 12, 14.7],
			"rotation": {"angle": 45, "axis": "z", "origin": [10.5, 11, 14.5]},
			"faces": {
				"east": {"uv": [10, 0, 12, 1], "rotation": 90, "texture": "#1"},
				"south": {"uv": [10, 0, 12, 2], "rotation": 90, "texture": "#1"},
				"west": {"uv": [10, 1, 12, 2], "rotation": 90, "texture": "#1"},
				"up": {"uv": [10, 0, 11, 2], "rotation": 90, "texture": "#1"},
				"down": {"uv": [11, 0, 12, 2], "rotation": 90, "texture": "#1"}
			}
		},
		{
			"from": [4, 10, 14],
			"to": [5, 14, 14.9],
			"rotation": {"angle": -22.5, "axis": "z", "origin": [4.5, 10.5, 14.5]},
			"faces": {
				"east": {"uv": [8, 4, 9, 8], "rotation": 180, "texture": "#1"},
				"south": {"uv": [8, 4, 9, 8], "rotation": 180, "texture": "#1"},
				"west": {"uv": [8, 4, 9, 8], "rotation": 180, "texture": "#1"},
				"up": {"uv": [8, 4, 9, 5], "rotation": 270, "texture": "#1"},
				"down": {"uv": [8, 4, 9, 5], "rotation": 270, "texture": "#1"}
			}
		},
		{
			"from": [4, 5, 14],
			"to": [5, 11, 15],
			"rotation": {"angle": 0, "axis": "z", "origin": [4.5, 8, 14.5]},
			"faces": {
				"east": {"uv": [8, 1, 9, 7], "texture": "#1"},
				"south": {"uv": [8, 1, 9, 7], "texture": "#1"},
				"west": {"uv": [8, 1, 9, 7], "texture": "#1"},
				"up": {"uv": [8, 1, 9, 2], "rotation": 90, "texture": "#1"},
				"down": {"uv": [8, 1, 9, 2], "rotation": 90, "texture": "#1"}
			}
		},
		{
			"from": [4, 2, 14],
			"to": [5, 6, 14.9],
			"rotation": {"angle": 22.5, "axis": "z", "origin": [4.5, 5.5, 14.5]},
			"faces": {
				"east": {"uv": [8, 4, 9, 8], "texture": "#1"},
				"south": {"uv": [8, 4, 9, 8], "texture": "#1"},
				"west": {"uv": [8, 4, 9, 8], "texture": "#1"},
				"up": {"uv": [8, 4, 9, 5], "rotation": 90, "texture": "#1"},
				"down": {"uv": [8, 4, 9, 5], "rotation": 90, "texture": "#1"}
			}
		},
		{
			"from": [5.5, 3, 14],
			"to": [6, 13, 14.5],
			"rotation": {"angle": 0, "axis": "z", "origin": [5.5, 8, 14.5]},
			"faces": {
				"east": {"uv": [9, 0, 10, 8], "texture": "#1"},
				"south": {"uv": [9, 0, 10, 8], "texture": "#1"},
				"west": {"uv": [9, 0, 10, 8], "texture": "#1"}
			}
		},
		{
			"from": [5, 15, 3],
			"to": [13, 16, 4],
			"rotation": {"angle": 22.5, "axis": "y", "origin": [8, 8, 8]},
			"faces": {
				"north": {"uv": [0, 8, 8, 9], "rotation": 180, "texture": "#1"},
				"east": {"uv": [7, 8, 8, 9], "texture": "#1"},
				"south": {"uv": [0, 8, 8, 9], "texture": "#1"},
				"west": {"uv": [0, 8, 1, 9], "texture": "#1"},
				"up": {"uv": [0, 8, 8, 9], "texture": "#1"}
			}
		},
		{
			"from": [3, 15, 9],
			"to": [5, 15.7, 11],
			"rotation": {"angle": 22.5, "axis": "y", "origin": [8, 8, 8]},
			"faces": {
				"north": {"uv": [8, 8, 10, 9], "texture": "#1"},
				"east": {"uv": [8, 9, 10, 10], "texture": "#1"},
				"south": {"uv": [10, 9, 8, 10], "texture": "#1"},
				"west": {"uv": [8, 8, 10, 9], "rotation": 180, "texture": "#1"},
				"up": {"uv": [8, 8, 10, 10], "rotation": 270, "texture": "#1"}
			}
		},
		{
			"from": [4, 15, 7],
			"to": [7, 15.8, 10],
			"rotation": {"angle": 22.5, "axis": "y", "origin": [8, 8, 8]},
			"faces": {
				"north": {"uv": [9, 9, 12, 10], "texture": "#1"},
				"east": {"uv": [9, 11, 12, 12], "texture": "#1"},
				"south": {"uv": [12, 11, 9, 12], "texture": "#1"},
				"west": {"uv": [9, 9, 12, 10], "rotation": 180, "texture": "#1"},
				"up": {"uv": [9, 9, 12, 12], "rotation": 270, "texture": "#1"}
			}
		},
		{
			"from": [12, 15.1, 5],
			"to": [13, 15.1, 13],
			"rotation": {"angle": -22.5, "axis": "y", "origin": [8, 8, 8]},
			"faces": {
				"up": {"uv": [0, 10, 8, 11], "rotation": 90, "texture": "#1"}
			}
		},
		{
			"from": [13, 15.1, 6],
			"to": [14, 15.1, 12],
			"rotation": {"angle": -22.5, "axis": "y", "origin": [8, 8, 8]},
			"faces": {
				"up": {"uv": [1, 9, 7, 10], "rotation": 90, "texture": "#1"}
			}
		},
		{
			"from": [11, 15.1, 6],
			"to": [12, 15.1, 12],
			"rotation": {"angle": -22.5, "axis": "y", "origin": [8, 8, 8]},
			"faces": {
				"up": {"uv": [1, 11, 7, 12], "rotation": 90, "texture": "#1"}
			}
		}
	],
	"groups": [
		0,
		1,
		2,
		3,
		4,
		5,
		6,
		{
			"name": "group",
			"origin": [8, 8, 8],
			"color": 0,
			"children": [7, 8, 9, 10, 11, 12, 13, 14]
		},
		{
			"name": "group",
			"origin": [10.5, 8, 1.5],
			"color": 0,
			"children": [15, 16, 17, 18, 19, 20, 21, 22]
		},
		{
			"name": "group",
			"origin": [10.5, 8, 1.5],
			"color": 0,
			"children": [23, 24, 25, 26, 27, 28, 29, 30]
		},
		31,
		32,
		33,
		34,
		35,
		36
	]
}