{
	"credit": "Made by XeKr with Blockbench",
	"textures": {
		"side": "block/iron_door3d_side",
		"particle": "block/iron_door3d_bottom_flip",
		"front": "block/iron_door3d_bottom_flip",
		"back": "block/iron_door3d_bottom"
	},
	"elements": [
		{
			"from": [0, 0, 0],
			"to": [3, 16, 16],
			"faces": {
				"north": {"uv": [3, 0, 6, 16], "texture": "#side", "cullface": "north"},
				"east": {"uv": [0, 0, 16, 16], "texture": "#back"},
				"south": {"uv": [9, 0, 12, 16], "texture": "#side", "cullface": "south"},
				"west": {"uv": [16, 0, 0, 16], "texture": "#front", "cullface": "west"},
				"down": {"uv": [0, 0, 3, 16], "rotation": 180, "texture": "#side", "cullface": "down"}
			}
		}
	]
}