{
	"credit": "Made by XeKr with Blockbench",
	"textures": {
		"inner": "block/iron_trapdoor3d_inner",
		"particle": "block/iron_trapdoor3d",
		"texture": "block/iron_trapdoor3d",
		"side": "block/iron_door3d_side"
	},
	"elements": [
		{
			"from": [0, 13, 0],
			"to": [16, 16, 16],
			"faces": {
				"north": {"uv": [0, 16, 3, 0], "rotation": 90, "texture": "#side", "cullface": "north"},
				"east": {"uv": [3, 16, 6, 0], "rotation": 90, "texture": "#side", "cullface": "east"},
				"south": {"uv": [0, 0, 3, 16], "rotation": 90, "texture": "#side", "cullface": "south"},
				"west": {"uv": [3, 0, 6, 16], "rotation": 90, "texture": "#side", "cullface": "west"},
				"up": {"uv": [0, 16, 16, 0], "texture": "#texture"},
				"down": {"uv": [0, 0, 16, 16], "texture": "#texture", "cullface": "down"}
			}
		},
		{
			"from": [13.01, 16.01, 13.01],
			"to": [2.99, 12.99, 2.99],
			"faces": {
				"north": {"uv": [3, 3, 0, 12], "rotation": 90, "texture": "#side"},
				"east": {"uv": [3, 3, 0, 12], "rotation": 90, "texture": "#side"},
				"south": {"uv": [3, 3, 0, 12], "rotation": 90, "texture": "#side"},
				"west": {"uv": [3, 3, 0, 12], "rotation": 90, "texture": "#side"}
			}
		},
		{
			"from": [2.99, 13.99, 2.99],
			"to": [13.01, 15.01, 13.01],
			"faces": {
				"up": {"uv": [3, 13, 13, 3], "texture": "#inner"},
				"down": {"uv": [3, 3, 13, 13], "texture": "#inner"}
			}
		}
	]
}