{
	"credit": "Made by XeKr with Blockbench",
	"parent": "minecraft:block/cube_bottom_top",
	"textures": {
		"2": "block/jukebox3d_bottom",
		"3": "block/jukebox3d_inner",
		"4": "block/jukebox3d_disc",
		"top": "block/jukebox3d_top",
		"particle": "block/jukebox3d_side",
		"side": "block/jukebox3d_side"
	},
	"elements": [
		{
			"from": [0, 0, 0],
			"to": [16, 2, 16],
			"rotation": {"angle": 0, "axis": "y", "origin": [8, 8, 8]},
			"faces": {
				"north": {"uv": [0, 14, 16, 16], "texture": "#side", "cullface": "north"},
				"east": {"uv": [0, 14, 16, 16], "texture": "#side", "cullface": "east"},
				"south": {"uv": [0, 14, 16, 16], "texture": "#side", "cullface": "south"},
				"west": {"uv": [0, 14, 16, 16], "texture": "#side", "cullface": "west"},
				"up": {"uv": [0, 0, 16, 16], "texture": "#2"},
				"down": {"uv": [0, 0, 16, 16], "texture": "#2", "cullface": "down"}
			}
		},
		{
			"from": [2, 2, 2],
			"to": [14, 8, 14],
			"rotation": {"angle": 0, "axis": "y", "origin": [8, 8, 8]},
			"faces": {
				"north": {"uv": [2, 8, 14, 14], "texture": "#side", "cullface": "north"},
				"east": {"uv": [2, 8, 14, 14], "texture": "#side", "cullface": "east"},
				"south": {"uv": [2, 8, 14, 14], "texture": "#side", "cullface": "south"},
				"west": {"uv": [2, 8, 14, 14], "texture": "#side", "cullface": "west"}
			}
		},
		{
			"from": [0, 2, 0],
			"to": [2, 8, 2],
			"rotation": {"angle": 0, "axis": "y", "origin": [8, 8, 8]},
			"faces": {
				"north": {"uv": [14, 8, 16, 14], "texture": "#side", "cullface": "north"},
				"east": {"uv": [14, 8, 16, 14], "texture": "#side", "cullface": "north"},
				"south": {"uv": [0, 8, 2, 14], "texture": "#side", "cullface": "west"},
				"west": {"uv": [0, 8, 2, 14], "texture": "#side", "cullface": "west"}
			}
		},
		{
			"from": [0, 2, 14],
			"to": [2, 8, 16],
			"rotation": {"angle": 0, "axis": "y", "origin": [8, 8, 8]},
			"faces": {
				"north": {"uv": [14, 8, 16, 14], "texture": "#side", "cullface": "west"},
				"east": {"uv": [0, 8, 2, 14], "texture": "#side", "cullface": "south"},
				"south": {"uv": [0, 8, 2, 14], "texture": "#side", "cullface": "south"},
				"west": {"uv": [14, 8, 16, 14], "texture": "#side", "cullface": "west"}
			}
		},
		{
			"from": [14, 2, 14],
			"to": [16, 8, 16],
			"rotation": {"angle": 0, "axis": "y", "origin": [8, 8, 8]},
			"faces": {
				"north": {"uv": [0, 8, 2, 14], "texture": "#side", "cullface": "east"},
				"east": {"uv": [0, 8, 2, 14], "texture": "#side", "cullface": "east"},
				"south": {"uv": [14, 8, 16, 14], "texture": "#side", "cullface": "south"},
				"west": {"uv": [14, 8, 16, 14], "texture": "#side", "cullface": "south"}
			}
		},
		{
			"from": [14, 2, 0],
			"to": [16, 8, 2],
			"rotation": {"angle": 0, "axis": "y", "origin": [8, 8, 8]},
			"faces": {
				"north": {"uv": [0, 8, 2, 14], "texture": "#side", "cullface": "north"},
				"east": {"uv": [14, 8, 16, 14], "texture": "#side", "cullface": "east"},
				"south": {"uv": [14, 8, 16, 14], "texture": "#side", "cullface": "east"},
				"west": {"uv": [0, 8, 2, 14], "texture": "#side", "cullface": "north"}
			}
		},
		{
			"from": [0, 8, 0],
			"to": [16, 14, 16],
			"rotation": {"angle": 0, "axis": "y", "origin": [8, 8, 8]},
			"faces": {
				"north": {"uv": [0, 2, 16, 8], "texture": "#side", "cullface": "north"},
				"east": {"uv": [0, 2, 16, 8], "texture": "#side", "cullface": "east"},
				"south": {"uv": [0, 2, 16, 8], "texture": "#side", "cullface": "south"},
				"west": {"uv": [0, 2, 16, 8], "texture": "#side", "cullface": "west"},
				"up": {"uv": [0, 0, 16, 16], "texture": "#top", "cullface": "up"},
				"down": {"uv": [0, 0, 16, 16], "texture": "#2"}
			}
		},
		{
			"from": [2, 15, 7],
			"to": [3, 15.9, 13],
			"rotation": {"angle": -22.5, "axis": "y", "origin": [2, 15, 14]},
			"faces": {
				"north": {"uv": [0, 0, 1, 1], "texture": "#3", "cullface": "up"},
				"east": {"uv": [0, 8, 1, 2], "rotation": 90, "texture": "#3", "cullface": "up"},
				"west": {"uv": [0, 2, 1, 8], "rotation": 90, "texture": "#3", "cullface": "up"},
				"up": {"uv": [0, 8, 1, 2], "texture": "#3", "cullface": "up"},
				"down": {"uv": [0, 2, 1, 8], "texture": "#3", "cullface": "up"}
			}
		},
		{
			"from": [1, 14, 13],
			"to": [3, 15.9, 15],
			"rotation": {"angle": -22.5, "axis": "y", "origin": [2, 15, 14]},
			"faces": {
				"north": {"uv": [0, 0, 2, 2], "texture": "#3", "cullface": "up"},
				"east": {"uv": [0, 0, 2, 2], "texture": "#3", "cullface": "up"},
				"south": {"uv": [0, 0, 2, 2], "texture": "#3", "cullface": "up"},
				"west": {"uv": [0, 0, 2, 2], "texture": "#3", "cullface": "up"},
				"up": {"uv": [0, 0, 2, 2], "texture": "#3", "cullface": "up"}
			}
		},
		{
			"from": [2.5, 3, 0],
			"to": [12.5, 4, 2],
			"rotation": {"angle": 0, "axis": "y", "origin": [8, 8, 8]},
			"faces": {
				"north": {"uv": [0, 13, 10, 14], "texture": "#3", "cullface": "north"},
				"east": {"uv": [8, 13, 10, 14], "texture": "#3", "cullface": "north"},
				"west": {"uv": [0, 13, 2, 14], "texture": "#3", "cullface": "north"},
				"up": {"uv": [10, 14, 0, 12], "texture": "#3", "cullface": "north"},
				"down": {"uv": [10, 12, 0, 14], "texture": "#3", "cullface": "north"}
			}
		},
		{
			"from": [3.5, 2, 0.5],
			"to": [13.5, 3, 2.5],
			"rotation": {"angle": 0, "axis": "y", "origin": [8, 8, 8]},
			"faces": {
				"north": {"uv": [0, 15, 10, 16], "texture": "#3", "cullface": "north"},
				"east": {"uv": [8, 15, 10, 16], "texture": "#3", "cullface": "north"},
				"west": {"uv": [0, 15, 2, 16], "texture": "#3", "cullface": "north"},
				"up": {"uv": [10, 16, 0, 14], "texture": "#3", "cullface": "north"},
				"down": {"uv": [10, 14, 0, 16], "texture": "#3", "cullface": "north"}
			}
		},
		{
			"from": [3, 4, 0.5],
			"to": [13, 5, 2.5],
			"rotation": {"angle": 0, "axis": "y", "origin": [8, 8, 8]},
			"faces": {
				"north": {"uv": [0, 15, 10, 16], "texture": "#3", "cullface": "north"},
				"east": {"uv": [8, 15, 10, 16], "texture": "#3", "cullface": "north"},
				"west": {"uv": [0, 15, 2, 16], "texture": "#3", "cullface": "north"},
				"up": {"uv": [10, 16, 0, 14], "texture": "#3", "cullface": "north"},
				"down": {"uv": [10, 14, 0, 16], "texture": "#3", "cullface": "north"}
			}
		},
		{
			"from": [14, 3, 2.5],
			"to": [16, 4, 12.5],
			"rotation": {"angle": 0, "axis": "y", "origin": [8, 8, 8]},
			"faces": {
				"north": {"uv": [0, 13, 2, 14], "texture": "#3", "cullface": "east"},
				"east": {"uv": [0, 13, 10, 14], "texture": "#3", "cullface": "east"},
				"south": {"uv": [8, 13, 10, 14], "texture": "#3", "cullface": "east"},
				"up": {"uv": [10, 14, 0, 12], "rotation": 90, "texture": "#3", "cullface": "east"},
				"down": {"uv": [10, 12, 0, 14], "rotation": 270, "texture": "#3", "cullface": "east"}
			}
		},
		{
			"from": [13.5, 2, 3.5],
			"to": [15.5, 3, 13.5],
			"rotation": {"angle": 0, "axis": "y", "origin": [8, 8, 8]},
			"faces": {
				"north": {"uv": [0, 15, 2, 16], "texture": "#3", "cullface": "east"},
				"east": {"uv": [0, 15, 10, 16], "texture": "#3", "cullface": "east"},
				"south": {"uv": [8, 15, 10, 16], "texture": "#3", "cullface": "east"},
				"up": {"uv": [10, 16, 0, 14], "rotation": 90, "texture": "#3", "cullface": "east"},
				"down": {"uv": [10, 14, 0, 16], "rotation": 270, "texture": "#3", "cullface": "east"}
			}
		},
		{
			"from": [13.5, 4, 3],
			"to": [15.5, 5, 13],
			"rotation": {"angle": 0, "axis": "y", "origin": [8, 8, 8]},
			"faces": {
				"north": {"uv": [0, 15, 2, 16], "texture": "#3", "cullface": "east"},
				"east": {"uv": [0, 15, 10, 16], "texture": "#3", "cullface": "east"},
				"south": {"uv": [8, 15, 10, 16], "texture": "#3", "cullface": "east"},
				"up": {"uv": [10, 16, 0, 14], "rotation": 90, "texture": "#3", "cullface": "east"},
				"down": {"uv": [10, 14, 0, 16], "rotation": 270, "texture": "#3", "cullface": "east"}
			}
		},
		{
			"from": [3.5, 3, 14],
			"to": [13.5, 4, 16],
			"rotation": {"angle": 0, "axis": "y", "origin": [8, 8, 8]},
			"faces": {
				"east": {"uv": [0, 13, 2, 14], "texture": "#3", "cullface": "south"},
				"south": {"uv": [0, 13, 10, 14], "texture": "#3", "cullface": "south"},
				"west": {"uv": [8, 13, 10, 14], "texture": "#3", "cullface": "south"},
				"up": {"uv": [10, 14, 0, 12], "rotation": 180, "texture": "#3", "cullface": "south"},
				"down": {"uv": [10, 12, 0, 14], "rotation": 180, "texture": "#3", "cullface": "south"}
			}
		},
		{
			"from": [2.5, 2, 13.5],
			"to": [12.5, 3, 15.5],
			"rotation": {"angle": 0, "axis": "y", "origin": [8, 8, 8]},
			"faces": {
				"east": {"uv": [0, 15, 2, 16], "texture": "#3", "cullface": "south"},
				"south": {"uv": [0, 15, 10, 16], "texture": "#3", "cullface": "south"},
				"west": {"uv": [8, 15, 10, 16], "texture": "#3", "cullface": "south"},
				"up": {"uv": [10, 16, 0, 14], "rotation": 180, "texture": "#3", "cullface": "south"},
				"down": {"uv": [10, 14, 0, 16], "rotation": 180, "texture": "#3", "cullface": "south"}
			}
		},
		{
			"from": [3, 4, 13.5],
			"to": [13, 5, 15.5],
			"rotation": {"angle": 0, "axis": "y", "origin": [8, 8, 8]},
			"faces": {
				"east": {"uv": [0, 15, 2, 16], "texture": "#3", "cullface": "south"},
				"south": {"uv": [0, 15, 10, 16], "texture": "#3", "cullface": "south"},
				"west": {"uv": [8, 15, 10, 16], "texture": "#3", "cullface": "south"},
				"up": {"uv": [10, 16, 0, 14], "rotation": 180, "texture": "#3", "cullface": "south"},
				"down": {"uv": [10, 14, 0, 16], "rotation": 180, "texture": "#3", "cullface": "south"}
			}
		},
		{
			"from": [0, 3, 3.5],
			"to": [2, 4, 13.5],
			"rotation": {"angle": 0, "axis": "y", "origin": [8, 8, 8]},
			"faces": {
				"north": {"uv": [8, 13, 10, 14], "texture": "#3", "cullface": "west"},
				"south": {"uv": [0, 13, 2, 14], "texture": "#3", "cullface": "west"},
				"west": {"uv": [0, 13, 10, 14], "texture": "#3", "cullface": "west"},
				"up": {"uv": [10, 14, 0, 12], "rotation": 270, "texture": "#3", "cullface": "west"},
				"down": {"uv": [10, 12, 0, 14], "rotation": 90, "texture": "#3", "cullface": "west"}
			}
		},
		{
			"from": [0.5, 2, 2.5],
			"to": [2.5, 3, 12.5],
			"rotation": {"angle": 0, "axis": "y", "origin": [8, 8, 8]},
			"faces": {
				"north": {"uv": [8, 15, 10, 16], "texture": "#3", "cullface": "west"},
				"south": {"uv": [0, 15, 2, 16], "texture": "#3", "cullface": "west"},
				"west": {"uv": [0, 15, 10, 16], "texture": "#3", "cullface": "west"},
				"up": {"uv": [10, 16, 0, 14], "rotation": 270, "texture": "#3", "cullface": "west"},
				"down": {"uv": [10, 14, 0, 16], "rotation": 90, "texture": "#3", "cullface": "west"}
			}
		},
		{
			"from": [0.5, 4, 3],
			"to": [2.5, 5, 13],
			"rotation": {"angle": 0, "axis": "y", "origin": [8, 8, 8]},
			"faces": {
				"north": {"uv": [8, 15, 10, 16], "texture": "#3", "cullface": "west"},
				"south": {"uv": [0, 15, 2, 16], "texture": "#3", "cullface": "west"},
				"west": {"uv": [0, 15, 10, 16], "texture": "#3", "cullface": "west"},
				"up": {"uv": [10, 16, 0, 14], "rotation": 270, "texture": "#3", "cullface": "west"},
				"down": {"uv": [10, 14, 0, 16], "rotation": 90, "texture": "#3", "cullface": "west"}
			}
		},
		{
			"from": [0, 14, 15],
			"to": [15, 16, 16],
			"rotation": {"angle": 0, "axis": "y", "origin": [8, 8, 8]},
			"faces": {
				"north": {"uv": [1, 0, 16, 2], "texture": "#side", "cullface": "up"},
				"south": {"uv": [0, 0, 15, 2], "texture": "#side", "cullface": "south"},
				"west": {"uv": [15, 0, 16, 2], "texture": "#side", "cullface": "west"},
				"up": {"uv": [0, 15, 15, 16], "texture": "#top", "cullface": "up"}
			}
		},
		{
			"from": [15, 14, 1],
			"to": [16, 16, 16],
			"rotation": {"angle": 0, "axis": "y", "origin": [8, 8, 8]},
			"faces": {
				"east": {"uv": [0, 0, 15, 2], "texture": "#side", "cullface": "east"},
				"south": {"uv": [15, 0, 16, 2], "texture": "#side", "cullface": "south"},
				"west": {"uv": [1, 0, 16, 2], "texture": "#side", "cullface": "up"},
				"up": {"uv": [15, 1, 16, 16], "texture": "#top", "cullface": "up"}
			}
		},
		{
			"from": [1, 14, 0],
			"to": [16, 16, 1],
			"rotation": {"angle": 0, "axis": "y", "origin": [8, 8, 8]},
			"faces": {
				"north": {"uv": [0, 0, 15, 2], "texture": "#side", "cullface": "north"},
				"east": {"uv": [15, 0, 16, 2], "texture": "#side", "cullface": "east"},
				"south": {"uv": [1, 0, 16, 2], "texture": "#side", "cullface": "up"},
				"up": {"uv": [1, 0, 16, 1], "texture": "#top", "cullface": "up"}
			}
		},
		{
			"from": [0, 14, 0],
			"to": [1, 16, 15],
			"rotation": {"angle": 0, "axis": "y", "origin": [8, 8, 8]},
			"faces": {
				"north": {"uv": [15, 0, 16, 2], "texture": "#side", "cullface": "north"},
				"east": {"uv": [1, 0, 16, 2], "texture": "#side", "cullface": "up"},
				"west": {"uv": [0, 0, 15, 2], "texture": "#side", "cullface": "west"},
				"up": {"uv": [0, 0, 1, 15], "texture": "#top", "cullface": "up"}
			}
		},
		{
			"from": [3, 14, 3],
			"to": [13, 15, 13],
			"rotation": {"angle": 0, "axis": "y", "origin": [8, 8, 8]},
			"faces": {
				"north": {"uv": [3, 12, 13, 13], "texture": "#4", "cullface": "up"},
				"east": {"uv": [3, 3, 4, 13], "rotation": 270, "texture": "#4", "cullface": "up"},
				"south": {"uv": [3, 3, 13, 4], "rotation": 180, "texture": "#4", "cullface": "up"},
				"west": {"uv": [12, 3, 13, 13], "rotation": 90, "texture": "#4", "cullface": "up"},
				"up": {"uv": [3, 3, 13, 13], "texture": "#4", "cullface": "up"}
			}
		}
	],
	"groups": [
		0,
		1,
		2,
		3,
		4,
		5,
		6,
		7,
		8,
		{
			"name": "group",
			"origin": [8, 8, 8],
			"color": 0,
			"children": [9, 10, 11]
		},
		{
			"name": "group",
			"origin": [8, 8, 8],
			"color": 0,
			"children": [12, 13, 14]
		},
		{
			"name": "group",
			"origin": [8, 8, 8],
			"color": 0,
			"children": [15, 16, 17]
		},
		{
			"name": "group",
			"origin": [8, 8, 8],
			"color": 0,
			"children": [18, 19, 20]
		},
		{
			"name": "group",
			"origin": [8, 8, 8],
			"color": 0,
			"children": [21, 22, 23, 24]
		},
		25
	]
}