{
	"credit": "Made by XeKr with Blockbench",
	"parent": "block/block",
	"textures": {
		"particle": "block/jungle_planks",
		"texture": "block/jungle_planks",
		"in": "block/jungle_log_top"
	},
	"elements": [
		{
			"name": "Box1",
			"from": [6.5, 2, 6.5],
			"to": [9.5, 14, 9.5],
			"faces": {
				"north": {"uv": [0, 2, 3, 14], "texture": "#texture"},
				"east": {"uv": [0, 2, 3, 14], "texture": "#texture"},
				"south": {"uv": [0, 2, 3, 14], "texture": "#texture"},
				"west": {"uv": [0, 2, 3, 14], "texture": "#texture"}
			}
		},
		{
			"name": "Box1",
			"from": [6, 0, 6],
			"to": [10, 2, 10],
			"faces": {
				"north": {"uv": [1, 14, 5, 16], "texture": "#texture"},
				"east": {"uv": [1, 14, 5, 16], "texture": "#texture"},
				"south": {"uv": [1, 14, 5, 16], "texture": "#texture"},
				"west": {"uv": [1, 14, 5, 16], "texture": "#texture"},
				"up": {"uv": [6, 6, 10, 10], "texture": "#in"},
				"down": {"uv": [6, 6, 10, 10], "texture": "#in"}
			}
		},
		{
			"name": "Box1",
			"from": [6, 14, 6],
			"to": [10, 16, 10],
			"faces": {
				"north": {"uv": [9, 14, 13, 16], "texture": "#texture"},
				"east": {"uv": [9, 14, 13, 16], "texture": "#texture"},
				"south": {"uv": [9, 14, 13, 16], "texture": "#texture"},
				"west": {"uv": [9, 14, 13, 16], "texture": "#texture"},
				"up": {"uv": [6, 6, 10, 10], "texture": "#in"},
				"down": {"uv": [6, 6, 10, 10], "texture": "#in"}
			}
		}
	]
}