{
	"credit": "Made by XeKr with Blockbench",
	"parent": "block/block",
	"textures": {
		"0": "block/loom3d_bottom",
		"1": "block/loom3d_detail",
		"2": "block/loom3d_front",
		"3": "block/loom3d_side",
		"4": "block/loom3d_top",
		"particle": "block/loom3d_front"
	},
	"elements": [
		{
			"from": [0, 0, 0],
			"to": [16, 1, 16],
			"rotation": {"angle": 0, "axis": "y", "origin": [8, 8, 8]},
			"faces": {
				"north": {"uv": [0, 15, 16, 16], "texture": "#3"},
				"east": {"uv": [0, 15, 16, 16], "texture": "#3"},
				"south": {"uv": [0, 0, 16, 1], "texture": "#3"},
				"west": {"uv": [0, 15, 16, 16], "texture": "#3"},
				"up": {"uv": [0, 0, 16, 16], "rotation": 180, "texture": "#0"},
				"down": {"uv": [0, 0, 16, 16], "rotation": 180, "texture": "#0"}
			}
		},
		{
			"from": [0.5, 7, 0.5],
			"to": [15.5, 9, 15],
			"rotation": {"angle": 0, "axis": "y", "origin": [8, 8, 8]},
			"faces": {
				"north": {"uv": [0.5, 7, 15.5, 9], "texture": "#3"},
				"east": {"uv": [1, 7, 15.5, 9], "texture": "#3"},
				"south": {"uv": [0.5, 7, 15.5, 9], "texture": "#3"},
				"west": {"uv": [0.5, 7, 15, 9], "texture": "#3"},
				"up": {"uv": [0.5, 1, 15.5, 15.5], "rotation": 180, "texture": "#0"},
				"down": {"uv": [0.5, 0.5, 15.5, 15], "rotation": 180, "texture": "#0"}
			}
		},
		{
			"from": [14, 1, 9],
			"to": [15, 15, 15],
			"rotation": {"angle": 0, "axis": "y", "origin": [8, 8, 8]},
			"faces": {
				"north": {"uv": [1, 1, 2, 15], "texture": "#3"},
				"east": {"uv": [1, 1, 7, 15], "texture": "#3"},
				"south": {"uv": [14, 1, 15, 15], "texture": "#3"},
				"west": {"uv": [9, 1, 15, 15], "texture": "#3"},
				"up": {"uv": [1, 1, 2, 7], "rotation": 180, "texture": "#4"}
			}
		},
		{
			"from": [1, 1, 1],
			"to": [15, 15, 9],
			"rotation": {"angle": 0, "axis": "y", "origin": [8, 8, 8]},
			"faces": {
				"north": {"uv": [1, 1, 15, 15], "texture": "#3"},
				"east": {"uv": [7, 1, 15, 15], "texture": "#3"},
				"south": {"uv": [1, 1, 15, 15], "texture": "#3"},
				"west": {"uv": [1, 1, 9, 15], "texture": "#3"},
				"up": {"uv": [1, 7, 15, 15], "rotation": 180, "texture": "#4"}
			}
		},
		{
			"from": [1, 1, 9],
			"to": [2, 15, 15],
			"rotation": {"angle": 0, "axis": "y", "origin": [8, 8, 8]},
			"faces": {
				"north": {"uv": [14, 1, 15, 15], "texture": "#3"},
				"east": {"uv": [1, 1, 7, 15], "texture": "#3"},
				"south": {"uv": [1, 1, 2, 15], "texture": "#3"},
				"west": {"uv": [9, 1, 15, 15], "texture": "#3"},
				"up": {"uv": [14, 1, 15, 7], "rotation": 180, "texture": "#4"}
			}
		},
		{
			"from": [15, 1, 0],
			"to": [16, 15, 1],
			"rotation": {"angle": 0, "axis": "y", "origin": [8, 8, 8]},
			"faces": {
				"north": {"uv": [0, 1, 1, 15], "texture": "#3"},
				"east": {"uv": [15, 1, 16, 15], "texture": "#3"},
				"south": {"uv": [15, 1, 16, 15], "texture": "#3"},
				"west": {"uv": [0, 1, 1, 15], "texture": "#3"}
			}
		},
		{
			"from": [0, 1, 0],
			"to": [1, 15, 1],
			"rotation": {"angle": 0, "axis": "y", "origin": [8, 8, 8]},
			"faces": {
				"north": {"uv": [15, 1, 16, 15], "texture": "#3"},
				"east": {"uv": [15, 1, 16, 15], "texture": "#3"},
				"south": {"uv": [0, 1, 1, 15], "texture": "#3"},
				"west": {"uv": [0, 1, 1, 15], "texture": "#3"}
			}
		},
		{
			"from": [0, 1, 15],
			"to": [1, 15, 16],
			"rotation": {"angle": 0, "axis": "y", "origin": [8, 8, 8]},
			"faces": {
				"north": {"uv": [15, 1, 16, 15], "texture": "#3"},
				"east": {"uv": [0, 1, 1, 15], "texture": "#3"},
				"south": {"uv": [0, 1, 1, 15], "texture": "#3"},
				"west": {"uv": [15, 1, 16, 15], "texture": "#3"}
			}
		},
		{
			"from": [15, 1, 15],
			"to": [16, 15, 16],
			"rotation": {"angle": 0, "axis": "y", "origin": [8, 8, 8]},
			"faces": {
				"north": {"uv": [0, 1, 1, 15], "texture": "#3"},
				"east": {"uv": [0, 1, 1, 15], "texture": "#3"},
				"south": {"uv": [15, 1, 16, 15], "texture": "#3"},
				"west": {"uv": [15, 1, 16, 15], "texture": "#3"}
			}
		},
		{
			"from": [0, 15, 0],
			"to": [1, 16, 16],
			"rotation": {"angle": 0, "axis": "y", "origin": [8, 8, 8]},
			"faces": {
				"north": {"uv": [15, 0, 16, 1], "texture": "#3"},
				"east": {"uv": [0, 0, 16, 1], "texture": "#3"},
				"south": {"uv": [0, 0, 1, 1], "texture": "#3"},
				"west": {"uv": [0, 0, 16, 1], "texture": "#3"},
				"up": {"uv": [15, 0, 16, 16], "rotation": 180, "texture": "#4"},
				"down": {"uv": [15, 0, 16, 16], "rotation": 180, "texture": "#0"}
			}
		},
		{
			"from": [1, 15, 0],
			"to": [15, 16, 1],
			"rotation": {"angle": 0, "axis": "y", "origin": [8, 8, 8]},
			"faces": {
				"north": {"uv": [1, 0, 15, 1], "texture": "#3"},
				"south": {"uv": [1, 0, 15, 1], "texture": "#3"},
				"up": {"uv": [1, 15, 15, 16], "rotation": 180, "texture": "#4"},
				"down": {"uv": [1, 0, 15, 1], "rotation": 180, "texture": "#0"}
			}
		},
		{
			"from": [1, 15, 3],
			"to": [15, 15.5, 4],
			"rotation": {"angle": 0, "axis": "y", "origin": [8, 8, 8]},
			"faces": {
				"north": {"uv": [1, 0, 15, 1], "texture": "#3"},
				"south": {"uv": [1, 0, 15, 1], "texture": "#3"},
				"up": {"uv": [1, 12, 15, 13], "rotation": 180, "texture": "#4"},
				"down": {"uv": [1, 3, 15, 4], "rotation": 180, "texture": "#0"}
			}
		},
		{
			"from": [1, 15, 8],
			"to": [15, 15.5, 9],
			"rotation": {"angle": 0, "axis": "y", "origin": [8, 8, 8]},
			"faces": {
				"north": {"uv": [1, 0, 15, 1], "texture": "#3"},
				"south": {"uv": [1, 0, 15, 1], "texture": "#3"},
				"up": {"uv": [1, 7, 15, 8], "rotation": 180, "texture": "#4"},
				"down": {"uv": [1, 8, 15, 9], "rotation": 180, "texture": "#0"}
			}
		},
		{
			"from": [1, 11, 14],
			"to": [15, 13, 15.2],
			"rotation": {"angle": 0, "axis": "y", "origin": [8, 8, 8]},
			"faces": {
				"north": {"uv": [2, 0, 16, 2], "texture": "#1"},
				"south": {"uv": [1, 3, 15, 5], "texture": "#2"},
				"up": {"uv": [1, 7, 15, 8], "rotation": 180, "texture": "#4"},
				"down": {"uv": [1, 15, 15, 16], "rotation": 180, "texture": "#0"}
			}
		},
		{
			"from": [1, 6, 15],
			"to": [15, 9, 16],
			"rotation": {"angle": 0, "axis": "y", "origin": [8, 4, 8]},
			"faces": {
				"north": {"uv": [1, 7, 15, 10], "texture": "#2"},
				"south": {"uv": [1, 7, 15, 10], "texture": "#2"},
				"up": {"uv": [1, 9, 15, 10], "rotation": 180, "texture": "#0"},
				"down": {"uv": [1, 9, 15, 10], "rotation": 180, "texture": "#0"}
			}
		},
		{
			"from": [1, 15, 15],
			"to": [15, 16, 16],
			"rotation": {"angle": 0, "axis": "y", "origin": [8, 8, 8]},
			"faces": {
				"north": {"uv": [1, 0, 15, 1], "texture": "#3"},
				"south": {"uv": [1, 0, 15, 1], "texture": "#2"},
				"up": {"uv": [1, 0, 15, 1], "rotation": 180, "texture": "#4"},
				"down": {"uv": [1, 15, 15, 16], "rotation": 180, "texture": "#0"}
			}
		},
		{
			"from": [15, 15, 0],
			"to": [16, 16, 16],
			"rotation": {"angle": 0, "axis": "y", "origin": [8, 8, 8]},
			"faces": {
				"north": {"uv": [0, 0, 1, 1], "texture": "#3"},
				"east": {"uv": [0, 0, 16, 1], "texture": "#3"},
				"south": {"uv": [15, 0, 16, 1], "texture": "#3"},
				"west": {"uv": [0, 0, 16, 1], "texture": "#3"},
				"up": {"uv": [0, 0, 1, 16], "rotation": 180, "texture": "#4"},
				"down": {"uv": [0, 0, 1, 16], "rotation": 180, "texture": "#0"}
			}
		},
		{
			"from": [2, 15.6, 3],
			"to": [3, 15.6, 9],
			"rotation": {"angle": 0, "axis": "y", "origin": [8, 8.1, 8]},
			"faces": {
				"up": {"uv": [0, 10, 1, 16], "rotation": 180, "texture": "#1"},
				"down": {"uv": [0, 10, 1, 16], "rotation": 180, "texture": "#1"}
			}
		},
		{
			"from": [2, 15.6, 1],
			"to": [3, 15.6, 3],
			"rotation": {"angle": -22.5, "axis": "x", "origin": [2.5, 15.6, 3]},
			"faces": {
				"up": {"uv": [0, 10, 1, 12], "rotation": 180, "texture": "#1"},
				"down": {"uv": [0, 10, 1, 12], "rotation": 180, "texture": "#1"}
			}
		},
		{
			"from": [2, 15.6, 9],
			"to": [3, 15.6, 15.8],
			"rotation": {"angle": 22.5, "axis": "x", "origin": [2.5, 15.6, 9]},
			"faces": {
				"up": {"uv": [0, 9, 1, 16], "rotation": 180, "texture": "#1"},
				"down": {"uv": [0, 9, 1, 16], "rotation": 180, "texture": "#1"}
			}
		},
		{
			"from": [3, 13.5, 9],
			"to": [4, 13.5, 15.5],
			"rotation": {"angle": -22.5, "axis": "x", "origin": [3.5, 13.5, 9]},
			"faces": {
				"up": {"uv": [1, 9, 2, 16], "rotation": 180, "texture": "#1"},
				"down": {"uv": [1, 9, 2, 16], "rotation": 180, "texture": "#1"}
			}
		},
		{
			"from": [3, 12.2, 16],
			"to": [4, 15, 16],
			"rotation": {"angle": 45, "axis": "x", "origin": [3.5, 15, 16]},
			"faces": {
				"north": {"uv": [1, 9, 2, 12], "texture": "#1"},
				"south": {"uv": [1, 9, 2, 12], "rotation": 180, "texture": "#1"}
			}
		},
		{
			"from": [3, 8.1, 14],
			"to": [4, 11, 14],
			"rotation": {"angle": -45, "axis": "x", "origin": [3.5, 11, 14]},
			"faces": {
				"north": {"uv": [1, 9, 2, 12], "texture": "#1"},
				"south": {"uv": [1, 9, 2, 12], "rotation": 180, "texture": "#1"}
			}
		},
		{
			"from": [2, 7, 15.3],
			"to": [3, 13, 15.3],
			"rotation": {"angle": 0, "axis": "x", "origin": [2.5, 13, 15.3]},
			"faces": {
				"north": {"uv": [0, 2, 1, 8], "texture": "#1"},
				"south": {"uv": [0, 2, 1, 8], "rotation": 180, "texture": "#1"}
			}
		},
		{
			"from": [4, 15.6, 3],
			"to": [5, 15.6, 9],
			"rotation": {"angle": 0, "axis": "y", "origin": [10, 8.1, 8]},
			"faces": {
				"up": {"uv": [0, 10, 1, 16], "rotation": 180, "texture": "#1"},
				"down": {"uv": [0, 10, 1, 16], "rotation": 180, "texture": "#1"}
			}
		},
		{
			"from": [4, 15.6, 1],
			"to": [5, 15.6, 3],
			"rotation": {"angle": -22.5, "axis": "x", "origin": [4.5, 15.6, 3]},
			"faces": {
				"up": {"uv": [0, 10, 1, 12], "rotation": 180, "texture": "#1"},
				"down": {"uv": [0, 10, 1, 12], "rotation": 180, "texture": "#1"}
			}
		},
		{
			"from": [4, 15.6, 9],
			"to": [5, 15.6, 15.8],
			"rotation": {"angle": 22.5, "axis": "x", "origin": [4.5, 15.6, 9]},
			"faces": {
				"up": {"uv": [0, 9, 1, 16], "rotation": 180, "texture": "#1"},
				"down": {"uv": [0, 9, 1, 16], "rotation": 180, "texture": "#1"}
			}
		},
		{
			"from": [5, 13.5, 9],
			"to": [6, 13.5, 15.5],
			"rotation": {"angle": -22.5, "axis": "x", "origin": [5.5, 13.5, 9]},
			"faces": {
				"up": {"uv": [1, 9, 2, 16], "rotation": 180, "texture": "#1"},
				"down": {"uv": [1, 9, 2, 16], "rotation": 180, "texture": "#1"}
			}
		},
		{
			"from": [5, 12.2, 16],
			"to": [6, 15, 16],
			"rotation": {"angle": 45, "axis": "x", "origin": [5.5, 15, 16]},
			"faces": {
				"north": {"uv": [1, 9, 2, 12], "texture": "#1"},
				"south": {"uv": [1, 9, 2, 12], "rotation": 180, "texture": "#1"}
			}
		},
		{
			"from": [5, 8.1, 14],
			"to": [6, 11, 14],
			"rotation": {"angle": -45, "axis": "x", "origin": [5.5, 11, 14]},
			"faces": {
				"north": {"uv": [1, 9, 2, 12], "texture": "#1"},
				"south": {"uv": [1, 9, 2, 12], "rotation": 180, "texture": "#1"}
			}
		},
		{
			"from": [4, 7, 15.3],
			"to": [5, 13, 15.3],
			"rotation": {"angle": 0, "axis": "x", "origin": [4.5, 13, 15.3]},
			"faces": {
				"north": {"uv": [0, 2, 1, 8], "texture": "#1"},
				"south": {"uv": [0, 2, 1, 8], "rotation": 180, "texture": "#1"}
			}
		},
		{
			"from": [6, 15.6, 3],
			"to": [7, 15.6, 9],
			"rotation": {"angle": 0, "axis": "y", "origin": [12, 8.1, 8]},
			"faces": {
				"up": {"uv": [0, 10, 1, 16], "rotation": 180, "texture": "#1"},
				"down": {"uv": [0, 10, 1, 16], "rotation": 180, "texture": "#1"}
			}
		},
		{
			"from": [6, 15.6, 1],
			"to": [7, 15.6, 3],
			"rotation": {"angle": -22.5, "axis": "x", "origin": [6.5, 15.6, 3]},
			"faces": {
				"up": {"uv": [0, 10, 1, 12], "rotation": 180, "texture": "#1"},
				"down": {"uv": [0, 10, 1, 12], "rotation": 180, "texture": "#1"}
			}
		},
		{
			"from": [6, 15.6, 9],
			"to": [7, 15.6, 15.8],
			"rotation": {"angle": 22.5, "axis": "x", "origin": [6.5, 15.6, 9]},
			"faces": {
				"up": {"uv": [0, 9, 1, 16], "rotation": 180, "texture": "#1"},
				"down": {"uv": [0, 9, 1, 16], "rotation": 180, "texture": "#1"}
			}
		},
		{
			"from": [7, 13.5, 9],
			"to": [8, 13.5, 15.5],
			"rotation": {"angle": -22.5, "axis": "x", "origin": [7.5, 13.5, 9]},
			"faces": {
				"up": {"uv": [1, 9, 2, 16], "rotation": 180, "texture": "#1"},
				"down": {"uv": [1, 9, 2, 16], "rotation": 180, "texture": "#1"}
			}
		},
		{
			"from": [7, 12.2, 16],
			"to": [8, 15, 16],
			"rotation": {"angle": 45, "axis": "x", "origin": [7.5, 15, 16]},
			"faces": {
				"north": {"uv": [1, 9, 2, 12], "texture": "#1"},
				"south": {"uv": [1, 9, 2, 12], "rotation": 180, "texture": "#1"}
			}
		},
		{
			"from": [7, 8.1, 14],
			"to": [8, 11, 14],
			"rotation": {"angle": -45, "axis": "x", "origin": [7.5, 11, 14]},
			"faces": {
				"north": {"uv": [1, 9, 2, 12], "texture": "#1"},
				"south": {"uv": [1, 9, 2, 12], "rotation": 180, "texture": "#1"}
			}
		},
		{
			"from": [6, 7, 15.3],
			"to": [7, 13, 15.3],
			"rotation": {"angle": 0, "axis": "x", "origin": [6.5, 13, 15.3]},
			"faces": {
				"north": {"uv": [0, 2, 1, 8], "texture": "#1"},
				"south": {"uv": [0, 2, 1, 8], "rotation": 180, "texture": "#1"}
			}
		},
		{
			"from": [8, 15.6, 3],
			"to": [9, 15.6, 9],
			"rotation": {"angle": 0, "axis": "y", "origin": [14, 8.1, 8]},
			"faces": {
				"up": {"uv": [0, 10, 1, 16], "rotation": 180, "texture": "#1"},
				"down": {"uv": [0, 10, 1, 16], "rotation": 180, "texture": "#1"}
			}
		},
		{
			"from": [8, 15.6, 1],
			"to": [9, 15.6, 3],
			"rotation": {"angle": -22.5, "axis": "x", "origin": [8.5, 15.6, 3]},
			"faces": {
				"up": {"uv": [0, 10, 1, 12], "rotation": 180, "texture": "#1"},
				"down": {"uv": [0, 10, 1, 12], "rotation": 180, "texture": "#1"}
			}
		},
		{
			"from": [8, 15.6, 9],
			"to": [9, 15.6, 15.8],
			"rotation": {"angle": 22.5, "axis": "x", "origin": [8.5, 15.6, 9]},
			"faces": {
				"up": {"uv": [0, 9, 1, 16], "rotation": 180, "texture": "#1"},
				"down": {"uv": [0, 9, 1, 16], "rotation": 180, "texture": "#1"}
			}
		},
		{
			"from": [9, 13.5, 9],
			"to": [10, 13.5, 15.5],
			"rotation": {"angle": -22.5, "axis": "x", "origin": [9.5, 13.5, 9]},
			"faces": {
				"up": {"uv": [1, 9, 2, 16], "rotation": 180, "texture": "#1"},
				"down": {"uv": [1, 9, 2, 16], "rotation": 180, "texture": "#1"}
			}
		},
		{
			"from": [9, 12.2, 16],
			"to": [10, 15, 16],
			"rotation": {"angle": 45, "axis": "x", "origin": [9.5, 15, 16]},
			"faces": {
				"north": {"uv": [1, 9, 2, 12], "texture": "#1"},
				"south": {"uv": [1, 9, 2, 12], "rotation": 180, "texture": "#1"}
			}
		},
		{
			"from": [9, 8.1, 14],
			"to": [10, 11, 14],
			"rotation": {"angle": -45, "axis": "x", "origin": [9.5, 11, 14]},
			"faces": {
				"north": {"uv": [1, 9, 2, 12], "texture": "#1"},
				"south": {"uv": [1, 9, 2, 12], "rotation": 180, "texture": "#1"}
			}
		},
		{
			"from": [8, 7, 15.3],
			"to": [9, 13, 15.3],
			"rotation": {"angle": 0, "axis": "x", "origin": [8.5, 13, 15.3]},
			"faces": {
				"north": {"uv": [0, 2, 1, 8], "texture": "#1"},
				"south": {"uv": [0, 2, 1, 8], "rotation": 180, "texture": "#1"}
			}
		},
		{
			"from": [10, 15.6, 3],
			"to": [11, 15.6, 9],
			"rotation": {"angle": 0, "axis": "y", "origin": [16, 8.1, 8]},
			"faces": {
				"up": {"uv": [0, 10, 1, 16], "rotation": 180, "texture": "#1"},
				"down": {"uv": [0, 10, 1, 16], "rotation": 180, "texture": "#1"}
			}
		},
		{
			"from": [10, 15.6, 1],
			"to": [11, 15.6, 3],
			"rotation": {"angle": -22.5, "axis": "x", "origin": [10.5, 15.6, 3]},
			"faces": {
				"up": {"uv": [0, 10, 1, 12], "rotation": 180, "texture": "#1"},
				"down": {"uv": [0, 10, 1, 12], "rotation": 180, "texture": "#1"}
			}
		},
		{
			"from": [10, 15.6, 9],
			"to": [11, 15.6, 15.8],
			"rotation": {"angle": 22.5, "axis": "x", "origin": [10.5, 15.6, 9]},
			"faces": {
				"up": {"uv": [0, 9, 1, 16], "rotation": 180, "texture": "#1"},
				"down": {"uv": [0, 9, 1, 16], "rotation": 180, "texture": "#1"}
			}
		},
		{
			"from": [11, 13.5, 9],
			"to": [12, 13.5, 15.5],
			"rotation": {"angle": -22.5, "axis": "x", "origin": [11.5, 13.5, 9]},
			"faces": {
				"up": {"uv": [1, 9, 2, 16], "rotation": 180, "texture": "#1"},
				"down": {"uv": [1, 9, 2, 16], "rotation": 180, "texture": "#1"}
			}
		},
		{
			"from": [11, 12.2, 16],
			"to": [12, 15, 16],
			"rotation": {"angle": 45, "axis": "x", "origin": [11.5, 15, 16]},
			"faces": {
				"north": {"uv": [1, 9, 2, 12], "texture": "#1"},
				"south": {"uv": [1, 9, 2, 12], "rotation": 180, "texture": "#1"}
			}
		},
		{
			"from": [11, 8.1, 14],
			"to": [12, 11, 14],
			"rotation": {"angle": -45, "axis": "x", "origin": [11.5, 11, 14]},
			"faces": {
				"north": {"uv": [1, 9, 2, 12], "texture": "#1"},
				"south": {"uv": [1, 9, 2, 12], "rotation": 180, "texture": "#1"}
			}
		},
		{
			"from": [10, 7, 15.3],
			"to": [11, 13, 15.3],
			"rotation": {"angle": 0, "axis": "x", "origin": [10.5, 13, 15.3]},
			"faces": {
				"north": {"uv": [0, 2, 1, 8], "texture": "#1"},
				"south": {"uv": [0, 2, 1, 8], "rotation": 180, "texture": "#1"}
			}
		},
		{
			"from": [12, 15.6, 3],
			"to": [13, 15.6, 9],
			"rotation": {"angle": 0, "axis": "y", "origin": [18, 8.1, 8]},
			"faces": {
				"up": {"uv": [0, 10, 1, 16], "rotation": 180, "texture": "#1"},
				"down": {"uv": [0, 10, 1, 16], "rotation": 180, "texture": "#1"}
			}
		},
		{
			"from": [12, 15.6, 1],
			"to": [13, 15.6, 3],
			"rotation": {"angle": -22.5, "axis": "x", "origin": [12.5, 15.6, 3]},
			"faces": {
				"up": {"uv": [0, 10, 1, 12], "rotation": 180, "texture": "#1"},
				"down": {"uv": [0, 10, 1, 12], "rotation": 180, "texture": "#1"}
			}
		},
		{
			"from": [12, 15.6, 9],
			"to": [13, 15.6, 15.8],
			"rotation": {"angle": 22.5, "axis": "x", "origin": [12.5, 15.6, 9]},
			"faces": {
				"up": {"uv": [0, 9, 1, 16], "rotation": 180, "texture": "#1"},
				"down": {"uv": [0, 9, 1, 16], "rotation": 180, "texture": "#1"}
			}
		},
		{
			"from": [13, 13.5, 9],
			"to": [14, 13.5, 15.5],
			"rotation": {"angle": -22.5, "axis": "x", "origin": [13.5, 13.5, 9]},
			"faces": {
				"up": {"uv": [1, 9, 2, 16], "rotation": 180, "texture": "#1"},
				"down": {"uv": [1, 9, 2, 16], "rotation": 180, "texture": "#1"}
			}
		},
		{
			"from": [13, 12.2, 16],
			"to": [14, 15, 16],
			"rotation": {"angle": 45, "axis": "x", "origin": [13.5, 15, 16]},
			"faces": {
				"north": {"uv": [1, 9, 2, 12], "texture": "#1"},
				"south": {"uv": [1, 9, 2, 12], "rotation": 180, "texture": "#1"}
			}
		},
		{
			"from": [13, 8.1, 14],
			"to": [14, 11, 14],
			"rotation": {"angle": -45, "axis": "x", "origin": [13.5, 11, 14]},
			"faces": {
				"north": {"uv": [1, 9, 2, 12], "texture": "#1"},
				"south": {"uv": [1, 9, 2, 12], "rotation": 180, "texture": "#1"}
			}
		},
		{
			"from": [12, 7, 15.3],
			"to": [13, 13, 15.3],
			"rotation": {"angle": 0, "axis": "x", "origin": [12.5, 13, 15.3]},
			"faces": {
				"north": {"uv": [0, 2, 1, 8], "texture": "#1"},
				"south": {"uv": [0, 2, 1, 8], "rotation": 180, "texture": "#1"}
			}
		},
		{
			"from": [1, 15.5, 9],
			"to": [15, 15.5, 15],
			"rotation": {"angle": 0, "axis": "x", "origin": [8, 15.5, 15.5]},
			"faces": {
				"down": {"uv": [1, 1, 15, 7], "rotation": 180, "texture": "#0"}
			}
		},
		{
			"from": [1, 9, 15.5],
			"to": [15, 15, 15.5],
			"rotation": {"angle": 0, "axis": "x", "origin": [8, 15.5, 15.5]},
			"faces": {
				"north": {"uv": [1, 1, 15, 7], "rotation": 180, "texture": "#0"}
			}
		},
		{
			"from": [10, 1, 12],
			"to": [13, 5, 15],
			"rotation": {"angle": 0, "axis": "y", "origin": [16, 0, 16]},
			"faces": {
				"north": {"uv": [9, 12, 12, 16], "texture": "#1"},
				"east": {"uv": [9, 12, 12, 16], "texture": "#1"},
				"south": {"uv": [9, 12, 12, 16], "texture": "#1"},
				"west": {"uv": [9, 12, 12, 16], "texture": "#1"},
				"up": {"uv": [9, 7, 12, 10], "rotation": 180, "texture": "#1"}
			}
		},
		{
			"from": [3, 1, 11],
			"to": [6, 4, 15],
			"rotation": {"angle": 0, "axis": "x", "origin": [4.5, 3, 13.5]},
			"faces": {
				"north": {"uv": [9, 7, 12, 10], "texture": "#1"},
				"east": {"uv": [9, 12, 12, 16], "rotation": 270, "texture": "#1"},
				"south": {"uv": [9, 7, 12, 10], "rotation": 180, "texture": "#1"},
				"west": {"uv": [9, 12, 12, 16], "rotation": 90, "texture": "#1"},
				"up": {"uv": [9, 12, 12, 16], "rotation": 180, "texture": "#1"}
			}
		},
		{
			"from": [8, 1, 9],
			"to": [11, 6, 12],
			"rotation": {"angle": 0, "axis": "y", "origin": [16, 0, 16]},
			"faces": {
				"east": {"uv": [13, 11, 16, 16], "texture": "#1"},
				"south": {"uv": [13, 11, 16, 16], "texture": "#1"},
				"west": {"uv": [13, 11, 16, 16], "texture": "#1"},
				"up": {"uv": [13, 7, 16, 10], "rotation": 180, "texture": "#1"}
			}
		}
	],
	"groups": [
		0,
		1,
		2,
		3,
		4,
		5,
		6,
		7,
		8,
		9,
		10,
		11,
		12,
		13,
		14,
		15,
		16,
		{
			"name": "group",
			"origin": [13.5, 13, 0.7],
			"color": 0,
			"children": [17, 18, 19, 20, 21, 22, 23, 24, 25, 26, 27, 28, 29, 30, 31, 32, 33, 34, 35, 36, 37, 38, 39, 40, 41, 42, 43, 44, 45, 46, 47, 48, 49, 50, 51, 52, 53, 54, 55, 56, 57, 58]
		},
		59,
		60,
		61,
		62,
		63
	]
}