{
	"credit": "Made by XeKr with Blockbench",
	"parent": "block/block",
	"textures": {
		"0": "block/loom3d_bottom",
		"1": "block/loom3d_detail",
		"2": "block/loom3d_front",
		"3": "block/loom3d_side",
		"4": "block/loom3d_top",
		"particle": "block/loom3d_front"
	},
	"elements": [
		{
			"from": [0, 0, 0],
			"to": [16, 1, 16],
			"rotation": {"angle": 0, "axis": "y", "origin": [8, 8, 8]},
			"faces": {
				"north": {"uv": [0, 15, 16, 16], "texture": "#3"},
				"east": {"uv": [0, 0, 16, 1], "texture": "#3"},
				"south": {"uv": [0, 15, 16, 16], "texture": "#3"},
				"west": {"uv": [0, 15, 16, 16], "texture": "#3"},
				"up": {"uv": [0, 0, 16, 16], "rotation": 90, "texture": "#0"},
				"down": {"uv": [0, 0, 16, 16], "rotation": 270, "texture": "#0"}
			}
		},
		{
			"from": [0.5, 7, 0.5],
			"to": [15, 9, 15.5],
			"rotation": {"angle": 0, "axis": "y", "origin": [8, 8, 8]},
			"faces": {
				"north": {"uv": [1, 7, 15.5, 9], "texture": "#3"},
				"east": {"uv": [0.5, 7, 15.5, 9], "texture": "#3"},
				"south": {"uv": [0.5, 7, 15, 9], "texture": "#3"},
				"west": {"uv": [0.5, 7, 15.5, 9], "texture": "#3"},
				"up": {"uv": [0.5, 1, 15.5, 15.5], "rotation": 90, "texture": "#0"},
				"down": {"uv": [0.5, 0.5, 15.5, 15], "rotation": 270, "texture": "#0"}
			}
		},
		{
			"from": [9, 1, 1],
			"to": [15, 15, 2],
			"rotation": {"angle": 0, "axis": "y", "origin": [8, 8, 8]},
			"faces": {
				"north": {"uv": [1, 1, 7, 15], "texture": "#3"},
				"east": {"uv": [14, 1, 15, 15], "texture": "#3"},
				"south": {"uv": [9, 1, 15, 15], "texture": "#3"},
				"west": {"uv": [1, 1, 2, 15], "texture": "#3"},
				"up": {"uv": [1, 1, 2, 7], "rotation": 90, "texture": "#4"}
			}
		},
		{
			"from": [1, 1, 1],
			"to": [9, 15, 15],
			"rotation": {"angle": 0, "axis": "y", "origin": [8, 8, 8]},
			"faces": {
				"north": {"uv": [7, 1, 15, 15], "texture": "#3"},
				"east": {"uv": [1, 1, 15, 15], "texture": "#3"},
				"south": {"uv": [1, 1, 9, 15], "texture": "#3"},
				"west": {"uv": [1, 1, 15, 15], "texture": "#3"},
				"up": {"uv": [1, 7, 15, 15], "rotation": 90, "texture": "#4"}
			}
		},
		{
			"from": [9, 1, 14],
			"to": [15, 15, 15],
			"rotation": {"angle": 0, "axis": "y", "origin": [8, 8, 8]},
			"faces": {
				"north": {"uv": [1, 1, 7, 15], "texture": "#3"},
				"east": {"uv": [1, 1, 2, 15], "texture": "#3"},
				"south": {"uv": [9, 1, 15, 15], "texture": "#3"},
				"west": {"uv": [14, 1, 15, 15], "texture": "#3"},
				"up": {"uv": [14, 1, 15, 7], "rotation": 90, "texture": "#4"}
			}
		},
		{
			"from": [0, 1, 0],
			"to": [1, 15, 1],
			"rotation": {"angle": 0, "axis": "y", "origin": [8, 8, 8]},
			"faces": {
				"north": {"uv": [15, 1, 16, 15], "texture": "#3"},
				"east": {"uv": [15, 1, 16, 15], "texture": "#3"},
				"south": {"uv": [0, 1, 1, 15], "texture": "#3"},
				"west": {"uv": [0, 1, 1, 15], "texture": "#3"}
			}
		},
		{
			"from": [0, 1, 15],
			"to": [1, 15, 16],
			"rotation": {"angle": 0, "axis": "y", "origin": [8, 8, 8]},
			"faces": {
				"north": {"uv": [15, 1, 16, 15], "texture": "#3"},
				"east": {"uv": [0, 1, 1, 15], "texture": "#3"},
				"south": {"uv": [0, 1, 1, 15], "texture": "#3"},
				"west": {"uv": [15, 1, 16, 15], "texture": "#3"}
			}
		},
		{
			"from": [15, 1, 15],
			"to": [16, 15, 16],
			"rotation": {"angle": 0, "axis": "y", "origin": [8, 8, 8]},
			"faces": {
				"north": {"uv": [0, 1, 1, 15], "texture": "#3"},
				"east": {"uv": [0, 1, 1, 15], "texture": "#3"},
				"south": {"uv": [15, 1, 16, 15], "texture": "#3"},
				"west": {"uv": [15, 1, 16, 15], "texture": "#3"}
			}
		},
		{
			"from": [15, 1, 0],
			"to": [16, 15, 1],
			"rotation": {"angle": 0, "axis": "y", "origin": [8, 8, 8]},
			"faces": {
				"north": {"uv": [0, 1, 1, 15], "texture": "#3"},
				"east": {"uv": [15, 1, 16, 15], "texture": "#3"},
				"south": {"uv": [15, 1, 16, 15], "texture": "#3"},
				"west": {"uv": [0, 1, 1, 15], "texture": "#3"}
			}
		},
		{
			"from": [0, 15, 15],
			"to": [16, 16, 16],
			"rotation": {"angle": 0, "axis": "y", "origin": [8, 8, 8]},
			"faces": {
				"north": {"uv": [0, 0, 16, 1], "texture": "#3"},
				"east": {"uv": [0, 0, 1, 1], "texture": "#3"},
				"south": {"uv": [0, 0, 16, 1], "texture": "#3"},
				"west": {"uv": [15, 0, 16, 1], "texture": "#3"},
				"up": {"uv": [15, 0, 16, 16], "rotation": 90, "texture": "#4"},
				"down": {"uv": [15, 0, 16, 16], "rotation": 270, "texture": "#0"}
			}
		},
		{
			"from": [0, 15, 1],
			"to": [1, 16, 15],
			"rotation": {"angle": 0, "axis": "y", "origin": [8, 8, 8]},
			"faces": {
				"east": {"uv": [1, 0, 15, 1], "texture": "#3"},
				"west": {"uv": [1, 0, 15, 1], "texture": "#3"},
				"up": {"uv": [1, 15, 15, 16], "rotation": 90, "texture": "#4"},
				"down": {"uv": [1, 0, 15, 1], "rotation": 270, "texture": "#0"}
			}
		},
		{
			"from": [3, 15, 1],
			"to": [4, 15.5, 15],
			"rotation": {"angle": 0, "axis": "y", "origin": [8, 8, 8]},
			"faces": {
				"east": {"uv": [1, 0, 15, 1], "texture": "#3"},
				"west": {"uv": [1, 0, 15, 1], "texture": "#3"},
				"up": {"uv": [1, 12, 15, 13], "rotation": 90, "texture": "#4"},
				"down": {"uv": [1, 3, 15, 4], "rotation": 270, "texture": "#0"}
			}
		},
		{
			"from": [8, 15, 1],
			"to": [9, 15.5, 15],
			"rotation": {"angle": 0, "axis": "y", "origin": [8, 8, 8]},
			"faces": {
				"east": {"uv": [1, 0, 15, 1], "texture": "#3"},
				"west": {"uv": [1, 0, 15, 1], "texture": "#3"},
				"up": {"uv": [1, 7, 15, 8], "rotation": 90, "texture": "#4"},
				"down": {"uv": [1, 8, 15, 9], "rotation": 270, "texture": "#0"}
			}
		},
		{
			"from": [14, 11, 1],
			"to": [15.2, 13, 15],
			"rotation": {"angle": 0, "axis": "y", "origin": [8, 8, 8]},
			"faces": {
				"east": {"uv": [1, 3, 15, 5], "texture": "#2"},
				"west": {"uv": [2, 0, 16, 2], "texture": "#1"},
				"up": {"uv": [1, 7, 15, 8], "rotation": 90, "texture": "#4"},
				"down": {"uv": [1, 15, 15, 16], "rotation": 270, "texture": "#0"}
			}
		},
		{
			"from": [15, 6, 1],
			"to": [16, 9, 15],
			"rotation": {"angle": 0, "axis": "y", "origin": [8, 4, 8]},
			"faces": {
				"east": {"uv": [1, 7, 15, 10], "texture": "#2"},
				"west": {"uv": [1, 7, 15, 10], "texture": "#2"},
				"up": {"uv": [1, 9, 15, 10], "rotation": 90, "texture": "#0"},
				"down": {"uv": [1, 9, 15, 10], "rotation": 270, "texture": "#0"}
			}
		},
		{
			"from": [15, 15, 1],
			"to": [16, 16, 15],
			"rotation": {"angle": 0, "axis": "y", "origin": [8, 8, 8]},
			"faces": {
				"east": {"uv": [1, 0, 15, 1], "texture": "#2"},
				"west": {"uv": [1, 0, 15, 1], "texture": "#3"},
				"up": {"uv": [1, 0, 15, 1], "rotation": 90, "texture": "#4"},
				"down": {"uv": [1, 15, 15, 16], "rotation": 270, "texture": "#0"}
			}
		},
		{
			"from": [0, 15, 0],
			"to": [16, 16, 1],
			"rotation": {"angle": 0, "axis": "y", "origin": [8, 8, 8]},
			"faces": {
				"north": {"uv": [0, 0, 16, 1], "texture": "#3"},
				"east": {"uv": [15, 0, 16, 1], "texture": "#3"},
				"south": {"uv": [0, 0, 16, 1], "texture": "#3"},
				"west": {"uv": [0, 0, 1, 1], "texture": "#3"},
				"up": {"uv": [0, 0, 1, 16], "rotation": 90, "texture": "#4"},
				"down": {"uv": [0, 0, 1, 16], "rotation": 270, "texture": "#0"}
			}
		},
		{
			"from": [3, 15.6, 13],
			"to": [9, 15.6, 14],
			"rotation": {"angle": 0, "axis": "y", "origin": [8, 8.1, 8]},
			"faces": {
				"up": {"uv": [0, 10, 1, 16], "rotation": 90, "texture": "#1"},
				"down": {"uv": [0, 10, 1, 16], "rotation": 270, "texture": "#1"}
			}
		},
		{
			"from": [1, 15.6, 13],
			"to": [3, 15.6, 14],
			"rotation": {"angle": 22.5, "axis": "z", "origin": [3, 15.6, 13.5]},
			"faces": {
				"up": {"uv": [0, 10, 1, 12], "rotation": 90, "texture": "#1"},
				"down": {"uv": [0, 10, 1, 12], "rotation": 270, "texture": "#1"}
			}
		},
		{
			"from": [9, 15.6, 13],
			"to": [15.8, 15.6, 14],
			"rotation": {"angle": -22.5, "axis": "z", "origin": [9, 15.6, 13.5]},
			"faces": {
				"up": {"uv": [0, 9, 1, 16], "rotation": 90, "texture": "#1"},
				"down": {"uv": [0, 9, 1, 16], "rotation": 270, "texture": "#1"}
			}
		},
		{
			"from": [9, 13.5, 12],
			"to": [15.5, 13.5, 13],
			"rotation": {"angle": 22.5, "axis": "z", "origin": [9, 13.5, 12.5]},
			"faces": {
				"up": {"uv": [1, 9, 2, 16], "rotation": 90, "texture": "#1"},
				"down": {"uv": [1, 9, 2, 16], "rotation": 270, "texture": "#1"}
			}
		},
		{
			"from": [16, 12.2, 12],
			"to": [16, 15, 13],
			"rotation": {"angle": -45, "axis": "z", "origin": [16, 15, 12.5]},
			"faces": {
				"east": {"uv": [1, 9, 2, 12], "rotation": 180, "texture": "#1"},
				"west": {"uv": [1, 9, 2, 12], "texture": "#1"}
			}
		},
		{
			"from": [14, 8.1, 12],
			"to": [14, 11, 13],
			"rotation": {"angle": 45, "axis": "z", "origin": [14, 11, 12.5]},
			"faces": {
				"east": {"uv": [1, 9, 2, 12], "rotation": 180, "texture": "#1"},
				"west": {"uv": [1, 9, 2, 12], "texture": "#1"}
			}
		},
		{
			"from": [15.3, 7, 13],
			"to": [15.3, 13, 14],
			"rotation": {"angle": 0, "axis": "x", "origin": [15.3, 13, 13.5]},
			"faces": {
				"east": {"uv": [0, 2, 1, 8], "rotation": 180, "texture": "#1"},
				"west": {"uv": [0, 2, 1, 8], "texture": "#1"}
			}
		},
		{
			"from": [3, 15.6, 11],
			"to": [9, 15.6, 12],
			"rotation": {"angle": 0, "axis": "y", "origin": [8, 8.1, 6]},
			"faces": {
				"up": {"uv": [0, 10, 1, 16], "rotation": 90, "texture": "#1"},
				"down": {"uv": [0, 10, 1, 16], "rotation": 270, "texture": "#1"}
			}
		},
		{
			"from": [1, 15.6, 11],
			"to": [3, 15.6, 12],
			"rotation": {"angle": 22.5, "axis": "z", "origin": [3, 15.6, 11.5]},
			"faces": {
				"up": {"uv": [0, 10, 1, 12], "rotation": 90, "texture": "#1"},
				"down": {"uv": [0, 10, 1, 12], "rotation": 270, "texture": "#1"}
			}
		},
		{
			"from": [9, 15.6, 11],
			"to": [15.8, 15.6, 12],
			"rotation": {"angle": -22.5, "axis": "z", "origin": [9, 15.6, 11.5]},
			"faces": {
				"up": {"uv": [0, 9, 1, 16], "rotation": 90, "texture": "#1"},
				"down": {"uv": [0, 9, 1, 16], "rotation": 270, "texture": "#1"}
			}
		},
		{
			"from": [9, 13.5, 10],
			"to": [15.5, 13.5, 11],
			"rotation": {"angle": 22.5, "axis": "z", "origin": [9, 13.5, 10.5]},
			"faces": {
				"up": {"uv": [1, 9, 2, 16], "rotation": 90, "texture": "#1"},
				"down": {"uv": [1, 9, 2, 16], "rotation": 270, "texture": "#1"}
			}
		},
		{
			"from": [16, 12.2, 10],
			"to": [16, 15, 11],
			"rotation": {"angle": -45, "axis": "z", "origin": [16, 15, 10.5]},
			"faces": {
				"east": {"uv": [1, 9, 2, 12], "rotation": 180, "texture": "#1"},
				"west": {"uv": [1, 9, 2, 12], "texture": "#1"}
			}
		},
		{
			"from": [14, 8.1, 10],
			"to": [14, 11, 11],
			"rotation": {"angle": 45, "axis": "z", "origin": [14, 11, 10.5]},
			"faces": {
				"east": {"uv": [1, 9, 2, 12], "rotation": 180, "texture": "#1"},
				"west": {"uv": [1, 9, 2, 12], "texture": "#1"}
			}
		},
		{
			"from": [15.3, 7, 11],
			"to": [15.3, 13, 12],
			"rotation": {"angle": 0, "axis": "x", "origin": [15.3, 13, 11.5]},
			"faces": {
				"east": {"uv": [0, 2, 1, 8], "rotation": 180, "texture": "#1"},
				"west": {"uv": [0, 2, 1, 8], "texture": "#1"}
			}
		},
		{
			"from": [3, 15.6, 9],
			"to": [9, 15.6, 10],
			"rotation": {"angle": 0, "axis": "y", "origin": [8, 8.1, 4]},
			"faces": {
				"up": {"uv": [0, 10, 1, 16], "rotation": 90, "texture": "#1"},
				"down": {"uv": [0, 10, 1, 16], "rotation": 270, "texture": "#1"}
			}
		},
		{
			"from": [1, 15.6, 9],
			"to": [3, 15.6, 10],
			"rotation": {"angle": 22.5, "axis": "z", "origin": [3, 15.6, 9.5]},
			"faces": {
				"up": {"uv": [0, 10, 1, 12], "rotation": 90, "texture": "#1"},
				"down": {"uv": [0, 10, 1, 12], "rotation": 270, "texture": "#1"}
			}
		},
		{
			"from": [9, 15.6, 9],
			"to": [15.8, 15.6, 10],
			"rotation": {"angle": -22.5, "axis": "z", "origin": [9, 15.6, 9.5]},
			"faces": {
				"up": {"uv": [0, 9, 1, 16], "rotation": 90, "texture": "#1"},
				"down": {"uv": [0, 9, 1, 16], "rotation": 270, "texture": "#1"}
			}
		},
		{
			"from": [9, 13.5, 8],
			"to": [15.5, 13.5, 9],
			"rotation": {"angle": 22.5, "axis": "z", "origin": [9, 13.5, 8.5]},
			"faces": {
				"up": {"uv": [1, 9, 2, 16], "rotation": 90, "texture": "#1"},
				"down": {"uv": [1, 9, 2, 16], "rotation": 270, "texture": "#1"}
			}
		},
		{
			"from": [16, 12.2, 8],
			"to": [16, 15, 9],
			"rotation": {"angle": -45, "axis": "z", "origin": [16, 15, 8.5]},
			"faces": {
				"east": {"uv": [1, 9, 2, 12], "rotation": 180, "texture": "#1"},
				"west": {"uv": [1, 9, 2, 12], "texture": "#1"}
			}
		},
		{
			"from": [14, 8.1, 8],
			"to": [14, 11, 9],
			"rotation": {"angle": 45, "axis": "z", "origin": [14, 11, 8.5]},
			"faces": {
				"east": {"uv": [1, 9, 2, 12], "rotation": 180, "texture": "#1"},
				"west": {"uv": [1, 9, 2, 12], "texture": "#1"}
			}
		},
		{
			"from": [15.3, 7, 9],
			"to": [15.3, 13, 10],
			"rotation": {"angle": 0, "axis": "x", "origin": [15.3, 13, 9.5]},
			"faces": {
				"east": {"uv": [0, 2, 1, 8], "rotation": 180, "texture": "#1"},
				"west": {"uv": [0, 2, 1, 8], "texture": "#1"}
			}
		},
		{
			"from": [3, 15.6, 7],
			"to": [9, 15.6, 8],
			"rotation": {"angle": 0, "axis": "y", "origin": [8, 8.1, 2]},
			"faces": {
				"up": {"uv": [0, 10, 1, 16], "rotation": 90, "texture": "#1"},
				"down": {"uv": [0, 10, 1, 16], "rotation": 270, "texture": "#1"}
			}
		},
		{
			"from": [1, 15.6, 7],
			"to": [3, 15.6, 8],
			"rotation": {"angle": 22.5, "axis": "z", "origin": [3, 15.6, 7.5]},
			"faces": {
				"up": {"uv": [0, 10, 1, 12], "rotation": 90, "texture": "#1"},
				"down": {"uv": [0, 10, 1, 12], "rotation": 270, "texture": "#1"}
			}
		},
		{
			"from": [9, 15.6, 7],
			"to": [15.8, 15.6, 8],
			"rotation": {"angle": -22.5, "axis": "z", "origin": [9, 15.6, 7.5]},
			"faces": {
				"up": {"uv": [0, 9, 1, 16], "rotation": 90, "texture": "#1"},
				"down": {"uv": [0, 9, 1, 16], "rotation": 270, "texture": "#1"}
			}
		},
		{
			"from": [9, 13.5, 6],
			"to": [15.5, 13.5, 7],
			"rotation": {"angle": 22.5, "axis": "z", "origin": [9, 13.5, 6.5]},
			"faces": {
				"up": {"uv": [1, 9, 2, 16], "rotation": 90, "texture": "#1"},
				"down": {"uv": [1, 9, 2, 16], "rotation": 270, "texture": "#1"}
			}
		},
		{
			"from": [16, 12.2, 6],
			"to": [16, 15, 7],
			"rotation": {"angle": -45, "axis": "z", "origin": [16, 15, 6.5]},
			"faces": {
				"east": {"uv": [1, 9, 2, 12], "rotation": 180, "texture": "#1"},
				"west": {"uv": [1, 9, 2, 12], "texture": "#1"}
			}
		},
		{
			"from": [14, 8.1, 6],
			"to": [14, 11, 7],
			"rotation": {"angle": 45, "axis": "z", "origin": [14, 11, 6.5]},
			"faces": {
				"east": {"uv": [1, 9, 2, 12], "rotation": 180, "texture": "#1"},
				"west": {"uv": [1, 9, 2, 12], "texture": "#1"}
			}
		},
		{
			"from": [15.3, 7, 7],
			"to": [15.3, 13, 8],
			"rotation": {"angle": 0, "axis": "x", "origin": [15.3, 13, 7.5]},
			"faces": {
				"east": {"uv": [0, 2, 1, 8], "rotation": 180, "texture": "#1"},
				"west": {"uv": [0, 2, 1, 8], "texture": "#1"}
			}
		},
		{
			"from": [3, 15.6, 5],
			"to": [9, 15.6, 6],
			"rotation": {"angle": 0, "axis": "y", "origin": [8, 8.1, 0]},
			"faces": {
				"up": {"uv": [0, 10, 1, 16], "rotation": 90, "texture": "#1"},
				"down": {"uv": [0, 10, 1, 16], "rotation": 270, "texture": "#1"}
			}
		},
		{
			"from": [1, 15.6, 5],
			"to": [3, 15.6, 6],
			"rotation": {"angle": 22.5, "axis": "z", "origin": [3, 15.6, 5.5]},
			"faces": {
				"up": {"uv": [0, 10, 1, 12], "rotation": 90, "texture": "#1"},
				"down": {"uv": [0, 10, 1, 12], "rotation": 270, "texture": "#1"}
			}
		},
		{
			"from": [9, 15.6, 5],
			"to": [15.8, 15.6, 6],
			"rotation": {"angle": -22.5, "axis": "z", "origin": [9, 15.6, 5.5]},
			"faces": {
				"up": {"uv": [0, 9, 1, 16], "rotation": 90, "texture": "#1"},
				"down": {"uv": [0, 9, 1, 16], "rotation": 270, "texture": "#1"}
			}
		},
		{
			"from": [9, 13.5, 4],
			"to": [15.5, 13.5, 5],
			"rotation": {"angle": 22.5, "axis": "z", "origin": [9, 13.5, 4.5]},
			"faces": {
				"up": {"uv": [1, 9, 2, 16], "rotation": 90, "texture": "#1"},
				"down": {"uv": [1, 9, 2, 16], "rotation": 270, "texture": "#1"}
			}
		},
		{
			"from": [16, 12.2, 4],
			"to": [16, 15, 5],
			"rotation": {"angle": -45, "axis": "z", "origin": [16, 15, 4.5]},
			"faces": {
				"east": {"uv": [1, 9, 2, 12], "rotation": 180, "texture": "#1"},
				"west": {"uv": [1, 9, 2, 12], "texture": "#1"}
			}
		},
		{
			"from": [14, 8.1, 4],
			"to": [14, 11, 5],
			"rotation": {"angle": 45, "axis": "z", "origin": [14, 11, 4.5]},
			"faces": {
				"east": {"uv": [1, 9, 2, 12], "rotation": 180, "texture": "#1"},
				"west": {"uv": [1, 9, 2, 12], "texture": "#1"}
			}
		},
		{
			"from": [15.3, 7, 5],
			"to": [15.3, 13, 6],
			"rotation": {"angle": 0, "axis": "x", "origin": [15.3, 13, 5.5]},
			"faces": {
				"east": {"uv": [0, 2, 1, 8], "rotation": 180, "texture": "#1"},
				"west": {"uv": [0, 2, 1, 8], "texture": "#1"}
			}
		},
		{
			"from": [3, 15.6, 3],
			"to": [9, 15.6, 4],
			"rotation": {"angle": 0, "axis": "y", "origin": [8, 8.1, -2]},
			"faces": {
				"up": {"uv": [0, 10, 1, 16], "rotation": 90, "texture": "#1"},
				"down": {"uv": [0, 10, 1, 16], "rotation": 270, "texture": "#1"}
			}
		},
		{
			"from": [1, 15.6, 3],
			"to": [3, 15.6, 4],
			"rotation": {"angle": 22.5, "axis": "z", "origin": [3, 15.6, 3.5]},
			"faces": {
				"up": {"uv": [0, 10, 1, 12], "rotation": 90, "texture": "#1"},
				"down": {"uv": [0, 10, 1, 12], "rotation": 270, "texture": "#1"}
			}
		},
		{
			"from": [9, 15.6, 3],
			"to": [15.8, 15.6, 4],
			"rotation": {"angle": -22.5, "axis": "z", "origin": [9, 15.6, 3.5]},
			"faces": {
				"up": {"uv": [0, 9, 1, 16], "rotation": 90, "texture": "#1"},
				"down": {"uv": [0, 9, 1, 16], "rotation": 270, "texture": "#1"}
			}
		},
		{
			"from": [9, 13.5, 2],
			"to": [15.5, 13.5, 3],
			"rotation": {"angle": 22.5, "axis": "z", "origin": [9, 13.5, 2.5]},
			"faces": {
				"up": {"uv": [1, 9, 2, 16], "rotation": 90, "texture": "#1"},
				"down": {"uv": [1, 9, 2, 16], "rotation": 270, "texture": "#1"}
			}
		},
		{
			"from": [16, 12.2, 2],
			"to": [16, 15, 3],
			"rotation": {"angle": -45, "axis": "z", "origin": [16, 15, 2.5]},
			"faces": {
				"east": {"uv": [1, 9, 2, 12], "rotation": 180, "texture": "#1"},
				"west": {"uv": [1, 9, 2, 12], "texture": "#1"}
			}
		},
		{
			"from": [14, 8.1, 2],
			"to": [14, 11, 3],
			"rotation": {"angle": 45, "axis": "z", "origin": [14, 11, 2.5]},
			"faces": {
				"east": {"uv": [1, 9, 2, 12], "rotation": 180, "texture": "#1"},
				"west": {"uv": [1, 9, 2, 12], "texture": "#1"}
			}
		},
		{
			"from": [15.3, 7, 3],
			"to": [15.3, 13, 4],
			"rotation": {"angle": 0, "axis": "x", "origin": [15.3, 13, 3.5]},
			"faces": {
				"east": {"uv": [0, 2, 1, 8], "rotation": 180, "texture": "#1"},
				"west": {"uv": [0, 2, 1, 8], "texture": "#1"}
			}
		},
		{
			"from": [9, 15.5, 1],
			"to": [15, 15.5, 15],
			"rotation": {"angle": 0, "axis": "x", "origin": [15.5, 15.5, 8]},
			"faces": {
				"down": {"uv": [1, 1, 15, 7], "rotation": 270, "texture": "#0"}
			}
		},
		{
			"from": [15.5, 9, 1],
			"to": [15.5, 15, 15],
			"rotation": {"angle": 0, "axis": "x", "origin": [15.5, 15.5, 8]},
			"faces": {
				"west": {"uv": [1, 1, 15, 7], "rotation": 180, "texture": "#0"}
			}
		},
		{
			"from": [12, 1, 3],
			"to": [15, 5, 6],
			"rotation": {"angle": 0, "axis": "y", "origin": [16, 0, 0]},
			"faces": {
				"north": {"uv": [9, 12, 12, 16], "texture": "#1"},
				"east": {"uv": [9, 12, 12, 16], "texture": "#1"},
				"south": {"uv": [9, 12, 12, 16], "texture": "#1"},
				"west": {"uv": [9, 12, 12, 16], "texture": "#1"},
				"up": {"uv": [9, 7, 12, 10], "rotation": 90, "texture": "#1"}
			}
		},
		{
			"from": [11, 1, 10],
			"to": [15, 4, 13],
			"rotation": {"angle": 0, "axis": "x", "origin": [13.5, 3, 11.5]},
			"faces": {
				"north": {"uv": [9, 12, 12, 16], "rotation": 270, "texture": "#1"},
				"east": {"uv": [9, 7, 12, 10], "rotation": 180, "texture": "#1"},
				"south": {"uv": [9, 12, 12, 16], "rotation": 90, "texture": "#1"},
				"west": {"uv": [9, 7, 12, 10], "texture": "#1"},
				"up": {"uv": [9, 12, 12, 16], "rotation": 90, "texture": "#1"}
			}
		},
		{
			"from": [9, 1, 5],
			"to": [12, 6, 8],
			"rotation": {"angle": 0, "axis": "y", "origin": [16, 0, 0]},
			"faces": {
				"north": {"uv": [13, 11, 16, 16], "texture": "#1"},
				"east": {"uv": [13, 11, 16, 16], "texture": "#1"},
				"south": {"uv": [13, 11, 16, 16], "texture": "#1"},
				"up": {"uv": [13, 7, 16, 10], "rotation": 90, "texture": "#1"}
			}
		}
	],
	"groups": [
		0,
		1,
		2,
		3,
		4,
		5,
		6,
		7,
		8,
		9,
		10,
		11,
		12,
		13,
		14,
		15,
		16,
		{
			"name": "group",
			"origin": [13.5, 13, 0.7],
			"color": 0,
			"children": [17, 18, 19, 20, 21, 22, 23, 24, 25, 26, 27, 28, 29, 30, 31, 32, 33, 34, 35, 36, 37, 38, 39, 40, 41, 42, 43, 44, 45, 46, 47, 48, 49, 50, 51, 52, 53, 54, 55, 56, 57, 58]
		},
		59,
		60,
		61,
		62,
		63
	]
}