{
	"credit": "Made by XeKr with Blockbench",
	"parent": "block/block",
	"textures": {
		"out": "block/stripped_mangrove_log",
		"particle": "block/mangrove_planks",
		"texture": "block/mangrove_planks"
	},
	"elements": [
		{
			"name": "Box9",
			"from": [0, 0, 6.5],
			"to": [3, 15, 9.5],
			"faces": {
				"north": {"uv": [6, 1, 9, 16], "texture": "#out"},
				"east": {"uv": [6, 1, 9, 16], "texture": "#out"},
				"south": {"uv": [6, 1, 9, 16], "texture": "#out"},
				"west": {"uv": [6, 1, 9, 16], "texture": "#out"},
				"up": {"uv": [0, 8, 3, 11], "texture": "#texture"},
				"down": {"uv": [0, 4, 3, 7], "texture": "#texture"}
			}
		},
		{
			"name": "Box9",
			"from": [13, 0, 6.5],
			"to": [16, 15, 9.5],
			"faces": {
				"north": {"uv": [6, 1, 9, 16], "texture": "#out"},
				"east": {"uv": [6, 1, 9, 16], "texture": "#out"},
				"south": {"uv": [6, 1, 9, 16], "texture": "#out"},
				"west": {"uv": [6, 1, 9, 16], "texture": "#out"},
				"up": {"uv": [0, 8, 3, 11], "texture": "#texture"},
				"down": {"uv": [0, 4, 3, 7], "texture": "#texture"}
			}
		},
		{
			"name": "Box14",
			"from": [3, 2, 7.5],
			"to": [13, 5, 8.5],
			"rotation": {"angle": 0, "axis": "y", "origin": [1.5, 8, 8]},
			"faces": {
				"north": {"uv": [4, 1, 7, 11], "rotation": 90, "texture": "#texture"},
				"east": {"uv": [4, 3, 7, 4], "rotation": 90, "texture": "#texture"},
				"south": {"uv": [4, 1, 7, 11], "rotation": 90, "texture": "#texture"}
			}
		},
		{
			"name": "Box11",
			"from": [3, 11, 7],
			"to": [13, 14, 9],
			"rotation": {"angle": 0, "axis": "y", "origin": [1.5, 8, 8]},
			"faces": {
				"north": {"uv": [3, 1, 13, 4], "texture": "#texture"},
				"east": {"uv": [3, 1, 5, 4], "texture": "#texture"},
				"south": {"uv": [3, 1, 13, 4], "texture": "#texture"},
				"up": {"uv": [3, 8, 13, 10], "texture": "#texture"},
				"down": {"uv": [3, 8, 13, 10], "texture": "#texture"}
			}
		},
		{
			"name": "Box11",
			"from": [3, 5, 7],
			"to": [13, 8, 9],
			"rotation": {"angle": 0, "axis": "y", "origin": [1.5, 8, 8]},
			"faces": {
				"north": {"uv": [4, 9, 14, 12], "texture": "#texture"},
				"east": {"uv": [3, 1, 5, 4], "texture": "#texture"},
				"south": {"uv": [3, 9, 13, 12], "texture": "#texture"},
				"up": {"uv": [2, 8, 12, 10], "texture": "#texture"},
				"down": {"uv": [2, 8, 12, 10], "texture": "#texture"}
			}
		},
		{
			"name": "Box12",
			"from": [3, 1, 7],
			"to": [13, 2, 9],
			"rotation": {"angle": 0, "axis": "y", "origin": [1.5, 8, 8]},
			"faces": {
				"north": {"uv": [4, 13, 14, 14], "texture": "#texture"},
				"east": {"uv": [3, 13, 5, 14], "texture": "#texture"},
				"south": {"uv": [3, 13, 13, 14], "texture": "#texture"},
				"up": {"uv": [2, 8, 12, 10], "texture": "#texture"},
				"down": {"uv": [2, 8, 12, 10], "texture": "#texture"}
			}
		},
		{
			"name": "Box13",
			"from": [7, 8, 7.5],
			"to": [9, 11, 8.5],
			"rotation": {"angle": 0, "axis": "y", "origin": [1.5, 8, 8]},
			"faces": {
				"north": {"uv": [1, 8, 4, 10], "rotation": 90, "texture": "#texture"},
				"east": {"uv": [1, 10, 4, 11], "rotation": 90, "texture": "#texture"},
				"south": {"uv": [1, 8, 4, 10], "rotation": 90, "texture": "#texture"},
				"west": {"uv": [1, 10, 4, 11], "rotation": 90, "texture": "#texture"}
			}
		}
	],
	"display": {
		"gui": {
			"rotation": [30, 45, 0],
			"translation": [0, -1, 0],
			"scale": [0.8, 0.8, 0.8]
		},
		"head": {
			"translation": [0, -3, -6]
		}
	}
}