{
	"credit": "Made by XeKr with Blockbench",
	"parent": "block/block",
	"textures": {
		"texture": "block/mangrove_planks"
	},
	"elements": [
		{
			"name": "top bar",
			"from": [7, 11, 0],
			"to": [9, 13.95, 9],
			"faces": {
				"north": {"uv": [5, 1, 7, 4], "texture": "#texture", "cullface": "north"},
				"east": {"uv": [7, 5, 16, 8], "texture": "#texture"},
				"west": {"uv": [0, 5, 9, 8], "texture": "#texture"},
				"up": {"uv": [6, 4.5, 15, 6.5], "rotation": 90, "texture": "#texture"},
				"down": {"uv": [6, 4.5, 15, 6.5], "rotation": 90, "texture": "#texture"}
			}
		},
		{
			"name": "lower bar",
			"from": [7, 5, 0],
			"to": [9, 8, 9],
			"faces": {
				"north": {"uv": [8, 1, 10, 4], "texture": "#texture", "cullface": "north"},
				"east": {"uv": [7, 9, 16, 12], "texture": "#texture"},
				"west": {"uv": [0, 9, 9, 12], "texture": "#texture"},
				"up": {"uv": [6, 4.5, 15, 6.5], "rotation": 90, "texture": "#texture"},
				"down": {"uv": [6, 4.5, 15, 6.5], "rotation": 90, "texture": "#texture"}
			}
		},
		{
			"name": "lower bar",
			"from": [7, 1, 0],
			"to": [9, 2, 9],
			"faces": {
				"north": {"uv": [8, 1, 10, 2], "texture": "#texture"},
				"east": {"uv": [7, 14, 16, 15], "texture": "#texture"},
				"west": {"uv": [0, 14, 9, 15], "texture": "#texture"},
				"up": {"uv": [6, 4.5, 15, 6.5], "rotation": 90, "texture": "#texture"},
				"down": {"uv": [6, 4.5, 15, 6.5], "rotation": 90, "texture": "#texture"}
			}
		},
		{
			"name": "Box4",
			"from": [7.5, 8, 0],
			"to": [8.5, 11, 2],
			"faces": {
				"north": {"uv": [0, 6, 3, 7], "rotation": 90, "texture": "#texture"},
				"east": {"uv": [0, 5, 3, 7], "rotation": 90, "texture": "#texture"},
				"south": {"uv": [0, 6, 3, 7], "rotation": 90, "texture": "#texture"},
				"west": {"uv": [0, 3, 3, 5], "rotation": 90, "texture": "#texture"}
			}
		},
		{
			"name": "Box5",
			"from": [7.5, 2, 0],
			"to": [8.5, 5, 9],
			"faces": {
				"north": {"uv": [0, 6, 3, 7], "rotation": 90, "texture": "#texture"},
				"east": {"uv": [0, 5, 3, 14], "rotation": 90, "texture": "#texture"},
				"west": {"uv": [0, 4, 3, 13], "rotation": 90, "texture": "#texture"}
			}
		}
	]
}