{
	"credit": "Made by XeKr with Blockbench",
	"textures": {
		"side": "block/oak_door3d_side",
		"particle": "block/oak_door3d_bottom_flip",
		"front": "block/oak_door3d_bottom_flip",
		"back": "block/oak_door3d_bottom",
		"inner": "block/oak_door3d_bottom_inner"
	},
	"elements": [
		{
			"from": [0, 0, 0],
			"to": [3, 16, 16],
			"faces": {
				"north": {"uv": [3, 0, 6, 16], "texture": "#side", "cullface": "north"},
				"east": {"uv": [0, 0, 16, 16], "texture": "#back"},
				"south": {"uv": [9, 0, 12, 16], "texture": "#side", "cullface": "south"},
				"west": {"uv": [16, 0, 0, 16], "texture": "#front", "cullface": "west"},
				"down": {"uv": [0, 0, 3, 16], "rotation": 180, "texture": "#side", "cullface": "down"}
			}
		},
		{
			"from": [3.01, 12.01, 12.01],
			"to": [-0.01, 3.99, 3.99],
			"faces": {
				"north": {"uv": [3, 4, 0, 12], "texture": "#side"},
				"south": {"uv": [3, 4, 0, 12], "texture": "#side"},
				"up": {"uv": [0, 4, 3, 12], "texture": "#side"},
				"down": {"uv": [0, 4, 3, 12], "texture": "#side"}
			}
		},
		{
			"from": [0.49, 3.99, 3.99],
			"to": [2.51, 12.01, 12.01],
			"faces": {
				"east": {"uv": [4, 4, 12, 12], "texture": "#inner"},
				"west": {"uv": [4, 4, 12, 12], "texture": "#inner"}
			}
		},
		{
			"from": [0, 5, 5],
			"to": [3, 11, 11],
			"faces": {
				"north": {"uv": [0, 5, 3, 11], "texture": "#side"},
				"east": {"uv": [5, 5, 11, 11], "texture": "#inner"},
				"south": {"uv": [0, 5, 3, 11], "texture": "#side"},
				"west": {"uv": [5, 5, 11, 11], "texture": "#inner"},
				"up": {"uv": [0, 5, 3, 11], "texture": "#side"},
				"down": {"uv": [0, 5, 3, 11], "texture": "#side"}
			}
		}
	]
}