{
	"credit": "Made by XeKr with Blockbench",
	"parent": "block/rail_flat",
	"textures": {
		"rail": "block/powered_rail3d_on",
		"stand": "block/rail3d_stand",
		"stand2": "block/rail3d_stand2"
	},
	"elements": [
		{
			"from": [4, 1.1, 15.5],
			"to": [6, 24.1, 16.5],
			"rotation": {"angle": -45, "axis": "x", "origin": [8, 2, 16]},
			"faces": {
				"north": {"uv": [0, 16, 2, 0], "rotation": 180, "texture": "#rail"},
				"east": {"uv": [1, 0, 2, 16], "texture": "#rail"},
				"south": {"uv": [0, 0, 2, 16], "texture": "#rail"},
				"west": {"uv": [0, 16, 1, 0], "rotation": 180, "texture": "#rail"},
				"up": {"uv": [2, 15, 0, 16], "rotation": 180, "texture": "#rail"},
				"down": {"uv": [0, 0, 2, 1], "texture": "#rail"}
			}
		},
		{
			"from": [6, 1.1, 15.4],
			"to": [7, 23.9, 16],
			"rotation": {"angle": -45, "axis": "x", "origin": [9, 2, 16]},
			"faces": {
				"north": {"uv": [2, 16, 3, 0], "rotation": 180, "texture": "#rail"},
				"east": {"uv": [2, 0, 3, 16], "texture": "#rail"},
				"south": {"uv": [2, 0, 3, 16], "texture": "#rail"},
				"west": {"uv": [2, 16, 3, 0], "rotation": 180, "texture": "#rail"},
				"up": {"uv": [3, 15, 2, 16], "rotation": 180, "texture": "#rail"},
				"down": {"uv": [2, 0, 3, 1], "texture": "#rail"}
			}
		},
		{
			"from": [10, 1.1, 15.5],
			"to": [12, 24.1, 16.5],
			"rotation": {"angle": -45, "axis": "x", "origin": [8, 2, 16]},
			"faces": {
				"north": {"uv": [0, 16, 2, 0], "texture": "#rail"},
				"east": {"uv": [0, 16, 1, 0], "texture": "#rail"},
				"south": {"uv": [0, 0, 2, 16], "rotation": 180, "texture": "#rail"},
				"west": {"uv": [1, 0, 2, 16], "rotation": 180, "texture": "#rail"},
				"up": {"uv": [0, 0, 2, 1], "rotation": 180, "texture": "#rail"},
				"down": {"uv": [2, 15, 0, 16], "texture": "#rail"}
			}
		},
		{
			"from": [9, 1.1, 15.4],
			"to": [10, 23.9, 16],
			"rotation": {"angle": -45, "axis": "x", "origin": [7, 2, 16]},
			"faces": {
				"north": {"uv": [2, 16, 3, 0], "texture": "#rail"},
				"east": {"uv": [2, 16, 3, 0], "texture": "#rail"},
				"south": {"uv": [2, 0, 3, 16], "rotation": 180, "texture": "#rail"},
				"west": {"uv": [2, 0, 3, 16], "rotation": 180, "texture": "#rail"},
				"up": {"uv": [2, 0, 3, 1], "rotation": 180, "texture": "#rail"},
				"down": {"uv": [3, 15, 2, 16], "texture": "#rail"}
			}
		},
		{
			"from": [9, 16.9, -0.3],
			"to": [10, 17.5, 0.5],
			"rotation": {"angle": 0, "axis": "x", "origin": [7, 17.5, -0.2]},
			"faces": {
				"north": {"uv": [2, 0, 3, 1], "texture": "#rail", "cullface": "up"},
				"east": {"uv": [2, 1, 3, 0], "rotation": 90, "texture": "#rail"},
				"west": {"uv": [2, 0, 3, 1], "rotation": 90, "texture": "#rail"},
				"up": {"uv": [2, 0, 3, 1], "rotation": 180, "texture": "#rail"},
				"down": {"uv": [2, 1, 3, 0], "rotation": 180, "texture": "#rail"}
			}
		},
		{
			"from": [6, 16.9, -0.3],
			"to": [7, 17.5, 0.5],
			"rotation": {"angle": 0, "axis": "x", "origin": [9, 17.5, -0.2]},
			"faces": {
				"north": {"uv": [3, 15, 2, 16], "texture": "#rail", "cullface": "up"},
				"east": {"uv": [2, 0, 3, 1], "rotation": 90, "texture": "#rail"},
				"west": {"uv": [2, 1, 3, 0], "rotation": 90, "texture": "#rail"},
				"up": {"uv": [2, 0, 3, 1], "texture": "#rail"},
				"down": {"uv": [2, 1, 3, 0], "texture": "#rail"}
			}
		},
		{
			"from": [6, 1.1, 15.5],
			"to": [10, 23.75, 15.5],
			"rotation": {"angle": -45, "axis": "x", "origin": [10, 2, 16]},
			"faces": {
				"north": {"uv": [0, 16, 4, 0], "rotation": 180, "texture": "#stand2"},
				"south": {"uv": [0, 0, 4, 16], "texture": "#stand2"}
			}
		},
		{
			"from": [10, 17, -0.3],
			"to": [12, 18, 0.7],
			"rotation": {"angle": 0, "axis": "y", "origin": [8, 0, 8]},
			"faces": {
				"north": {"uv": [0, 0, 2, 1], "texture": "#rail", "cullface": "up"},
				"east": {"uv": [0, 1, 1, 0], "rotation": 90, "texture": "#rail"},
				"south": {"uv": [2, 15, 0, 16], "texture": "#rail"},
				"west": {"uv": [1, 0, 2, 1], "rotation": 90, "texture": "#rail"},
				"up": {"uv": [0, 0, 2, 1], "rotation": 180, "texture": "#rail"},
				"down": {"uv": [0, 1, 2, 0], "rotation": 180, "texture": "#rail"}
			}
		},
		{
			"from": [4, 17, -0.3],
			"to": [6, 18, 0.7],
			"rotation": {"angle": 0, "axis": "y", "origin": [8, 0, 8]},
			"faces": {
				"north": {"uv": [2, 15, 0, 16], "texture": "#rail", "cullface": "up"},
				"east": {"uv": [1, 0, 2, 1], "rotation": 90, "texture": "#rail"},
				"south": {"uv": [0, 0, 2, 1], "texture": "#rail"},
				"west": {"uv": [0, 1, 1, 0], "rotation": 90, "texture": "#rail"},
				"up": {"uv": [0, 0, 2, 1], "texture": "#rail"},
				"down": {"uv": [0, 1, 2, 0], "texture": "#rail"}
			}
		},
		{
			"from": [2, 0, 1],
			"to": [14, 1, 3],
			"faces": {
				"north": {"uv": [16, 0, 4, 1], "texture": "#rail"},
				"east": {"uv": [4, 0, 5, 2], "rotation": 90, "texture": "#rail"},
				"south": {"uv": [4, 1, 16, 2], "texture": "#rail"},
				"west": {"uv": [4, 2, 5, 0], "rotation": 90, "texture": "#rail"},
				"up": {"uv": [4, 0, 16, 2], "texture": "#rail"},
				"down": {"uv": [4, 2, 16, 0], "texture": "#rail"}
			}
		},
		{
			"from": [2, 0, 5],
			"to": [14, 1, 7],
			"faces": {
				"north": {"uv": [16, 0, 4, 1], "texture": "#rail"},
				"east": {"uv": [4, 0, 5, 2], "rotation": 90, "texture": "#rail"},
				"south": {"uv": [4, 1, 16, 2], "texture": "#rail"},
				"west": {"uv": [4, 2, 5, 0], "rotation": 90, "texture": "#rail"},
				"up": {"uv": [4, 0, 16, 2], "texture": "#rail"},
				"down": {"uv": [4, 2, 16, 0], "texture": "#rail"}
			}
		},
		{
			"from": [2, 0, 9],
			"to": [14, 1, 11],
			"faces": {
				"north": {"uv": [16, 0, 4, 1], "texture": "#rail"},
				"east": {"uv": [4, 0, 5, 2], "rotation": 90, "texture": "#rail"},
				"south": {"uv": [4, 1, 16, 2], "texture": "#rail"},
				"west": {"uv": [4, 2, 5, 0], "rotation": 90, "texture": "#rail"},
				"up": {"uv": [4, 0, 16, 2], "texture": "#rail"},
				"down": {"uv": [4, 2, 16, 0], "texture": "#rail"}
			}
		},
		{
			"from": [2, 0, 13],
			"to": [14, 1, 15],
			"faces": {
				"north": {"uv": [16, 0, 4, 1], "texture": "#rail"},
				"east": {"uv": [4, 0, 5, 2], "rotation": 90, "texture": "#rail"},
				"south": {"uv": [4, 1, 16, 2], "texture": "#rail"},
				"west": {"uv": [4, 2, 5, 0], "rotation": 90, "texture": "#rail"},
				"up": {"uv": [4, 0, 16, 2], "texture": "#rail"},
				"down": {"uv": [4, 2, 16, 0], "texture": "#rail"}
			}
		},
		{
			"from": [4.5, 1, 1.5],
			"to": [11.5, 16, 14.5],
			"rotation": {"angle": 0, "axis": "y", "origin": [14, 9, 9]},
			"faces": {
				"north": {"uv": [4, 1, 11, 16], "texture": "#stand2"},
				"east": {"uv": [16, 1, 3, 16], "texture": "#stand"},
				"west": {"uv": [3, 1, 16, 16], "texture": "#stand"}
			}
		},
		{
			"from": [7, 6.1, 15.4],
			"to": [9, 8.1, 16.4],
			"rotation": {"angle": -45, "axis": "x", "origin": [6, 2, 16]},
			"faces": {
				"north": {"uv": [14, 12, 16, 10], "texture": "#rail"},
				"east": {"uv": [14, 12, 15, 10], "texture": "#rail"},
				"south": {"uv": [14, 10, 16, 12], "rotation": 180, "texture": "#rail"},
				"west": {"uv": [14, 10, 15, 12], "rotation": 180, "texture": "#rail"},
				"up": {"uv": [14, 10, 16, 11], "rotation": 180, "texture": "#rail"},
				"down": {"uv": [16, 11, 14, 12], "texture": "#rail"}
			}
		},
		{
			"from": [7, 11.1, 15.4],
			"to": [9, 13.1, 16.4],
			"rotation": {"angle": -45, "axis": "x", "origin": [6, 2, 16]},
			"faces": {
				"north": {"uv": [14, 8, 16, 6], "texture": "#rail"},
				"east": {"uv": [14, 8, 15, 6], "texture": "#rail"},
				"south": {"uv": [14, 6, 16, 8], "rotation": 180, "texture": "#rail"},
				"west": {"uv": [14, 6, 15, 8], "rotation": 180, "texture": "#rail"},
				"up": {"uv": [14, 6, 16, 7], "rotation": 180, "texture": "#rail"},
				"down": {"uv": [16, 7, 14, 8], "texture": "#rail"}
			}
		},
		{
			"from": [7, 16.1, 15.4],
			"to": [9, 18.1, 16.4],
			"rotation": {"angle": -45, "axis": "x", "origin": [6, 2, 16]},
			"faces": {
				"north": {"uv": [14, 4, 16, 2], "texture": "#rail"},
				"east": {"uv": [14, 4, 15, 2], "texture": "#rail"},
				"south": {"uv": [14, 2, 16, 4], "rotation": 180, "texture": "#rail"},
				"west": {"uv": [14, 2, 15, 4], "rotation": 180, "texture": "#rail"},
				"up": {"uv": [14, 2, 16, 3], "rotation": 180, "texture": "#rail"},
				"down": {"uv": [16, 3, 14, 4], "texture": "#rail"}
			}
		}
	]
}