{
	"credit": "Made by XeKr with Blockbench",
	"parent": "block/rail_flat",
	"textures": {
		"1": "block/rail3d_corner",
		"particle": "block/rail3d_corner"
	},
	"elements": [
		{
			"from": [4, 1, 6],
			"to": [6, 2, 16],
			"rotation": {"angle": 0, "axis": "y", "origin": [8, 0, 8]},
			"faces": {
				"east": {"uv": [1, 6, 2, 16], "rotation": 90, "texture": "#1"},
				"south": {"uv": [0, 0, 2, 1], "texture": "#1"},
				"west": {"uv": [0, 16, 1, 6], "rotation": 90, "texture": "#1"},
				"up": {"uv": [0, 6, 2, 16], "texture": "#1"},
				"down": {"uv": [0, 16, 2, 6], "texture": "#1"}
			}
		},
		{
			"from": [10, 1, 12],
			"to": [12, 2, 16],
			"rotation": {"angle": 0, "axis": "y", "origin": [8, 0, 8]},
			"faces": {
				"east": {"uv": [0, 4, 1, 0], "rotation": 90, "texture": "#1"},
				"south": {"uv": [2, 15, 0, 16], "texture": "#1"},
				"west": {"uv": [1, 0, 2, 4], "rotation": 90, "texture": "#1"},
				"up": {"uv": [0, 0, 2, 4], "rotation": 180, "texture": "#1"},
				"down": {"uv": [0, 4, 2, 0], "rotation": 180, "texture": "#1"}
			}
		},
		{
			"from": [10, 1, 10],
			"to": [16, 2, 12],
			"rotation": {"angle": 0, "axis": "y", "origin": [8, 0, 8]},
			"faces": {
				"north": {"uv": [1, 10, 2, 16], "rotation": 90, "texture": "#1"},
				"east": {"uv": [0, 0, 2, 1], "texture": "#1"},
				"south": {"uv": [0, 16, 1, 10], "rotation": 90, "texture": "#1"},
				"west": {"uv": [4, 10, 2, 11], "texture": "#1"},
				"up": {"uv": [2, 10, 4, 16], "rotation": 270, "texture": "#1"},
				"down": {"uv": [2, 16, 4, 10], "rotation": 90, "texture": "#1"}
			}
		},
		{
			"from": [4, 1, 4],
			"to": [16, 2, 6],
			"rotation": {"angle": 0, "axis": "y", "origin": [8, 0, 8]},
			"faces": {
				"north": {"uv": [0, 12, 1, 0], "rotation": 90, "texture": "#1"},
				"east": {"uv": [2, 15, 0, 16], "texture": "#1"},
				"south": {"uv": [1, 0, 2, 12], "rotation": 90, "texture": "#1"},
				"west": {"uv": [4, 15, 6, 16], "texture": "#1"},
				"up": {"uv": [4, 4, 6, 16], "rotation": 90, "texture": "#1"},
				"down": {"uv": [4, 16, 6, 4], "rotation": 270, "texture": "#1"}
			}
		},
		{
			"from": [2, 0, 5],
			"to": [5, 1, 7],
			"rotation": {"angle": 0, "axis": "y", "origin": [8, 0, 8]},
			"faces": {
				"north": {"uv": [7, 0, 4, 1], "texture": "#1"},
				"south": {"uv": [4, 1, 7, 2], "texture": "#1"},
				"west": {"uv": [4, 2, 5, 0], "rotation": 90, "texture": "#1"},
				"up": {"uv": [4, 0, 7, 2], "texture": "#1"},
				"down": {"uv": [4, 2, 7, 0], "texture": "#1"}
			}
		},
		{
			"from": [2, 0, 9],
			"to": [9, 1, 11],
			"rotation": {"angle": 0, "axis": "y", "origin": [8, 0, 8]},
			"faces": {
				"north": {"uv": [11, 0, 4, 1], "texture": "#1"},
				"south": {"uv": [4, 1, 11, 2], "texture": "#1"},
				"west": {"uv": [4, 2, 5, 0], "rotation": 90, "texture": "#1"},
				"up": {"uv": [4, 0, 11, 2], "texture": "#1"},
				"down": {"uv": [4, 2, 11, 0], "texture": "#1"}
			}
		},
		{
			"from": [2, 0, 13],
			"to": [14, 1, 15],
			"rotation": {"angle": 0, "axis": "y", "origin": [8, 0, 8]},
			"faces": {
				"north": {"uv": [16, 0, 4, 1], "texture": "#1"},
				"east": {"uv": [4, 0, 5, 2], "rotation": 90, "texture": "#1"},
				"south": {"uv": [4, 1, 16, 2], "texture": "#1"},
				"west": {"uv": [4, 2, 5, 0], "rotation": 90, "texture": "#1"},
				"up": {"uv": [4, 0, 16, 2], "texture": "#1"},
				"down": {"uv": [4, 2, 16, 0], "texture": "#1"}
			}
		},
		{
			"from": [5, 0, 2],
			"to": [7, 1, 7],
			"rotation": {"angle": 0, "axis": "y", "origin": [8, 0, 8]},
			"faces": {
				"north": {"uv": [4, 2, 5, 0], "rotation": 90, "texture": "#1"},
				"east": {"uv": [9, 0, 4, 1], "texture": "#1"},
				"south": {"uv": [4, 0, 5, 2], "rotation": 90, "texture": "#1"},
				"west": {"uv": [4, 1, 9, 2], "texture": "#1"},
				"up": {"uv": [4, 0, 9, 2], "rotation": 90, "texture": "#1"},
				"down": {"uv": [4, 2, 9, 0], "rotation": 270, "texture": "#1"}
			}
		},
		{
			"from": [9, 0, 2],
			"to": [11, 1, 11],
			"rotation": {"angle": 0, "axis": "y", "origin": [8, 0, 8]},
			"faces": {
				"north": {"uv": [4, 2, 5, 0], "rotation": 90, "texture": "#1"},
				"east": {"uv": [13, 0, 4, 1], "texture": "#1"},
				"south": {"uv": [4, 0, 5, 2], "rotation": 90, "texture": "#1"},
				"west": {"uv": [4, 1, 13, 2], "texture": "#1"},
				"up": {"uv": [4, 0, 13, 2], "rotation": 90, "texture": "#1"},
				"down": {"uv": [4, 2, 13, 0], "rotation": 270, "texture": "#1"}
			}
		},
		{
			"from": [13, 0, 2],
			"to": [15, 1, 13],
			"rotation": {"angle": 0, "axis": "y", "origin": [8, 0, 8]},
			"faces": {
				"north": {"uv": [4, 2, 5, 0], "rotation": 90, "texture": "#1"},
				"east": {"uv": [15, 0, 4, 1], "texture": "#1"},
				"west": {"uv": [4, 1, 15, 2], "texture": "#1"},
				"up": {"uv": [4, 0, 15, 2], "rotation": 90, "texture": "#1"},
				"down": {"uv": [4, 2, 15, 0], "rotation": 270, "texture": "#1"}
			}
		},
		{
			"from": [14, 0, 13],
			"to": [15, 1, 14],
			"rotation": {"angle": 0, "axis": "y", "origin": [8, 0, 8]},
			"faces": {
				"east": {"uv": [5, 0, 4, 1], "texture": "#1"},
				"south": {"uv": [4, 0, 5, 1], "rotation": 90, "texture": "#1"},
				"up": {"uv": [4, 0, 5, 1], "rotation": 90, "texture": "#1"},
				"down": {"uv": [4, 1, 5, 0], "rotation": 270, "texture": "#1"}
			}
		}
	]
}