{
	"credit": "Made by XeKr with Blockbench",
	"parent": "block/block",
	"textures": {
		"0": "block/smithing_table3d_bottom",
		"1": "block/smithing_table3d_detail",
		"2": "block/smithing_table3d_side",
		"3": "block/smithing_table3d_top",
		"particle": "block/smithing_table3d_side"
	},
	"elements": [
		{
			"from": [0, 0, 0],
			"to": [16, 1, 16],
			"rotation": {"angle": 0, "axis": "y", "origin": [8, 8, 8]},
			"faces": {
				"north": {"uv": [0, 15, 16, 16], "texture": "#2"},
				"east": {"uv": [0, 15, 16, 16], "texture": "#2"},
				"south": {"uv": [0, 15, 16, 16], "texture": "#2"},
				"west": {"uv": [0, 15, 16, 16], "texture": "#2"},
				"up": {"uv": [0, 0, 16, 16], "texture": "#0"},
				"down": {"uv": [0, 0, 16, 16], "texture": "#0"}
			}
		},
		{
			"from": [14, 1, 0],
			"to": [16, 12, 2],
			"rotation": {"angle": 0, "axis": "y", "origin": [8, 8, 8]},
			"faces": {
				"north": {"uv": [0, 4, 2, 15], "texture": "#2"},
				"east": {"uv": [14, 4, 16, 15], "texture": "#2"},
				"south": {"uv": [14, 4, 16, 15], "texture": "#2"},
				"west": {"uv": [0, 4, 2, 15], "texture": "#2"}
			}
		},
		{
			"from": [0, 1, 0],
			"to": [2, 12, 2],
			"rotation": {"angle": 0, "axis": "y", "origin": [8, 8, 8]},
			"faces": {
				"north": {"uv": [14, 4, 16, 15], "texture": "#2"},
				"east": {"uv": [14, 4, 16, 15], "texture": "#2"},
				"south": {"uv": [0, 4, 2, 15], "texture": "#2"},
				"west": {"uv": [0, 4, 2, 15], "texture": "#2"}
			}
		},
		{
			"from": [0, 1, 14],
			"to": [2, 12, 16],
			"rotation": {"angle": 0, "axis": "y", "origin": [8, 8, 8]},
			"faces": {
				"north": {"uv": [14, 4, 16, 15], "texture": "#2"},
				"east": {"uv": [0, 4, 2, 15], "texture": "#2"},
				"south": {"uv": [0, 4, 2, 15], "texture": "#2"},
				"west": {"uv": [14, 4, 16, 15], "texture": "#2"}
			}
		},
		{
			"from": [14, 1, 14],
			"to": [16, 12, 16],
			"rotation": {"angle": 0, "axis": "y", "origin": [8, 8, 8]},
			"faces": {
				"north": {"uv": [0, 4, 2, 15], "texture": "#2"},
				"east": {"uv": [0, 4, 2, 15], "texture": "#2"},
				"south": {"uv": [14, 4, 16, 15], "texture": "#2"},
				"west": {"uv": [14, 4, 16, 15], "texture": "#2"}
			}
		},
		{
			"from": [0, 12, 0],
			"to": [16, 15, 16],
			"rotation": {"angle": 0, "axis": "y", "origin": [8, 8, 8]},
			"faces": {
				"north": {"uv": [0, 1, 16, 4], "texture": "#2"},
				"east": {"uv": [0, 1, 16, 4], "texture": "#2"},
				"south": {"uv": [0, 1, 16, 4], "texture": "#2"},
				"west": {"uv": [0, 1, 16, 4], "texture": "#2"},
				"up": {"uv": [0, 0, 16, 16], "texture": "#3"},
				"down": {"uv": [0, 0, 16, 16], "texture": "#3"}
			}
		},
		{
			"from": [0, 15, 15],
			"to": [15, 16, 16],
			"rotation": {"angle": 0, "axis": "y", "origin": [8, 8, 8]},
			"faces": {
				"north": {"uv": [1, 0, 16, 1], "texture": "#2"},
				"south": {"uv": [0, 0, 15, 1], "texture": "#2"},
				"west": {"uv": [15, 0, 16, 1], "texture": "#2"},
				"up": {"uv": [0, 15, 15, 16], "texture": "#3"},
				"down": {"uv": [0, 0, 15, 1], "texture": "#3"}
			}
		},
		{
			"from": [0, 15, 0],
			"to": [1, 16, 15],
			"rotation": {"angle": 0, "axis": "y", "origin": [8, 8, 8]},
			"faces": {
				"north": {"uv": [15, 0, 16, 1], "texture": "#2"},
				"east": {"uv": [1, 0, 16, 1], "texture": "#2"},
				"west": {"uv": [0, 0, 15, 1], "texture": "#2"},
				"up": {"uv": [0, 15, 15, 16], "rotation": 90, "texture": "#3"},
				"down": {"uv": [0, 0, 15, 1], "rotation": 270, "texture": "#3"}
			}
		},
		{
			"from": [1, 15, 0],
			"to": [16, 16, 1],
			"rotation": {"angle": 0, "axis": "y", "origin": [8, 8, 8]},
			"faces": {
				"north": {"uv": [0, 0, 15, 1], "texture": "#2"},
				"east": {"uv": [15, 0, 16, 1], "texture": "#2"},
				"south": {"uv": [1, 0, 16, 1], "texture": "#2"},
				"up": {"uv": [0, 15, 15, 16], "rotation": 180, "texture": "#3"},
				"down": {"uv": [0, 0, 15, 1], "rotation": 180, "texture": "#3"}
			}
		},
		{
			"from": [15, 15, 1],
			"to": [16, 16, 16],
			"rotation": {"angle": 0, "axis": "y", "origin": [8, 8, 8]},
			"faces": {
				"east": {"uv": [0, 0, 15, 1], "texture": "#2"},
				"south": {"uv": [15, 0, 16, 1], "texture": "#2"},
				"west": {"uv": [1, 0, 16, 1], "texture": "#2"},
				"up": {"uv": [0, 15, 15, 16], "rotation": 270, "texture": "#3"},
				"down": {"uv": [0, 0, 15, 1], "rotation": 90, "texture": "#3"}
			}
		},
		{
			"from": [1, 4, 1],
			"to": [15, 5, 15],
			"rotation": {"angle": 0, "axis": "y", "origin": [8, 8, 8]},
			"faces": {
				"north": {"uv": [1, 11, 15, 12], "texture": "#2"},
				"east": {"uv": [1, 11, 15, 12], "texture": "#2"},
				"south": {"uv": [1, 11, 15, 12], "texture": "#2"},
				"west": {"uv": [1, 11, 15, 12], "texture": "#2"},
				"up": {"uv": [1, 1, 15, 15], "texture": "#0"},
				"down": {"uv": [1, 1, 15, 15], "texture": "#0"}
			}
		},
		{
			"from": [2, 1, 2],
			"to": [14, 12, 14],
			"rotation": {"angle": 0, "axis": "y", "origin": [8, 8, 8]},
			"faces": {
				"north": {"uv": [2, 4, 14, 15], "texture": "#2"},
				"east": {"uv": [2, 4, 14, 15], "texture": "#2"},
				"south": {"uv": [2, 4, 14, 15], "texture": "#2"},
				"west": {"uv": [2, 4, 14, 15], "texture": "#2"}
			}
		},
		{
			"from": [1, 8, 1],
			"to": [15, 9, 15],
			"rotation": {"angle": 0, "axis": "y", "origin": [8, 8, 8]},
			"faces": {
				"north": {"uv": [1, 7, 15, 8], "texture": "#2"},
				"east": {"uv": [1, 7, 15, 8], "texture": "#2"},
				"south": {"uv": [1, 7, 15, 8], "texture": "#2"},
				"west": {"uv": [1, 7, 15, 8], "texture": "#2"},
				"up": {"uv": [1, 1, 15, 15], "texture": "#0"},
				"down": {"uv": [1, 1, 15, 15], "texture": "#0"}
			}
		},
		{
			"from": [2.5, 5, 1.2],
			"to": [4.5, 7, 3.2],
			"rotation": {"angle": 0, "axis": "y", "origin": [8, 8, 8]},
			"faces": {
				"north": {"uv": [14, 0, 16, 2], "texture": "#1"},
				"east": {"uv": [14, 0, 16, 2], "texture": "#1"},
				"south": {"uv": [14, 0, 16, 2], "texture": "#1"},
				"west": {"uv": [14, 0, 16, 2], "texture": "#1"},
				"up": {"uv": [14, 0, 16, 2], "rotation": 90, "texture": "#1"},
				"down": {"uv": [14, 0, 16, 2], "texture": "#1"}
			}
		},
		{
			"from": [1.2, 5, 4],
			"to": [3.2, 7, 6],
			"rotation": {"angle": 0, "axis": "y", "origin": [8, 8, 8]},
			"faces": {
				"north": {"uv": [14, 0, 16, 2], "texture": "#1"},
				"east": {"uv": [14, 0, 16, 2], "texture": "#1"},
				"south": {"uv": [14, 0, 16, 2], "texture": "#1"},
				"west": {"uv": [14, 0, 16, 2], "texture": "#1"},
				"up": {"uv": [14, 0, 16, 2], "rotation": 90, "texture": "#1"},
				"down": {"uv": [14, 0, 16, 2], "texture": "#1"}
			}
		},
		{
			"from": [1.2, 1, 3.5],
			"to": [2.2, 3, 12.5],
			"rotation": {"angle": 0, "axis": "y", "origin": [8, 8, 8]},
			"faces": {
				"north": {"uv": [7, 8, 8, 10], "texture": "#1"},
				"south": {"uv": [15, 8, 16, 10], "texture": "#1"},
				"west": {"uv": [7, 8, 16, 10], "texture": "#1"},
				"up": {"uv": [7, 8, 16, 9], "rotation": 90, "texture": "#1"}
			}
		},
		{
			"from": [3.5, 1, 1.2],
			"to": [12.5, 3, 2.2],
			"rotation": {"angle": 0, "axis": "y", "origin": [8, 8, 8]},
			"faces": {
				"north": {"uv": [7, 8, 16, 10], "texture": "#1"},
				"east": {"uv": [7, 8, 8, 10], "texture": "#1"},
				"west": {"uv": [15, 8, 16, 10], "texture": "#1"},
				"up": {"uv": [7, 8, 16, 9], "rotation": 180, "texture": "#1"}
			}
		},
		{
			"from": [11, 3.5, 0.5],
			"to": [12, 9.5, 1.5],
			"rotation": {"angle": 0, "axis": "y", "origin": [8, 8, 8]},
			"faces": {
				"north": {"uv": [6, 1, 7, 7], "texture": "#1"},
				"east": {"uv": [6, 1, 7, 7], "texture": "#1"},
				"south": {"uv": [6, 1, 7, 7], "texture": "#1"},
				"west": {"uv": [6, 1, 7, 7], "texture": "#1"},
				"up": {"uv": [6, 1, 7, 2], "texture": "#1"},
				"down": {"uv": [6, 6, 7, 7], "texture": "#1"}
			}
		},
		{
			"from": [9, 3.5, 0.5],
			"to": [10, 10.5, 1.5],
			"rotation": {"angle": 0, "axis": "y", "origin": [8, 8, 8]},
			"faces": {
				"north": {"uv": [8, 0, 9, 7], "texture": "#1"},
				"east": {"uv": [8, 0, 9, 7], "texture": "#1"},
				"south": {"uv": [8, 0, 9, 7], "texture": "#1"},
				"west": {"uv": [8, 0, 9, 7], "texture": "#1"},
				"up": {"uv": [8, 0, 9, 1], "texture": "#1"},
				"down": {"uv": [8, 6, 9, 7], "texture": "#1"}
			}
		},
		{
			"from": [0.5, 3.5, 9],
			"to": [1.5, 10.5, 10],
			"rotation": {"angle": -22.5, "axis": "x", "origin": [0.5, 4, 9.5]},
			"faces": {
				"north": {"uv": [10, 0, 11, 7], "texture": "#1"},
				"east": {"uv": [10, 0, 11, 7], "texture": "#1"},
				"south": {"uv": [10, 0, 11, 7], "texture": "#1"},
				"west": {"uv": [10, 0, 11, 7], "texture": "#1"},
				"up": {"uv": [10, 0, 11, 1], "texture": "#1"},
				"down": {"uv": [10, 6, 11, 7], "texture": "#1"}
			}
		},
		{
			"from": [0.5, 9.5, 10],
			"to": [1.5, 10.5, 11],
			"rotation": {"angle": -22.5, "axis": "x", "origin": [0.5, 4, 9.5]},
			"faces": {
				"east": {"uv": [11, 0, 12, 1], "texture": "#1"},
				"south": {"uv": [11, 0, 12, 1], "texture": "#1"},
				"west": {"uv": [11, 0, 12, 1], "texture": "#1"},
				"up": {"uv": [11, 0, 12, 1], "texture": "#1"},
				"down": {"uv": [11, 0, 12, 1], "texture": "#1"}
			}
		},
		{
			"from": [0.6, 3.5, 9],
			"to": [1.6, 10.5, 10],
			"rotation": {"angle": 22.5, "axis": "x", "origin": [0.5, 4, 9.5]},
			"faces": {
				"north": {"uv": [10, 0, 11, 7], "texture": "#1"},
				"east": {"uv": [10, 0, 11, 7], "texture": "#1"},
				"south": {"uv": [10, 0, 11, 7], "texture": "#1"},
				"west": {"uv": [10, 0, 11, 7], "texture": "#1"},
				"up": {"uv": [10, 0, 11, 1], "texture": "#1"},
				"down": {"uv": [10, 6, 11, 7], "texture": "#1"}
			}
		},
		{
			"from": [0.6, 9.5, 8],
			"to": [1.6, 10.5, 9],
			"rotation": {"angle": 22.5, "axis": "x", "origin": [0.5, 4, 9.5]},
			"faces": {
				"north": {"uv": [11, 0, 12, 1], "texture": "#1"},
				"east": {"uv": [11, 0, 12, 1], "texture": "#1"},
				"west": {"uv": [11, 0, 12, 1], "texture": "#1"},
				"up": {"uv": [11, 0, 12, 1], "texture": "#1"},
				"down": {"uv": [11, 0, 12, 1], "texture": "#1"}
			}
		},
		{
			"from": [5, 5, 1.2],
			"to": [7, 7, 3.2],
			"rotation": {"angle": 0, "axis": "y", "origin": [8, 8, 8]},
			"faces": {
				"north": {"uv": [14, 0, 16, 2], "texture": "#1"},
				"east": {"uv": [14, 0, 16, 2], "texture": "#1"},
				"south": {"uv": [14, 0, 16, 2], "texture": "#1"},
				"west": {"uv": [14, 0, 16, 2], "texture": "#1"},
				"up": {"uv": [14, 0, 16, 2], "rotation": 90, "texture": "#1"},
				"down": {"uv": [14, 0, 16, 2], "texture": "#1"}
			}
		},
		{
			"from": [11.5, 5, 12.8],
			"to": [13.5, 7, 14.8],
			"rotation": {"angle": 0, "axis": "y", "origin": [8, 8, 8]},
			"faces": {
				"north": {"uv": [14, 0, 16, 2], "texture": "#1"},
				"east": {"uv": [14, 0, 16, 2], "texture": "#1"},
				"south": {"uv": [14, 0, 16, 2], "texture": "#1"},
				"west": {"uv": [14, 0, 16, 2], "texture": "#1"},
				"up": {"uv": [14, 0, 16, 2], "rotation": 270, "texture": "#1"},
				"down": {"uv": [14, 0, 16, 2], "rotation": 180, "texture": "#1"}
			}
		},
		{
			"from": [12.8, 5, 10],
			"to": [14.8, 7, 12],
			"rotation": {"angle": 0, "axis": "y", "origin": [8, 8, 8]},
			"faces": {
				"north": {"uv": [14, 0, 16, 2], "texture": "#1"},
				"east": {"uv": [14, 0, 16, 2], "texture": "#1"},
				"south": {"uv": [14, 0, 16, 2], "texture": "#1"},
				"west": {"uv": [14, 0, 16, 2], "texture": "#1"},
				"up": {"uv": [14, 0, 16, 2], "rotation": 270, "texture": "#1"},
				"down": {"uv": [14, 0, 16, 2], "rotation": 180, "texture": "#1"}
			}
		},
		{
			"from": [13.8, 1, 3.5],
			"to": [14.8, 3, 12.5],
			"rotation": {"angle": 0, "axis": "y", "origin": [8, 8, 8]},
			"faces": {
				"north": {"uv": [15, 8, 16, 10], "texture": "#1"},
				"east": {"uv": [7, 8, 16, 10], "texture": "#1"},
				"south": {"uv": [7, 8, 8, 10], "texture": "#1"},
				"up": {"uv": [7, 8, 16, 9], "rotation": 270, "texture": "#1"}
			}
		},
		{
			"from": [3.5, 1, 13.8],
			"to": [12.5, 3, 14.8],
			"rotation": {"angle": 0, "axis": "y", "origin": [8, 8, 8]},
			"faces": {
				"east": {"uv": [15, 8, 16, 10], "texture": "#1"},
				"south": {"uv": [7, 8, 16, 10], "texture": "#1"},
				"west": {"uv": [7, 8, 8, 10], "texture": "#1"},
				"up": {"uv": [7, 8, 16, 9], "texture": "#1"}
			}
		},
		{
			"from": [4, 3.5, 14.5],
			"to": [5, 9.5, 15.5],
			"rotation": {"angle": 0, "axis": "y", "origin": [8, 8, 8]},
			"faces": {
				"north": {"uv": [6, 1, 7, 7], "texture": "#1"},
				"east": {"uv": [6, 1, 7, 7], "texture": "#1"},
				"south": {"uv": [6, 1, 7, 7], "texture": "#1"},
				"west": {"uv": [6, 1, 7, 7], "texture": "#1"},
				"up": {"uv": [6, 1, 7, 2], "rotation": 180, "texture": "#1"},
				"down": {"uv": [6, 6, 7, 7], "rotation": 180, "texture": "#1"}
			}
		},
		{
			"from": [6, 3.5, 14.5],
			"to": [7, 10.5, 15.5],
			"rotation": {"angle": 0, "axis": "y", "origin": [8, 8, 8]},
			"faces": {
				"north": {"uv": [8, 0, 9, 7], "texture": "#1"},
				"east": {"uv": [8, 0, 9, 7], "texture": "#1"},
				"south": {"uv": [8, 0, 9, 7], "texture": "#1"},
				"west": {"uv": [8, 0, 9, 7], "texture": "#1"},
				"up": {"uv": [8, 0, 9, 1], "rotation": 180, "texture": "#1"},
				"down": {"uv": [8, 6, 9, 7], "rotation": 180, "texture": "#1"}
			}
		},
		{
			"from": [14.5, 3.5, 6],
			"to": [15.5, 10.5, 7],
			"rotation": {"angle": 22.5, "axis": "x", "origin": [15.5, 4, 6.5]},
			"faces": {
				"north": {"uv": [10, 0, 11, 7], "texture": "#1"},
				"east": {"uv": [10, 0, 11, 7], "texture": "#1"},
				"south": {"uv": [10, 0, 11, 7], "texture": "#1"},
				"west": {"uv": [10, 0, 11, 7], "texture": "#1"},
				"up": {"uv": [10, 0, 11, 1], "rotation": 180, "texture": "#1"},
				"down": {"uv": [10, 6, 11, 7], "rotation": 180, "texture": "#1"}
			}
		},
		{
			"from": [14.5, 9.5, 5],
			"to": [15.5, 10.5, 6],
			"rotation": {"angle": 22.5, "axis": "x", "origin": [15.5, 4, 6.5]},
			"faces": {
				"north": {"uv": [11, 0, 12, 1], "texture": "#1"},
				"east": {"uv": [11, 0, 12, 1], "texture": "#1"},
				"west": {"uv": [11, 0, 12, 1], "texture": "#1"},
				"up": {"uv": [11, 0, 12, 1], "rotation": 180, "texture": "#1"},
				"down": {"uv": [11, 0, 12, 1], "rotation": 180, "texture": "#1"}
			}
		},
		{
			"from": [14.4, 3.5, 6],
			"to": [15.4, 10.5, 7],
			"rotation": {"angle": -22.5, "axis": "x", "origin": [15.5, 4, 6.5]},
			"faces": {
				"north": {"uv": [10, 0, 11, 7], "texture": "#1"},
				"east": {"uv": [10, 0, 11, 7], "texture": "#1"},
				"south": {"uv": [10, 0, 11, 7], "texture": "#1"},
				"west": {"uv": [10, 0, 11, 7], "texture": "#1"},
				"up": {"uv": [10, 0, 11, 1], "rotation": 180, "texture": "#1"},
				"down": {"uv": [10, 6, 11, 7], "rotation": 180, "texture": "#1"}
			}
		},
		{
			"from": [14.4, 9.5, 7],
			"to": [15.4, 10.5, 8],
			"rotation": {"angle": -22.5, "axis": "x", "origin": [15.5, 4, 6.5]},
			"faces": {
				"east": {"uv": [11, 0, 12, 1], "texture": "#1"},
				"south": {"uv": [11, 0, 12, 1], "texture": "#1"},
				"west": {"uv": [11, 0, 12, 1], "texture": "#1"},
				"up": {"uv": [11, 0, 12, 1], "rotation": 180, "texture": "#1"},
				"down": {"uv": [11, 0, 12, 1], "rotation": 180, "texture": "#1"}
			}
		},
		{
			"from": [9, 5, 12.8],
			"to": [11, 7, 14.8],
			"rotation": {"angle": 0, "axis": "y", "origin": [8, 8, 8]},
			"faces": {
				"north": {"uv": [14, 0, 16, 2], "texture": "#1"},
				"east": {"uv": [14, 0, 16, 2], "texture": "#1"},
				"south": {"uv": [14, 0, 16, 2], "texture": "#1"},
				"west": {"uv": [14, 0, 16, 2], "texture": "#1"},
				"up": {"uv": [14, 0, 16, 2], "rotation": 270, "texture": "#1"},
				"down": {"uv": [14, 0, 16, 2], "rotation": 180, "texture": "#1"}
			}
		},
		{
			"from": [3.9, 15, 9],
			"to": [6.9, 17.8, 14],
			"rotation": {"angle": -22.5, "axis": "y", "origin": [5.4, 16.5, 11.5]},
			"faces": {
				"north": {"uv": [0, 1, 3, 4], "texture": "#1", "cullface": "up"},
				"east": {"uv": [0, 1, 5, 4], "texture": "#1", "cullface": "up"},
				"south": {"uv": [2, 1, 5, 4], "texture": "#1", "cullface": "up"},
				"west": {"uv": [0, 1, 5, 4], "texture": "#1", "cullface": "up"},
				"up": {"uv": [0, 1, 5, 4], "rotation": 90, "texture": "#1", "cullface": "up"},
				"down": {"uv": [0, 1, 5, 4], "rotation": 270, "texture": "#1", "cullface": "up"}
			}
		},
		{
			"from": [-0.1, 16, 11],
			"to": [7.9, 16.9, 12],
			"rotation": {"angle": -22.5, "axis": "y", "origin": [5.4, 16.5, 11.5]},
			"faces": {
				"north": {"uv": [2, 0, 3, 8], "rotation": 270, "texture": "#1", "cullface": "up"},
				"east": {"uv": [2, 0, 3, 1], "texture": "#1", "cullface": "up"},
				"south": {"uv": [2, 0, 3, 8], "rotation": 90, "texture": "#1", "cullface": "up"},
				"west": {"uv": [2, 0, 3, 1], "texture": "#1", "cullface": "up"},
				"up": {"uv": [2, 0, 3, 8], "rotation": 90, "texture": "#1", "cullface": "up"},
				"down": {"uv": [2, 0, 3, 8], "rotation": 90, "texture": "#1", "cullface": "up"}
			}
		},
		{
			"from": [6, 14.6, 3],
			"to": [13, 15.6, 4],
			"rotation": {"angle": 45, "axis": "y", "origin": [12.5, 14.6, 3.5]},
			"faces": {
				"north": {"uv": [0, 8, 1, 15], "rotation": 90, "texture": "#1", "cullface": "up"},
				"east": {"uv": [0, 14, 1, 15], "rotation": 270, "texture": "#1", "cullface": "up"},
				"south": {"uv": [0, 8, 1, 15], "rotation": 270, "texture": "#1", "cullface": "up"},
				"west": {"uv": [0, 8, 1, 9], "rotation": 270, "texture": "#1", "cullface": "up"},
				"up": {"uv": [0, 8, 1, 15], "rotation": 270, "texture": "#1", "cullface": "up"},
				"down": {"uv": [0, 8, 1, 15], "rotation": 270, "texture": "#1", "cullface": "up"}
			}
		},
		{
			"from": [6, 14.6, 4],
			"to": [7, 15.6, 5],
			"rotation": {"angle": 45, "axis": "y", "origin": [12.5, 14.6, 3.5]},
			"faces": {
				"east": {"uv": [0, 8, 1, 9], "rotation": 270, "texture": "#1", "cullface": "up"},
				"south": {"uv": [0, 8, 1, 9], "rotation": 270, "texture": "#1", "cullface": "up"},
				"west": {"uv": [0, 8, 1, 9], "rotation": 270, "texture": "#1", "cullface": "up"},
				"up": {"uv": [0, 8, 1, 9], "rotation": 270, "texture": "#1", "cullface": "up"},
				"down": {"uv": [0, 8, 1, 9], "rotation": 270, "texture": "#1", "cullface": "up"}
			}
		},
		{
			"from": [12, 14.7, 3],
			"to": [13, 15.7, 10],
			"rotation": {"angle": 0, "axis": "y", "origin": [12.5, 14.6, 3.5]},
			"faces": {
				"north": {"uv": [0, 14, 1, 15], "rotation": 270, "texture": "#1", "cullface": "up"},
				"east": {"uv": [0, 8, 1, 15], "rotation": 270, "texture": "#1", "cullface": "up"},
				"south": {"uv": [0, 8, 1, 9], "rotation": 270, "texture": "#1", "cullface": "up"},
				"west": {"uv": [0, 8, 1, 15], "rotation": 90, "texture": "#1", "cullface": "up"},
				"up": {"uv": [0, 8, 1, 15], "rotation": 180, "texture": "#1", "cullface": "up"},
				"down": {"uv": [0, 8, 1, 15], "texture": "#1", "cullface": "up"}
			}
		},
		{
			"from": [11, 14.7, 9],
			"to": [12, 15.7, 10],
			"rotation": {"angle": 0, "axis": "y", "origin": [12.5, 14.6, 3.5]},
			"faces": {
				"north": {"uv": [0, 8, 1, 9], "rotation": 270, "texture": "#1", "cullface": "up"},
				"south": {"uv": [0, 8, 1, 9], "rotation": 270, "texture": "#1", "cullface": "up"},
				"west": {"uv": [0, 8, 1, 9], "rotation": 90, "texture": "#1", "cullface": "up"},
				"up": {"uv": [0, 8, 1, 9], "rotation": 180, "texture": "#1", "cullface": "up"},
				"down": {"uv": [0, 8, 1, 9], "texture": "#1", "cullface": "up"}
			}
		}
	],
	"groups": [
		0,
		1,
		2,
		3,
		4,
		5,
		6,
		7,
		8,
		9,
		10,
		11,
		12,
		{
			"name": "group",
			"origin": [8, 8, 8],
			"color": 0,
			"children": [13, 14, 15, 16, 17, 18, 19, 20, 21, 22, 23]
		},
		{
			"name": "group",
			"origin": [8, 8, 8],
			"color": 0,
			"children": [24, 25, 26, 27, 28, 29, 30, 31, 32, 33, 34]
		},
		{
			"name": "group",
			"origin": [12.5, 14.6, 3.5],
			"color": 0,
			"children": [35, 36, 37, 38, 39, 40]
		}
	]
}