{
	"credit": "Made by XeKr with Blockbench",
	"parent": "block/block",
	"textures": {
		"texture": "block/spruce_planks"
	},
	"elements": [
		{
			"name": "top bar",
			"from": [7, 11, 0],
			"to": [9, 13.95, 9],
			"faces": {
				"north": {"uv": [7, 1, 9, 4], "texture": "#texture", "cullface": "north"},
				"east": {"uv": [7, 1, 16, 4], "texture": "#texture"},
				"west": {"uv": [0, 1, 9, 4], "texture": "#texture"},
				"up": {"uv": [1, 0.5, 10, 2.5], "rotation": 90, "texture": "#texture"},
				"down": {"uv": [1, 0.5, 10, 2.5], "rotation": 90, "texture": "#texture"}
			}
		},
		{
			"name": "lower bar",
			"from": [7, 5, 0],
			"to": [9, 8, 9],
			"faces": {
				"north": {"uv": [7, 1, 9, 4], "texture": "#texture", "cullface": "north"},
				"east": {"uv": [7, 12, 16, 15], "texture": "#texture"},
				"west": {"uv": [0, 12, 9, 15], "texture": "#texture"},
				"up": {"uv": [2, 8.5, 11, 10.5], "rotation": 90, "texture": "#texture"},
				"down": {"uv": [1, 0.5, 10, 2.5], "rotation": 90, "texture": "#texture"}
			}
		},
		{
			"name": "Box3",
			"from": [7, 9, 0],
			"to": [9, 10, 9],
			"faces": {
				"north": {"uv": [7, 6, 9, 7], "texture": "#texture"},
				"east": {"uv": [7, 6, 16, 7], "texture": "#texture"},
				"west": {"uv": [0, 6, 9, 7], "texture": "#texture"},
				"up": {"uv": [1, 0.5, 10, 2.5], "rotation": 90, "texture": "#texture"},
				"down": {"uv": [1, 0.5, 10, 2.5], "rotation": 90, "texture": "#texture"}
			}
		},
		{
			"name": "Box3",
			"from": [7, 3, 0],
			"to": [9, 4, 9],
			"faces": {
				"north": {"uv": [7, 6, 9, 7], "texture": "#texture"},
				"east": {"uv": [7, 6, 16, 7], "texture": "#texture"},
				"west": {"uv": [0, 6, 9, 7], "texture": "#texture"},
				"up": {"uv": [1, 0.5, 10, 2.5], "rotation": 90, "texture": "#texture"},
				"down": {"uv": [1, 0.5, 10, 2.5], "rotation": 90, "texture": "#texture"}
			}
		},
		{
			"name": "Box3",
			"from": [7, 1, 0],
			"to": [9, 2, 9],
			"faces": {
				"north": {"uv": [7, 14, 9, 15], "texture": "#texture"},
				"east": {"uv": [7, 14, 16, 15], "texture": "#texture"},
				"west": {"uv": [0, 14, 9, 15], "texture": "#texture"},
				"up": {"uv": [1, 0.5, 10, 2.5], "rotation": 90, "texture": "#texture"},
				"down": {"uv": [1, 0.5, 10, 2.5], "rotation": 90, "texture": "#texture"}
			}
		},
		{
			"name": "Box6",
			"from": [7.5, 0, 1.5],
			"to": [8.5, 15, 2.5],
			"faces": {
				"north": {"uv": [0, 15, 15, 16], "rotation": 90, "texture": "#texture"},
				"east": {"uv": [0, 15, 15, 16], "rotation": 90, "texture": "#texture"},
				"south": {"uv": [0, 15, 15, 16], "rotation": 90, "texture": "#texture"},
				"west": {"uv": [0, 15, 15, 16], "rotation": 90, "texture": "#texture"},
				"up": {"uv": [1, 3, 2, 4], "texture": "#texture"},
				"down": {"uv": [1, 3, 2, 4], "texture": "#texture"}
			}
		}
	]
}