{
	"credit": "Made by XeKr with Blockbench",
	"parent": "block/block",
	"textures": {
		"particle": "block/spruce_planks",
		"texture": "block/spruce_planks",
		"out": "block/spruce_trapdoor"
	},
	"elements": [
		{
			"name": "Box9",
			"from": [0, 0, 6.5],
			"to": [3, 15, 9.5],
			"faces": {
				"north": {"uv": [5, 1, 8, 16], "texture": "#out"},
				"east": {"uv": [5, 1, 8, 16], "texture": "#out"},
				"south": {"uv": [5, 1, 8, 16], "texture": "#out"},
				"west": {"uv": [5, 1, 8, 16], "texture": "#out"},
				"up": {"uv": [2, 8, 5, 11], "texture": "#texture"},
				"down": {"uv": [2, 8, 5, 11], "texture": "#texture"}
			}
		},
		{
			"name": "Box9",
			"from": [13, 0, 6.5],
			"to": [16, 15, 9.5],
			"faces": {
				"north": {"uv": [5, 1, 8, 16], "texture": "#out"},
				"east": {"uv": [5, 1, 8, 16], "texture": "#out"},
				"south": {"uv": [5, 1, 8, 16], "texture": "#out"},
				"west": {"uv": [5, 1, 8, 16], "texture": "#out"},
				"up": {"uv": [2, 8, 5, 11], "texture": "#texture"},
				"down": {"uv": [2, 8, 5, 11], "texture": "#texture"}
			}
		},
		{
			"name": "Box11",
			"from": [3, 11, 7],
			"to": [7, 14, 9],
			"faces": {
				"north": {"uv": [9, 1, 13, 4], "texture": "#texture"},
				"south": {"uv": [3, 1, 7, 4], "texture": "#texture"},
				"up": {"uv": [3, 8, 7, 10], "rotation": 180, "texture": "#texture"},
				"down": {"uv": [3, 8, 7, 10], "rotation": 180, "texture": "#texture"}
			}
		},
		{
			"name": "Box11",
			"from": [3, 5, 7],
			"to": [7, 8, 9],
			"faces": {
				"north": {"uv": [9, 9, 13, 12], "texture": "#texture"},
				"south": {"uv": [3, 9, 7, 12], "texture": "#texture"},
				"up": {"uv": [3, 8, 7, 10], "rotation": 180, "texture": "#texture"},
				"down": {"uv": [3, 8, 7, 10], "rotation": 180, "texture": "#texture"}
			}
		},
		{
			"name": "Box11",
			"from": [3, 9, 7],
			"to": [7, 10, 9],
			"faces": {
				"north": {"uv": [9, 6, 13, 7], "texture": "#texture"},
				"south": {"uv": [3, 6, 7, 7], "texture": "#texture"},
				"up": {"uv": [3, 8, 7, 10], "rotation": 180, "texture": "#texture"},
				"down": {"uv": [3, 8, 7, 10], "rotation": 180, "texture": "#texture"}
			}
		},
		{
			"name": "Box14",
			"from": [4.5, 8, 7.5],
			"to": [5.5, 15, 8.5],
			"faces": {
				"north": {"uv": [9, 11, 16, 12], "rotation": 90, "texture": "#texture"},
				"east": {"uv": [9, 11, 16, 12], "rotation": 90, "texture": "#texture"},
				"south": {"uv": [9, 11, 16, 12], "rotation": 90, "texture": "#texture"},
				"west": {"uv": [9, 11, 16, 12], "rotation": 90, "texture": "#texture"},
				"up": {"uv": [15, 11, 16, 12], "texture": "#texture"}
			}
		},
		{
			"name": "Box15",
			"from": [7, 5, 6.5],
			"to": [8, 14, 9.5],
			"faces": {
				"north": {"uv": [7, 8, 16, 9], "rotation": 90, "texture": "#texture"},
				"east": {"uv": [7, 8, 16, 11], "rotation": 90, "texture": "#texture"},
				"south": {"uv": [7, 10, 16, 11], "rotation": 90, "texture": "#texture"},
				"west": {"uv": [7, 8, 16, 11], "rotation": 90, "texture": "#texture"},
				"up": {"uv": [7, 10, 10, 11], "rotation": 90, "texture": "#texture"},
				"down": {"uv": [7, 10, 10, 11], "rotation": 90, "texture": "#texture"}
			}
		},
		{
			"name": "Box15",
			"from": [8, 5, 6.5],
			"to": [9, 14, 9.5],
			"faces": {
				"north": {"uv": [7, 10, 16, 11], "rotation": 90, "texture": "#texture"},
				"east": {"uv": [7, 8, 16, 11], "rotation": 90, "texture": "#texture"},
				"south": {"uv": [7, 8, 16, 9], "rotation": 90, "texture": "#texture"},
				"west": {"uv": [7, 8, 16, 11], "rotation": 90, "texture": "#texture"},
				"up": {"uv": [7, 8, 10, 9], "rotation": 90, "texture": "#texture"},
				"down": {"uv": [7, 8, 10, 9], "rotation": 90, "texture": "#texture"}
			}
		},
		{
			"name": "Box11",
			"from": [9, 11, 7],
			"to": [13, 14, 9],
			"faces": {
				"north": {"uv": [3, 1, 7, 4], "texture": "#texture"},
				"south": {"uv": [9, 1, 13, 4], "texture": "#texture"},
				"up": {"uv": [3, 8, 7, 10], "rotation": 180, "texture": "#texture"},
				"down": {"uv": [3, 8, 7, 10], "rotation": 180, "texture": "#texture"}
			}
		},
		{
			"name": "Box14",
			"from": [10.5, 8, 7.5],
			"to": [11.5, 15, 8.5],
			"faces": {
				"north": {"uv": [9, 11, 16, 12], "rotation": 90, "texture": "#texture"},
				"east": {"uv": [9, 11, 16, 12], "rotation": 90, "texture": "#texture"},
				"south": {"uv": [9, 11, 16, 12], "rotation": 90, "texture": "#texture"},
				"west": {"uv": [9, 11, 16, 12], "rotation": 90, "texture": "#texture"},
				"up": {"uv": [15, 11, 16, 12], "texture": "#texture"}
			}
		},
		{
			"name": "Box11",
			"from": [9, 9, 7],
			"to": [13, 10, 9],
			"faces": {
				"north": {"uv": [3, 6, 7, 7], "texture": "#texture"},
				"south": {"uv": [9, 6, 13, 7], "texture": "#texture"},
				"up": {"uv": [3, 8, 7, 10], "rotation": 180, "texture": "#texture"},
				"down": {"uv": [3, 8, 7, 10], "rotation": 180, "texture": "#texture"}
			}
		},
		{
			"name": "Box11",
			"from": [9, 5, 7],
			"to": [13, 8, 9],
			"faces": {
				"north": {"uv": [3, 9, 7, 12], "texture": "#texture"},
				"south": {"uv": [9, 9, 13, 12], "texture": "#texture"},
				"up": {"uv": [3, 7, 7, 9], "rotation": 180, "texture": "#texture"},
				"down": {"uv": [3, 8, 7, 10], "rotation": 180, "texture": "#texture"}
			}
		}
	],
	"display": {
		"gui": {
			"rotation": [30, 45, 0],
			"translation": [0, -1, 0],
			"scale": [0.8, 0.8, 0.8]
		},
		"head": {
			"translation": [0, -3, -6]
		}
	}
}