{
	"credit": "Made by XeKr with Blockbench",
	"parent": "block/block",
	"textures": {
		"particle": "block/spruce_trapdoor",
		"out": "block/spruce_trapdoor",
		"in": "block/spruce_log_top"
	},
	"elements": [
		{
			"name": "Box1",
			"from": [5.5, 0, 5.5],
			"to": [10.5, 15, 10.5],
			"faces": {
				"north": {"uv": [5.5, 1, 10.5, 16], "texture": "#out"},
				"east": {"uv": [5.5, 1, 10.5, 16], "texture": "#out"},
				"south": {"uv": [5.5, 1, 10.5, 16], "texture": "#out"},
				"west": {"uv": [5.5, 1, 10.5, 16], "texture": "#out"},
				"up": {"uv": [5, 5.5, 10, 10.5], "texture": "#in"},
				"down": {"uv": [5, 5.5, 10, 10.5], "texture": "#in"}
			}
		},
		{
			"name": "Box1",
			"from": [6, 15, 6],
			"to": [10, 16, 10],
			"faces": {
				"north": {"uv": [12, 0, 16, 1], "texture": "#out"},
				"east": {"uv": [12, 0, 16, 1], "texture": "#out"},
				"south": {"uv": [12, 0, 16, 1], "texture": "#out"},
				"west": {"uv": [12, 0, 16, 1], "texture": "#out"},
				"up": {"uv": [6, 6, 10, 10], "texture": "#in"}
			}
		}
	]
}