{
	"credit": "Made by XeKr with Blockbench",
	"parent": "block/block",
	"textures": {
		"particle": "block/stonecutter3d_bottom",
		"bottom": "block/stonecutter3d_bottom",
		"top": "block/stonecutter3d_top",
		"side": "block/stonecutter3d_side",
		"saw": "block/stonecutter3d_saw",
		"glass": "block/glass",
		"inner": "block/stonecutter3d_inner",
		"inner2": "block/stonecutter3d_inner2",
		"bottom2": "block/stonecutter3d_bottom2",
		"inner3": "block/stonecutter3d_inner3"
	},
	"elements": [
		{
			"from": [13, 1, 7],
			"to": [15, 6, 9],
			"faces": {
				"north": {"uv": [7, 2, 9, 7], "texture": "#bottom"},
				"east": {"uv": [7, 2, 9, 7], "texture": "#bottom"},
				"south": {"uv": [7, 2, 9, 7], "texture": "#bottom"},
				"west": {"uv": [7, 2, 9, 7], "texture": "#bottom"},
				"up": {"uv": [7, 2, 9, 4], "texture": "#bottom"},
				"down": {"uv": [7, 2, 9, 4], "texture": "#bottom"}
			}
		},
		{
			"name": "Element",
			"from": [0, 6, 0],
			"to": [16, 9, 16],
			"faces": {
				"north": {"uv": [0, 7, 16, 10], "texture": "#side", "cullface": "north"},
				"east": {"uv": [0, 7, 16, 10], "texture": "#side", "cullface": "east"},
				"south": {"uv": [0, 7, 16, 10], "texture": "#side", "cullface": "south"},
				"west": {"uv": [0, 7, 16, 10], "texture": "#side", "cullface": "west"},
				"up": {"uv": [0, 0, 16, 16], "texture": "#top"},
				"down": {"uv": [0, 0, 16, 16], "texture": "#bottom2"}
			}
		},
		{
			"name": "Element",
			"from": [0, 0, 0],
			"to": [16, 1, 16],
			"faces": {
				"north": {"uv": [0, 7, 16, 8], "texture": "#side", "cullface": "north"},
				"east": {"uv": [0, 7, 16, 8], "texture": "#side", "cullface": "east"},
				"south": {"uv": [0, 7, 16, 8], "texture": "#side", "cullface": "south"},
				"west": {"uv": [0, 7, 16, 8], "texture": "#side", "cullface": "west"},
				"up": {"uv": [0, 0, 16, 16], "texture": "#bottom"},
				"down": {"uv": [0, 0, 16, 16], "texture": "#bottom", "cullface": "down"}
			}
		},
		{
			"name": "PlaneX4",
			"from": [1, 1, 8],
			"to": [15, 15, 8],
			"rotation": {"angle": 0, "axis": "y", "origin": [8, 12, 8]},
			"faces": {
				"north": {"uv": [1, 1, 15, 15], "texture": "#saw"},
				"south": {"uv": [1, 1, 15, 15], "texture": "#saw"}
			}
		},
		{
			"from": [0, 9, 0],
			"to": [16, 16, 16],
			"faces": {
				"north": {"uv": [0, 0, 16, 7], "texture": "#glass", "cullface": "down"},
				"east": {"uv": [0, 0, 16, 7], "texture": "#glass", "cullface": "down"},
				"south": {"uv": [0, 0, 16, 7], "texture": "#glass", "cullface": "down"},
				"west": {"uv": [0, 0, 16, 7], "texture": "#glass", "cullface": "down"},
				"up": {"uv": [0, 0, 16, 16], "texture": "#glass", "cullface": "down"}
			}
		},
		{
			"from": [0.1, 15.9, 0.1],
			"to": [15.9, 9, 15.9],
			"faces": {
				"north": {"uv": [0, 11, 16, 16], "texture": "#glass", "cullface": "down"},
				"east": {"uv": [0, 11, 16, 16], "texture": "#glass", "cullface": "down"},
				"south": {"uv": [0, 11, 16, 16], "texture": "#glass", "cullface": "down"},
				"west": {"uv": [0, 11, 16, 16], "texture": "#glass", "cullface": "down"},
				"down": {"uv": [0, 0, 16, 16], "texture": "#glass", "cullface": "down"}
			}
		},
		{
			"from": [0, 1, 0],
			"to": [3, 6, 3],
			"rotation": {"angle": 0, "axis": "y", "origin": [8, 0, 8]},
			"faces": {
				"north": {"uv": [13, 10, 16, 15], "texture": "#side"},
				"east": {"uv": [13, 10, 16, 15], "texture": "#side"},
				"south": {"uv": [0, 10, 3, 15], "texture": "#side"},
				"west": {"uv": [0, 10, 3, 15], "texture": "#side"}
			}
		},
		{
			"from": [13, 1, 0],
			"to": [16, 6, 3],
			"rotation": {"angle": 0, "axis": "y", "origin": [8, 0, 8]},
			"faces": {
				"north": {"uv": [0, 10, 3, 15], "texture": "#side"},
				"east": {"uv": [13, 10, 16, 15], "texture": "#side"},
				"south": {"uv": [13, 10, 16, 15], "texture": "#side"},
				"west": {"uv": [0, 10, 3, 15], "texture": "#side"}
			}
		},
		{
			"from": [13, 1, 13],
			"to": [16, 6, 16],
			"rotation": {"angle": 0, "axis": "y", "origin": [8, 0, 8]},
			"faces": {
				"north": {"uv": [0, 10, 3, 15], "texture": "#side"},
				"east": {"uv": [0, 10, 3, 15], "texture": "#side"},
				"south": {"uv": [13, 10, 16, 15], "texture": "#side"},
				"west": {"uv": [13, 10, 16, 15], "texture": "#side"}
			}
		},
		{
			"from": [0, 1, 13],
			"to": [3, 6, 16],
			"rotation": {"angle": 0, "axis": "y", "origin": [8, 0, 8]},
			"faces": {
				"north": {"uv": [13, 10, 16, 15], "texture": "#side"},
				"east": {"uv": [0, 10, 3, 15], "texture": "#side"},
				"south": {"uv": [0, 10, 3, 15], "texture": "#side"},
				"west": {"uv": [13, 10, 16, 15], "texture": "#side"}
			}
		},
		{
			"name": "Element",
			"from": [15.01, 9.01, 15.01],
			"to": [0.99, 6.99, 0.99],
			"faces": {
				"north": {"uv": [1, 9, 15, 7], "texture": "#side"},
				"east": {"uv": [1, 9, 15, 7], "texture": "#side"},
				"south": {"uv": [1, 9, 15, 7], "texture": "#side"},
				"west": {"uv": [1, 9, 15, 7], "texture": "#side"},
				"up": {"uv": [1, 1, 15, 15], "texture": "#inner"}
			}
		},
		{
			"from": [3, 1, 3],
			"to": [13, 6, 13],
			"faces": {
				"north": {"uv": [3, 10, 13, 15], "texture": "#inner2"},
				"east": {"uv": [3, 10, 13, 15], "texture": "#inner2"},
				"south": {"uv": [3, 10, 13, 15], "texture": "#inner2"},
				"west": {"uv": [3, 10, 13, 15], "texture": "#inner2"}
			}
		},
		{
			"from": [1, 1, 7],
			"to": [3, 6, 9],
			"faces": {
				"north": {"uv": [7, 2, 9, 7], "texture": "#bottom"},
				"east": {"uv": [7, 2, 9, 7], "texture": "#bottom"},
				"south": {"uv": [7, 2, 9, 7], "texture": "#bottom"},
				"west": {"uv": [7, 2, 9, 7], "texture": "#bottom"},
				"up": {"uv": [7, 2, 9, 4], "texture": "#bottom"},
				"down": {"uv": [7, 2, 9, 4], "texture": "#bottom"}
			}
		},
		{
			"from": [4, 3, 13],
			"to": [5, 4, 15],
			"rotation": {"angle": 0, "axis": "y", "origin": [8, 8, 8]},
			"faces": {
				"north": {"uv": [2, 2, 3, 3], "texture": "#inner"},
				"east": {"uv": [2, 2, 4, 3], "texture": "#inner"},
				"south": {"uv": [2, 2, 3, 3], "texture": "#inner"},
				"west": {"uv": [2, 2, 4, 3], "texture": "#inner"},
				"up": {"uv": [2, 2, 3, 4], "texture": "#inner"},
				"down": {"uv": [2, 2, 3, 4], "texture": "#inner"}
			}
		},
		{
			"from": [9.5, 4.5, 13],
			"to": [10.5, 5.5, 14.5],
			"rotation": {"angle": 0, "axis": "y", "origin": [8, 8, 8]},
			"faces": {
				"north": {"uv": [2, 2, 3, 3], "texture": "#inner"},
				"east": {"uv": [2, 2, 4, 3], "texture": "#inner"},
				"south": {"uv": [2, 2, 3, 3], "texture": "#inner"},
				"west": {"uv": [2, 2, 4, 3], "texture": "#inner"},
				"up": {"uv": [2, 2, 3, 4], "texture": "#inner"},
				"down": {"uv": [2, 2, 3, 4], "texture": "#inner"}
			}
		},
		{
			"from": [11, 2, 13],
			"to": [12, 3, 15.5],
			"rotation": {"angle": 0, "axis": "y", "origin": [8, 8, 8]},
			"faces": {
				"north": {"uv": [2, 2, 3, 3], "texture": "#inner"},
				"east": {"uv": [2, 2, 4, 3], "texture": "#inner"},
				"south": {"uv": [2, 2, 3, 3], "texture": "#inner"},
				"west": {"uv": [2, 2, 4, 3], "texture": "#inner"},
				"up": {"uv": [2, 2, 3, 4], "texture": "#inner"},
				"down": {"uv": [2, 2, 3, 4], "texture": "#inner"}
			}
		},
		{
			"from": [8.5, 3.5, 14],
			"to": [11.5, 6.5, 14],
			"rotation": {"angle": 0, "axis": "y", "origin": [10, 5, 13.5]},
			"faces": {
				"north": {"uv": [0, 0, 3, 3], "texture": "#inner3"},
				"south": {"uv": [0, 0, 3, 3], "texture": "#inner3"}
			}
		},
		{
			"from": [8.5, 3.5, 14],
			"to": [11.5, 6.5, 14],
			"rotation": {"angle": -22.5, "axis": "z", "origin": [10, 5, 13.5]},
			"faces": {
				"north": {"uv": [3, 0, 6, 3], "texture": "#inner3"},
				"south": {"uv": [3, 0, 6, 3], "texture": "#inner3"}
			}
		},
		{
			"from": [8.5, 3.5, 14],
			"to": [11.5, 6.5, 14],
			"rotation": {"angle": -45, "axis": "z", "origin": [10, 5, 13.5]},
			"faces": {
				"north": {"uv": [6, 0, 9, 3], "texture": "#inner3"},
				"south": {"uv": [6, 0, 9, 3], "texture": "#inner3"}
			}
		},
		{
			"from": [8.5, 3.5, 14],
			"to": [11.5, 6.5, 14],
			"rotation": {"angle": 22.5, "axis": "z", "origin": [10, 5, 13.5]},
			"faces": {
				"north": {"uv": [9, 0, 12, 3], "rotation": 270, "texture": "#inner3"},
				"south": {"uv": [9, 0, 12, 3], "rotation": 90, "texture": "#inner3"}
			}
		},
		{
			"from": [9.5, 0.5, 15],
			"to": [13.5, 4.5, 15],
			"rotation": {"angle": 0, "axis": "y", "origin": [11.5, 2.5, 15]},
			"faces": {
				"north": {"uv": [0, 3, 4, 7], "texture": "#inner3"},
				"south": {"uv": [0, 3, 4, 7], "texture": "#inner3"}
			}
		},
		{
			"from": [9.5, 0.5, 15],
			"to": [13.5, 4.5, 15],
			"rotation": {"angle": 22.5, "axis": "z", "origin": [11.5, 2.5, 15]},
			"faces": {
				"north": {"uv": [4, 3, 8, 7], "texture": "#inner3"},
				"south": {"uv": [4, 3, 8, 7], "texture": "#inner3"}
			}
		},
		{
			"from": [9.5, 0.5, 15],
			"to": [13.5, 4.5, 15],
			"rotation": {"angle": 45, "axis": "z", "origin": [11.5, 2.5, 15]},
			"faces": {
				"north": {"uv": [8, 3, 12, 7], "texture": "#inner3"},
				"south": {"uv": [8, 3, 12, 7], "texture": "#inner3"}
			}
		},
		{
			"from": [9.5, 0.5, 15],
			"to": [13.5, 4.5, 15],
			"rotation": {"angle": -22.5, "axis": "z", "origin": [11.5, 2.5, 15]},
			"faces": {
				"north": {"uv": [12, 3, 16, 7], "rotation": 90, "texture": "#inner3"},
				"south": {"uv": [12, 3, 16, 7], "rotation": 270, "texture": "#inner3"}
			}
		},
		{
			"from": [2.5, 1.5, 14.5],
			"to": [6.5, 5.5, 14.5],
			"rotation": {"angle": 0, "axis": "y", "origin": [4.5, 3.5, 14.5]},
			"faces": {
				"north": {"uv": [0, 3, 4, 7], "texture": "#inner3"},
				"south": {"uv": [0, 3, 4, 7], "texture": "#inner3"}
			}
		},
		{
			"from": [2.5, 1.5, 14.5],
			"to": [6.5, 5.5, 14.5],
			"rotation": {"angle": 22.5, "axis": "z", "origin": [4.5, 3.5, 14.5]},
			"faces": {
				"north": {"uv": [4, 3, 8, 7], "texture": "#inner3"},
				"south": {"uv": [4, 3, 8, 7], "texture": "#inner3"}
			}
		},
		{
			"from": [2.5, 1.5, 14.5],
			"to": [6.5, 5.5, 14.5],
			"rotation": {"angle": 45, "axis": "z", "origin": [4.5, 3.5, 14.5]},
			"faces": {
				"north": {"uv": [8, 3, 12, 7], "texture": "#inner3"},
				"south": {"uv": [8, 3, 12, 7], "texture": "#inner3"}
			}
		},
		{
			"from": [2.5, 1.5, 14.5],
			"to": [6.5, 5.5, 14.5],
			"rotation": {"angle": -22.5, "axis": "z", "origin": [4.5, 3.5, 14.5]},
			"faces": {
				"north": {"uv": [12, 3, 16, 7], "rotation": 90, "texture": "#inner3"},
				"south": {"uv": [12, 3, 16, 7], "rotation": 270, "texture": "#inner3"}
			}
		},
		{
			"from": [1, 3, 4],
			"to": [3, 4, 5],
			"rotation": {"angle": 0, "axis": "y", "origin": [8, 8, 8]},
			"faces": {
				"north": {"uv": [2, 2, 4, 3], "texture": "#inner"},
				"east": {"uv": [2, 2, 3, 3], "texture": "#inner"},
				"south": {"uv": [2, 2, 4, 3], "texture": "#inner"},
				"west": {"uv": [2, 2, 3, 3], "texture": "#inner"},
				"up": {"uv": [2, 2, 3, 4], "rotation": 90, "texture": "#inner"},
				"down": {"uv": [2, 2, 3, 4], "rotation": 270, "texture": "#inner"}
			}
		},
		{
			"from": [1.5, 4.5, 9.5],
			"to": [3, 5.5, 10.5],
			"rotation": {"angle": 0, "axis": "y", "origin": [8, 8, 8]},
			"faces": {
				"north": {"uv": [2, 2, 4, 3], "texture": "#inner"},
				"east": {"uv": [2, 2, 3, 3], "texture": "#inner"},
				"south": {"uv": [2, 2, 4, 3], "texture": "#inner"},
				"west": {"uv": [2, 2, 3, 3], "texture": "#inner"},
				"up": {"uv": [2, 2, 3, 4], "rotation": 90, "texture": "#inner"},
				"down": {"uv": [2, 2, 3, 4], "rotation": 270, "texture": "#inner"}
			}
		},
		{
			"from": [0.5, 2, 11],
			"to": [3, 3, 12],
			"rotation": {"angle": 0, "axis": "y", "origin": [8, 8, 8]},
			"faces": {
				"north": {"uv": [2, 2, 4, 3], "texture": "#inner"},
				"east": {"uv": [2, 2, 3, 3], "texture": "#inner"},
				"south": {"uv": [2, 2, 4, 3], "texture": "#inner"},
				"west": {"uv": [2, 2, 3, 3], "texture": "#inner"},
				"up": {"uv": [2, 2, 3, 4], "rotation": 90, "texture": "#inner"},
				"down": {"uv": [2, 2, 3, 4], "rotation": 270, "texture": "#inner"}
			}
		},
		{
			"from": [2, 3.5, 8.5],
			"to": [2, 6.5, 11.5],
			"rotation": {"angle": 0, "axis": "y", "origin": [2.5, 5, 10]},
			"faces": {
				"east": {"uv": [0, 0, 3, 3], "texture": "#inner3"},
				"west": {"uv": [0, 0, 3, 3], "texture": "#inner3"}
			}
		},
		{
			"from": [2, 3.5, 8.5],
			"to": [2, 6.5, 11.5],
			"rotation": {"angle": 22.5, "axis": "x", "origin": [2.5, 5, 10]},
			"faces": {
				"east": {"uv": [3, 0, 6, 3], "texture": "#inner3"},
				"west": {"uv": [3, 0, 6, 3], "texture": "#inner3"}
			}
		},
		{
			"from": [2, 3.5, 8.5],
			"to": [2, 6.5, 11.5],
			"rotation": {"angle": 45, "axis": "x", "origin": [2.5, 5, 10]},
			"faces": {
				"east": {"uv": [6, 0, 9, 3], "texture": "#inner3"},
				"west": {"uv": [6, 0, 9, 3], "texture": "#inner3"}
			}
		},
		{
			"from": [2, 3.5, 8.5],
			"to": [2, 6.5, 11.5],
			"rotation": {"angle": -22.5, "axis": "x", "origin": [2.5, 5, 10]},
			"faces": {
				"east": {"uv": [9, 0, 12, 3], "rotation": 270, "texture": "#inner3"},
				"west": {"uv": [9, 0, 12, 3], "rotation": 90, "texture": "#inner3"}
			}
		},
		{
			"from": [1, 0.5, 9.5],
			"to": [1, 4.5, 13.5],
			"rotation": {"angle": 0, "axis": "y", "origin": [1, 2.5, 11.5]},
			"faces": {
				"east": {"uv": [0, 3, 4, 7], "texture": "#inner3"},
				"west": {"uv": [0, 3, 4, 7], "texture": "#inner3"}
			}
		},
		{
			"from": [1, 0.5, 9.5],
			"to": [1, 4.5, 13.5],
			"rotation": {"angle": -22.5, "axis": "x", "origin": [1, 2.5, 11.5]},
			"faces": {
				"east": {"uv": [4, 3, 8, 7], "texture": "#inner3"},
				"west": {"uv": [4, 3, 8, 7], "texture": "#inner3"}
			}
		},
		{
			"from": [1, 0.5, 9.5],
			"to": [1, 4.5, 13.5],
			"rotation": {"angle": -45, "axis": "x", "origin": [1, 2.5, 11.5]},
			"faces": {
				"east": {"uv": [8, 3, 12, 7], "texture": "#inner3"},
				"west": {"uv": [8, 3, 12, 7], "texture": "#inner3"}
			}
		},
		{
			"from": [1, 0.5, 9.5],
			"to": [1, 4.5, 13.5],
			"rotation": {"angle": 22.5, "axis": "x", "origin": [1, 2.5, 11.5]},
			"faces": {
				"east": {"uv": [12, 3, 16, 7], "rotation": 90, "texture": "#inner3"},
				"west": {"uv": [12, 3, 16, 7], "rotation": 270, "texture": "#inner3"}
			}
		},
		{
			"from": [1.5, 1.5, 2.5],
			"to": [1.5, 5.5, 6.5],
			"rotation": {"angle": 0, "axis": "y", "origin": [1.5, 3.5, 4.5]},
			"faces": {
				"east": {"uv": [0, 3, 4, 7], "texture": "#inner3"},
				"west": {"uv": [0, 3, 4, 7], "texture": "#inner3"}
			}
		},
		{
			"from": [1.5, 1.5, 2.5],
			"to": [1.5, 5.5, 6.5],
			"rotation": {"angle": -22.5, "axis": "x", "origin": [1.5, 3.5, 4.5]},
			"faces": {
				"east": {"uv": [4, 3, 8, 7], "texture": "#inner3"},
				"west": {"uv": [4, 3, 8, 7], "texture": "#inner3"}
			}
		},
		{
			"from": [1.5, 1.5, 2.5],
			"to": [1.5, 5.5, 6.5],
			"rotation": {"angle": -45, "axis": "x", "origin": [1.5, 3.5, 4.5]},
			"faces": {
				"east": {"uv": [8, 3, 12, 7], "texture": "#inner3"},
				"west": {"uv": [8, 3, 12, 7], "texture": "#inner3"}
			}
		},
		{
			"from": [1.5, 1.5, 2.5],
			"to": [1.5, 5.5, 6.5],
			"rotation": {"angle": 22.5, "axis": "x", "origin": [1.5, 3.5, 4.5]},
			"faces": {
				"east": {"uv": [12, 3, 16, 7], "rotation": 90, "texture": "#inner3"},
				"west": {"uv": [12, 3, 16, 7], "rotation": 270, "texture": "#inner3"}
			}
		},
		{
			"from": [11, 3, 1],
			"to": [12, 4, 3],
			"rotation": {"angle": 0, "axis": "y", "origin": [8, 8, 8]},
			"faces": {
				"north": {"uv": [2, 2, 3, 3], "texture": "#inner"},
				"east": {"uv": [2, 2, 4, 3], "texture": "#inner"},
				"south": {"uv": [2, 2, 3, 3], "texture": "#inner"},
				"west": {"uv": [2, 2, 4, 3], "texture": "#inner"},
				"up": {"uv": [2, 2, 3, 4], "rotation": 180, "texture": "#inner"},
				"down": {"uv": [2, 2, 3, 4], "rotation": 180, "texture": "#inner"}
			}
		},
		{
			"from": [5.5, 4.5, 1.5],
			"to": [6.5, 5.5, 3],
			"rotation": {"angle": 0, "axis": "y", "origin": [8, 8, 8]},
			"faces": {
				"north": {"uv": [2, 2, 3, 3], "texture": "#inner"},
				"east": {"uv": [2, 2, 4, 3], "texture": "#inner"},
				"south": {"uv": [2, 2, 3, 3], "texture": "#inner"},
				"west": {"uv": [2, 2, 4, 3], "texture": "#inner"},
				"up": {"uv": [2, 2, 3, 4], "rotation": 180, "texture": "#inner"},
				"down": {"uv": [2, 2, 3, 4], "rotation": 180, "texture": "#inner"}
			}
		},
		{
			"from": [4, 2, 0.5],
			"to": [5, 3, 3],
			"rotation": {"angle": 0, "axis": "y", "origin": [8, 8, 8]},
			"faces": {
				"north": {"uv": [2, 2, 3, 3], "texture": "#inner"},
				"east": {"uv": [2, 2, 4, 3], "texture": "#inner"},
				"south": {"uv": [2, 2, 3, 3], "texture": "#inner"},
				"west": {"uv": [2, 2, 4, 3], "texture": "#inner"},
				"up": {"uv": [2, 2, 3, 4], "rotation": 180, "texture": "#inner"},
				"down": {"uv": [2, 2, 3, 4], "rotation": 180, "texture": "#inner"}
			}
		},
		{
			"from": [4.5, 3.5, 2],
			"to": [7.5, 6.5, 2],
			"rotation": {"angle": 0, "axis": "y", "origin": [6, 5, 2.5]},
			"faces": {
				"north": {"uv": [0, 0, 3, 3], "texture": "#inner3"},
				"south": {"uv": [0, 0, 3, 3], "texture": "#inner3"}
			}
		},
		{
			"from": [4.5, 3.5, 2],
			"to": [7.5, 6.5, 2],
			"rotation": {"angle": 22.5, "axis": "z", "origin": [6, 5, 2.5]},
			"faces": {
				"north": {"uv": [3, 0, 6, 3], "texture": "#inner3"},
				"south": {"uv": [3, 0, 6, 3], "texture": "#inner3"}
			}
		},
		{
			"from": [4.5, 3.5, 2],
			"to": [7.5, 6.5, 2],
			"rotation": {"angle": 45, "axis": "z", "origin": [6, 5, 2.5]},
			"faces": {
				"north": {"uv": [6, 0, 9, 3], "texture": "#inner3"},
				"south": {"uv": [6, 0, 9, 3], "texture": "#inner3"}
			}
		},
		{
			"from": [4.5, 3.5, 2],
			"to": [7.5, 6.5, 2],
			"rotation": {"angle": -22.5, "axis": "z", "origin": [6, 5, 2.5]},
			"faces": {
				"north": {"uv": [9, 0, 12, 3], "rotation": 90, "texture": "#inner3"},
				"south": {"uv": [9, 0, 12, 3], "rotation": 270, "texture": "#inner3"}
			}
		},
		{
			"from": [2.5, 0.5, 1],
			"to": [6.5, 4.5, 1],
			"rotation": {"angle": 0, "axis": "y", "origin": [4.5, 2.5, 1]},
			"faces": {
				"north": {"uv": [0, 3, 4, 7], "texture": "#inner3"},
				"south": {"uv": [0, 3, 4, 7], "texture": "#inner3"}
			}
		},
		{
			"from": [2.5, 0.5, 1],
			"to": [6.5, 4.5, 1],
			"rotation": {"angle": -22.5, "axis": "z", "origin": [4.5, 2.5, 1]},
			"faces": {
				"north": {"uv": [4, 3, 8, 7], "texture": "#inner3"},
				"south": {"uv": [4, 3, 8, 7], "texture": "#inner3"}
			}
		},
		{
			"from": [2.5, 0.5, 1],
			"to": [6.5, 4.5, 1],
			"rotation": {"angle": -45, "axis": "z", "origin": [4.5, 2.5, 1]},
			"faces": {
				"north": {"uv": [8, 3, 12, 7], "texture": "#inner3"},
				"south": {"uv": [8, 3, 12, 7], "texture": "#inner3"}
			}
		},
		{
			"from": [2.5, 0.5, 1],
			"to": [6.5, 4.5, 1],
			"rotation": {"angle": 22.5, "axis": "z", "origin": [4.5, 2.5, 1]},
			"faces": {
				"north": {"uv": [12, 3, 16, 7], "rotation": 270, "texture": "#inner3"},
				"south": {"uv": [12, 3, 16, 7], "rotation": 90, "texture": "#inner3"}
			}
		},
		{
			"from": [9.5, 1.5, 1.5],
			"to": [13.5, 5.5, 1.5],
			"rotation": {"angle": 0, "axis": "y", "origin": [11.5, 3.5, 1.5]},
			"faces": {
				"north": {"uv": [0, 3, 4, 7], "texture": "#inner3"},
				"south": {"uv": [0, 3, 4, 7], "texture": "#inner3"}
			}
		},
		{
			"from": [9.5, 1.5, 1.5],
			"to": [13.5, 5.5, 1.5],
			"rotation": {"angle": -22.5, "axis": "z", "origin": [11.5, 3.5, 1.5]},
			"faces": {
				"north": {"uv": [4, 3, 8, 7], "texture": "#inner3"},
				"south": {"uv": [4, 3, 8, 7], "texture": "#inner3"}
			}
		},
		{
			"from": [9.5, 1.5, 1.5],
			"to": [13.5, 5.5, 1.5],
			"rotation": {"angle": -45, "axis": "z", "origin": [11.5, 3.5, 1.5]},
			"faces": {
				"north": {"uv": [8, 3, 12, 7], "texture": "#inner3"},
				"south": {"uv": [8, 3, 12, 7], "texture": "#inner3"}
			}
		},
		{
			"from": [9.5, 1.5, 1.5],
			"to": [13.5, 5.5, 1.5],
			"rotation": {"angle": 22.5, "axis": "z", "origin": [11.5, 3.5, 1.5]},
			"faces": {
				"north": {"uv": [12, 3, 16, 7], "rotation": 270, "texture": "#inner3"},
				"south": {"uv": [12, 3, 16, 7], "rotation": 90, "texture": "#inner3"}
			}
		},
		{
			"from": [13, 3, 11],
			"to": [15, 4, 12],
			"rotation": {"angle": 0, "axis": "y", "origin": [8, 8, 8]},
			"faces": {
				"north": {"uv": [2, 2, 4, 3], "texture": "#inner"},
				"east": {"uv": [2, 2, 3, 3], "texture": "#inner"},
				"south": {"uv": [2, 2, 4, 3], "texture": "#inner"},
				"west": {"uv": [2, 2, 3, 3], "texture": "#inner"},
				"up": {"uv": [2, 2, 3, 4], "rotation": 270, "texture": "#inner"},
				"down": {"uv": [2, 2, 3, 4], "rotation": 90, "texture": "#inner"}
			}
		},
		{
			"from": [13, 4.5, 5.5],
			"to": [14.5, 5.5, 6.5],
			"rotation": {"angle": 0, "axis": "y", "origin": [8, 8, 8]},
			"faces": {
				"north": {"uv": [2, 2, 4, 3], "texture": "#inner"},
				"east": {"uv": [2, 2, 3, 3], "texture": "#inner"},
				"south": {"uv": [2, 2, 4, 3], "texture": "#inner"},
				"west": {"uv": [2, 2, 3, 3], "texture": "#inner"},
				"up": {"uv": [2, 2, 3, 4], "rotation": 270, "texture": "#inner"},
				"down": {"uv": [2, 2, 3, 4], "rotation": 90, "texture": "#inner"}
			}
		},
		{
			"from": [13, 2, 4],
			"to": [15.5, 3, 5],
			"rotation": {"angle": 0, "axis": "y", "origin": [8, 8, 8]},
			"faces": {
				"north": {"uv": [2, 2, 4, 3], "texture": "#inner"},
				"east": {"uv": [2, 2, 3, 3], "texture": "#inner"},
				"south": {"uv": [2, 2, 4, 3], "texture": "#inner"},
				"west": {"uv": [2, 2, 3, 3], "texture": "#inner"},
				"up": {"uv": [2, 2, 3, 4], "rotation": 270, "texture": "#inner"},
				"down": {"uv": [2, 2, 3, 4], "rotation": 90, "texture": "#inner"}
			}
		},
		{
			"from": [14, 3.5, 4.5],
			"to": [14, 6.5, 7.5],
			"rotation": {"angle": 0, "axis": "y", "origin": [13.5, 5, 6]},
			"faces": {
				"east": {"uv": [0, 0, 3, 3], "texture": "#inner3"},
				"west": {"uv": [0, 0, 3, 3], "texture": "#inner3"}
			}
		},
		{
			"from": [14, 3.5, 4.5],
			"to": [14, 6.5, 7.5],
			"rotation": {"angle": -22.5, "axis": "x", "origin": [13.5, 5, 6]},
			"faces": {
				"east": {"uv": [3, 0, 6, 3], "texture": "#inner3"},
				"west": {"uv": [3, 0, 6, 3], "texture": "#inner3"}
			}
		},
		{
			"from": [14, 3.5, 4.5],
			"to": [14, 6.5, 7.5],
			"rotation": {"angle": -45, "axis": "x", "origin": [13.5, 5, 6]},
			"faces": {
				"east": {"uv": [6, 0, 9, 3], "texture": "#inner3"},
				"west": {"uv": [6, 0, 9, 3], "texture": "#inner3"}
			}
		},
		{
			"from": [14, 3.5, 4.5],
			"to": [14, 6.5, 7.5],
			"rotation": {"angle": 22.5, "axis": "x", "origin": [13.5, 5, 6]},
			"faces": {
				"east": {"uv": [9, 0, 12, 3], "rotation": 90, "texture": "#inner3"},
				"west": {"uv": [9, 0, 12, 3], "rotation": 270, "texture": "#inner3"}
			}
		},
		{
			"from": [15, 0.5, 2.5],
			"to": [15, 4.5, 6.5],
			"rotation": {"angle": 0, "axis": "y", "origin": [15, 2.5, 4.5]},
			"faces": {
				"east": {"uv": [0, 3, 4, 7], "texture": "#inner3"},
				"west": {"uv": [0, 3, 4, 7], "texture": "#inner3"}
			}
		},
		{
			"from": [15, 0.5, 2.5],
			"to": [15, 4.5, 6.5],
			"rotation": {"angle": 22.5, "axis": "x", "origin": [15, 2.5, 4.5]},
			"faces": {
				"east": {"uv": [4, 3, 8, 7], "texture": "#inner3"},
				"west": {"uv": [4, 3, 8, 7], "texture": "#inner3"}
			}
		},
		{
			"from": [15, 0.5, 2.5],
			"to": [15, 4.5, 6.5],
			"rotation": {"angle": 45, "axis": "x", "origin": [15, 2.5, 4.5]},
			"faces": {
				"east": {"uv": [8, 3, 12, 7], "texture": "#inner3"},
				"west": {"uv": [8, 3, 12, 7], "texture": "#inner3"}
			}
		},
		{
			"from": [15, 0.5, 2.5],
			"to": [15, 4.5, 6.5],
			"rotation": {"angle": -22.5, "axis": "x", "origin": [15, 2.5, 4.5]},
			"faces": {
				"east": {"uv": [12, 3, 16, 7], "rotation": 270, "texture": "#inner3"},
				"west": {"uv": [12, 3, 16, 7], "rotation": 90, "texture": "#inner3"}
			}
		},
		{
			"from": [14.5, 1.5, 9.5],
			"to": [14.5, 5.5, 13.5],
			"rotation": {"angle": 0, "axis": "y", "origin": [14.5, 3.5, 11.5]},
			"faces": {
				"east": {"uv": [0, 3, 4, 7], "texture": "#inner3"},
				"west": {"uv": [0, 3, 4, 7], "texture": "#inner3"}
			}
		},
		{
			"from": [14.5, 1.5, 9.5],
			"to": [14.5, 5.5, 13.5],
			"rotation": {"angle": 22.5, "axis": "x", "origin": [14.5, 3.5, 11.5]},
			"faces": {
				"east": {"uv": [4, 3, 8, 7], "texture": "#inner3"},
				"west": {"uv": [4, 3, 8, 7], "texture": "#inner3"}
			}
		},
		{
			"from": [14.5, 1.5, 9.5],
			"to": [14.5, 5.5, 13.5],
			"rotation": {"angle": 45, "axis": "x", "origin": [14.5, 3.5, 11.5]},
			"faces": {
				"east": {"uv": [8, 3, 12, 7], "texture": "#inner3"},
				"west": {"uv": [8, 3, 12, 7], "texture": "#inner3"}
			}
		},
		{
			"from": [14.5, 1.5, 9.5],
			"to": [14.5, 5.5, 13.5],
			"rotation": {"angle": -22.5, "axis": "x", "origin": [14.5, 3.5, 11.5]},
			"faces": {
				"east": {"uv": [12, 3, 16, 7], "rotation": 270, "texture": "#inner3"},
				"west": {"uv": [12, 3, 16, 7], "rotation": 90, "texture": "#inner3"}
			}
		},
		{
			"from": [5, 7, 2],
			"to": [6, 8.5, 3],
			"rotation": {"angle": 0, "axis": "y", "origin": [8, 8, 8]},
			"faces": {
				"north": {"uv": [2, 2, 4, 3], "rotation": 90, "texture": "#inner"},
				"east": {"uv": [2, 2, 3, 4], "texture": "#inner"},
				"south": {"uv": [2, 2, 4, 3], "rotation": 270, "texture": "#inner"},
				"west": {"uv": [2, 2, 3, 4], "rotation": 180, "texture": "#inner"},
				"up": {"uv": [2, 2, 3, 3], "rotation": 270, "texture": "#inner"},
				"down": {"uv": [2, 2, 3, 3], "rotation": 270, "texture": "#inner"}
			}
		},
		{
			"from": [2.5, 7, 2],
			"to": [3.5, 7.7, 3],
			"rotation": {"angle": 0, "axis": "y", "origin": [8, 8, 8.5]},
			"faces": {
				"north": {"uv": [2, 2, 4, 3], "rotation": 90, "texture": "#inner"},
				"east": {"uv": [2, 2, 3, 4], "texture": "#inner"},
				"south": {"uv": [2, 2, 4, 3], "rotation": 270, "texture": "#inner"},
				"west": {"uv": [2, 2, 3, 4], "rotation": 180, "texture": "#inner"},
				"up": {"uv": [2, 2, 3, 3], "rotation": 270, "texture": "#inner"},
				"down": {"uv": [2, 2, 3, 3], "rotation": 270, "texture": "#inner"}
			}
		},
		{
			"from": [12.5, 7, 4.5],
			"to": [13.5, 7.7, 5.5],
			"rotation": {"angle": 0, "axis": "y", "origin": [8, 8, 8]},
			"faces": {
				"north": {"uv": [2, 2, 4, 3], "rotation": 90, "texture": "#inner"},
				"east": {"uv": [2, 2, 3, 4], "texture": "#inner"},
				"south": {"uv": [2, 2, 4, 3], "rotation": 270, "texture": "#inner"},
				"west": {"uv": [2, 2, 3, 4], "rotation": 180, "texture": "#inner"},
				"up": {"uv": [2, 2, 3, 3], "rotation": 270, "texture": "#inner"},
				"down": {"uv": [2, 2, 3, 3], "rotation": 270, "texture": "#inner"}
			}
		},
		{
			"from": [2, 7, 5],
			"to": [3, 8.5, 6],
			"rotation": {"angle": 0, "axis": "y", "origin": [8, 8, 8]},
			"faces": {
				"north": {"uv": [2, 2, 4, 3], "rotation": 90, "texture": "#inner"},
				"east": {"uv": [2, 2, 3, 4], "texture": "#inner"},
				"south": {"uv": [2, 2, 4, 3], "rotation": 270, "texture": "#inner"},
				"west": {"uv": [2, 2, 3, 4], "rotation": 180, "texture": "#inner"},
				"up": {"uv": [2, 2, 3, 3], "rotation": 270, "texture": "#inner"},
				"down": {"uv": [2, 2, 3, 3], "rotation": 270, "texture": "#inner"}
			}
		},
		{
			"from": [1.5, 7.5, 1],
			"to": [4.5, 7.5, 4],
			"rotation": {"angle": 0, "axis": "y", "origin": [3, 7, 2.5]},
			"faces": {
				"up": {"uv": [0, 0, 3, 3], "rotation": 270, "texture": "#inner3"},
				"down": {"uv": [0, 0, 3, 3], "rotation": 270, "texture": "#inner3"}
			}
		},
		{
			"from": [1.5, 7.5, 1],
			"to": [4.5, 7.5, 4],
			"rotation": {"angle": -22.5, "axis": "y", "origin": [3, 7, 2.5]},
			"faces": {
				"up": {"uv": [3, 0, 6, 3], "rotation": 270, "texture": "#inner3"},
				"down": {"uv": [3, 0, 6, 3], "rotation": 270, "texture": "#inner3"}
			}
		},
		{
			"from": [1.5, 7.5, 1],
			"to": [4.5, 7.5, 4],
			"rotation": {"angle": -45, "axis": "y", "origin": [3, 7, 2.5]},
			"faces": {
				"up": {"uv": [6, 0, 9, 3], "rotation": 270, "texture": "#inner3"},
				"down": {"uv": [6, 0, 9, 3], "rotation": 270, "texture": "#inner3"}
			}
		},
		{
			"from": [1.5, 7.5, 1],
			"to": [4.5, 7.5, 4],
			"rotation": {"angle": 22.5, "axis": "y", "origin": [3, 7, 2.5]},
			"faces": {
				"up": {"uv": [9, 0, 12, 3], "texture": "#inner3"},
				"down": {"uv": [9, 0, 12, 3], "rotation": 180, "texture": "#inner3"}
			}
		},
		{
			"from": [11.5, 7.5, 3.5],
			"to": [14.5, 7.5, 6.5],
			"rotation": {"angle": 0, "axis": "y", "origin": [13, 7, 5]},
			"faces": {
				"up": {"uv": [0, 0, 3, 3], "rotation": 270, "texture": "#inner3"},
				"down": {"uv": [0, 0, 3, 3], "rotation": 270, "texture": "#inner3"}
			}
		},
		{
			"from": [11.5, 7.5, 3.5],
			"to": [14.5, 7.5, 6.5],
			"rotation": {"angle": -22.5, "axis": "y", "origin": [13, 7, 5]},
			"faces": {
				"up": {"uv": [3, 0, 6, 3], "rotation": 270, "texture": "#inner3"},
				"down": {"uv": [3, 0, 6, 3], "rotation": 270, "texture": "#inner3"}
			}
		},
		{
			"from": [11.5, 7.5, 3.5],
			"to": [14.5, 7.5, 6.5],
			"rotation": {"angle": -45, "axis": "y", "origin": [13, 7, 5]},
			"faces": {
				"up": {"uv": [6, 0, 9, 3], "rotation": 270, "texture": "#inner3"},
				"down": {"uv": [6, 0, 9, 3], "rotation": 270, "texture": "#inner3"}
			}
		},
		{
			"from": [11.5, 7.5, 3.5],
			"to": [14.5, 7.5, 6.5],
			"rotation": {"angle": 22.5, "axis": "y", "origin": [13, 7, 5]},
			"faces": {
				"up": {"uv": [9, 0, 12, 3], "texture": "#inner3"},
				"down": {"uv": [9, 0, 12, 3], "rotation": 180, "texture": "#inner3"}
			}
		},
		{
			"from": [3.5, 8, 0.5],
			"to": [7.5, 8, 4.5],
			"rotation": {"angle": 0, "axis": "y", "origin": [5.5, 8, 2.5]},
			"faces": {
				"up": {"uv": [0, 3, 4, 7], "rotation": 270, "texture": "#inner3"},
				"down": {"uv": [0, 3, 4, 7], "rotation": 270, "texture": "#inner3"}
			}
		},
		{
			"from": [3.5, 8, 0.5],
			"to": [7.5, 8, 4.5],
			"rotation": {"angle": 22.5, "axis": "y", "origin": [5.5, 8, 2.5]},
			"faces": {
				"up": {"uv": [4, 3, 8, 7], "rotation": 270, "texture": "#inner3"},
				"down": {"uv": [4, 3, 8, 7], "rotation": 270, "texture": "#inner3"}
			}
		},
		{
			"from": [3.5, 8, 0.5],
			"to": [7.5, 8, 4.5],
			"rotation": {"angle": 45, "axis": "y", "origin": [5.5, 8, 2.5]},
			"faces": {
				"up": {"uv": [8, 3, 12, 7], "rotation": 270, "texture": "#inner3"},
				"down": {"uv": [8, 3, 12, 7], "rotation": 270, "texture": "#inner3"}
			}
		},
		{
			"from": [3.5, 8, 0.5],
			"to": [7.5, 8, 4.5],
			"rotation": {"angle": -22.5, "axis": "y", "origin": [5.5, 8, 2.5]},
			"faces": {
				"up": {"uv": [12, 3, 16, 7], "rotation": 180, "texture": "#inner3"},
				"down": {"uv": [12, 3, 16, 7], "texture": "#inner3"}
			}
		},
		{
			"from": [0.5, 8, 3.5],
			"to": [4.5, 8, 7.5],
			"rotation": {"angle": 0, "axis": "y", "origin": [2.5, 8, 5.5]},
			"faces": {
				"up": {"uv": [12, 3, 16, 7], "rotation": 270, "texture": "#inner3"},
				"down": {"uv": [12, 3, 16, 7], "rotation": 270, "texture": "#inner3"}
			}
		},
		{
			"from": [0.5, 8, 3.5],
			"to": [4.5, 8, 7.5],
			"rotation": {"angle": 22.5, "axis": "y", "origin": [2.5, 8, 5.5]},
			"faces": {
				"up": {"uv": [8, 3, 12, 7], "rotation": 270, "texture": "#inner3"},
				"down": {"uv": [8, 3, 12, 7], "rotation": 270, "texture": "#inner3"}
			}
		},
		{
			"from": [0.5, 8, 3.5],
			"to": [4.5, 8, 7.5],
			"rotation": {"angle": 45, "axis": "y", "origin": [2.5, 8, 5.5]},
			"faces": {
				"up": {"uv": [4, 3, 8, 7], "rotation": 270, "texture": "#inner3"},
				"down": {"uv": [4, 3, 8, 7], "rotation": 270, "texture": "#inner3"}
			}
		},
		{
			"from": [0.5, 8, 3.5],
			"to": [4.5, 8, 7.5],
			"rotation": {"angle": -22.5, "axis": "y", "origin": [2.5, 8, 5.5]},
			"faces": {
				"up": {"uv": [0, 3, 4, 7], "rotation": 180, "texture": "#inner3"},
				"down": {"uv": [0, 3, 4, 7], "texture": "#inner3"}
			}
		},
		{
			"from": [10, 7, 13],
			"to": [11, 8.5, 14],
			"rotation": {"angle": 0, "axis": "y", "origin": [8, 8, 8]},
			"faces": {
				"north": {"uv": [2, 2, 4, 3], "rotation": 270, "texture": "#inner"},
				"east": {"uv": [2, 2, 3, 4], "rotation": 180, "texture": "#inner"},
				"south": {"uv": [2, 2, 4, 3], "rotation": 90, "texture": "#inner"},
				"west": {"uv": [2, 2, 3, 4], "texture": "#inner"},
				"up": {"uv": [2, 2, 3, 3], "rotation": 90, "texture": "#inner"},
				"down": {"uv": [2, 2, 3, 3], "rotation": 90, "texture": "#inner"}
			}
		},
		{
			"from": [12.5, 7, 13],
			"to": [13.5, 7.7, 14],
			"rotation": {"angle": 0, "axis": "y", "origin": [8, 8, 7.5]},
			"faces": {
				"north": {"uv": [2, 2, 4, 3], "rotation": 270, "texture": "#inner"},
				"east": {"uv": [2, 2, 3, 4], "rotation": 180, "texture": "#inner"},
				"south": {"uv": [2, 2, 4, 3], "rotation": 90, "texture": "#inner"},
				"west": {"uv": [2, 2, 3, 4], "texture": "#inner"},
				"up": {"uv": [2, 2, 3, 3], "rotation": 90, "texture": "#inner"},
				"down": {"uv": [2, 2, 3, 3], "rotation": 90, "texture": "#inner"}
			}
		},
		{
			"from": [2.5, 7, 10.5],
			"to": [3.5, 7.7, 11.5],
			"rotation": {"angle": 0, "axis": "y", "origin": [8, 8, 8]},
			"faces": {
				"north": {"uv": [2, 2, 4, 3], "rotation": 270, "texture": "#inner"},
				"east": {"uv": [2, 2, 3, 4], "rotation": 180, "texture": "#inner"},
				"south": {"uv": [2, 2, 4, 3], "rotation": 90, "texture": "#inner"},
				"west": {"uv": [2, 2, 3, 4], "texture": "#inner"},
				"up": {"uv": [2, 2, 3, 3], "rotation": 90, "texture": "#inner"},
				"down": {"uv": [2, 2, 3, 3], "rotation": 90, "texture": "#inner"}
			}
		},
		{
			"from": [13, 7, 10],
			"to": [14, 8.5, 11],
			"rotation": {"angle": 0, "axis": "y", "origin": [8, 8, 8]},
			"faces": {
				"north": {"uv": [2, 2, 4, 3], "rotation": 270, "texture": "#inner"},
				"east": {"uv": [2, 2, 3, 4], "rotation": 180, "texture": "#inner"},
				"south": {"uv": [2, 2, 4, 3], "rotation": 90, "texture": "#inner"},
				"west": {"uv": [2, 2, 3, 4], "texture": "#inner"},
				"up": {"uv": [2, 2, 3, 3], "rotation": 90, "texture": "#inner"},
				"down": {"uv": [2, 2, 3, 3], "rotation": 90, "texture": "#inner"}
			}
		},
		{
			"from": [11.5, 7.5, 12],
			"to": [14.5, 7.5, 15],
			"rotation": {"angle": 0, "axis": "y", "origin": [13, 7, 13.5]},
			"faces": {
				"up": {"uv": [0, 0, 3, 3], "rotation": 90, "texture": "#inner3"},
				"down": {"uv": [0, 0, 3, 3], "rotation": 90, "texture": "#inner3"}
			}
		},
		{
			"from": [11.5, 7.5, 12],
			"to": [14.5, 7.5, 15],
			"rotation": {"angle": -22.5, "axis": "y", "origin": [13, 7, 13.5]},
			"faces": {
				"up": {"uv": [3, 0, 6, 3], "rotation": 90, "texture": "#inner3"},
				"down": {"uv": [3, 0, 6, 3], "rotation": 90, "texture": "#inner3"}
			}
		},
		{
			"from": [11.5, 7.5, 12],
			"to": [14.5, 7.5, 15],
			"rotation": {"angle": -45, "axis": "y", "origin": [13, 7, 13.5]},
			"faces": {
				"up": {"uv": [6, 0, 9, 3], "rotation": 90, "texture": "#inner3"},
				"down": {"uv": [6, 0, 9, 3], "rotation": 90, "texture": "#inner3"}
			}
		},
		{
			"from": [11.5, 7.5, 12],
			"to": [14.5, 7.5, 15],
			"rotation": {"angle": 22.5, "axis": "y", "origin": [13, 7, 13.5]},
			"faces": {
				"up": {"uv": [9, 0, 12, 3], "rotation": 180, "texture": "#inner3"},
				"down": {"uv": [9, 0, 12, 3], "texture": "#inner3"}
			}
		},
		{
			"from": [1.5, 7.5, 9.5],
			"to": [4.5, 7.5, 12.5],
			"rotation": {"angle": 0, "axis": "y", "origin": [3, 7, 11]},
			"faces": {
				"up": {"uv": [0, 0, 3, 3], "rotation": 90, "texture": "#inner3"},
				"down": {"uv": [0, 0, 3, 3], "rotation": 90, "texture": "#inner3"}
			}
		},
		{
			"from": [1.5, 7.5, 9.5],
			"to": [4.5, 7.5, 12.5],
			"rotation": {"angle": -22.5, "axis": "y", "origin": [3, 7, 11]},
			"faces": {
				"up": {"uv": [3, 0, 6, 3], "rotation": 90, "texture": "#inner3"},
				"down": {"uv": [3, 0, 6, 3], "rotation": 90, "texture": "#inner3"}
			}
		},
		{
			"from": [1.5, 7.5, 9.5],
			"to": [4.5, 7.5, 12.5],
			"rotation": {"angle": -45, "axis": "y", "origin": [3, 7, 11]},
			"faces": {
				"up": {"uv": [6, 0, 9, 3], "rotation": 90, "texture": "#inner3"},
				"down": {"uv": [6, 0, 9, 3], "rotation": 90, "texture": "#inner3"}
			}
		},
		{
			"from": [1.5, 7.5, 9.5],
			"to": [4.5, 7.5, 12.5],
			"rotation": {"angle": 22.5, "axis": "y", "origin": [3, 7, 11]},
			"faces": {
				"up": {"uv": [9, 0, 12, 3], "rotation": 180, "texture": "#inner3"},
				"down": {"uv": [9, 0, 12, 3], "texture": "#inner3"}
			}
		},
		{
			"from": [8.5, 8, 11.5],
			"to": [12.5, 8, 15.5],
			"rotation": {"angle": 0, "axis": "y", "origin": [10.5, 8, 13.5]},
			"faces": {
				"up": {"uv": [0, 3, 4, 7], "rotation": 90, "texture": "#inner3"},
				"down": {"uv": [0, 3, 4, 7], "rotation": 90, "texture": "#inner3"}
			}
		},
		{
			"from": [8.5, 8, 11.5],
			"to": [12.5, 8, 15.5],
			"rotation": {"angle": 22.5, "axis": "y", "origin": [10.5, 8, 13.5]},
			"faces": {
				"up": {"uv": [4, 3, 8, 7], "rotation": 90, "texture": "#inner3"},
				"down": {"uv": [4, 3, 8, 7], "rotation": 90, "texture": "#inner3"}
			}
		},
		{
			"from": [8.5, 8, 11.5],
			"to": [12.5, 8, 15.5],
			"rotation": {"angle": 45, "axis": "y", "origin": [10.5, 8, 13.5]},
			"faces": {
				"up": {"uv": [8, 3, 12, 7], "rotation": 90, "texture": "#inner3"},
				"down": {"uv": [8, 3, 12, 7], "rotation": 90, "texture": "#inner3"}
			}
		},
		{
			"from": [8.5, 8, 11.5],
			"to": [12.5, 8, 15.5],
			"rotation": {"angle": -22.5, "axis": "y", "origin": [10.5, 8, 13.5]},
			"faces": {
				"up": {"uv": [12, 3, 16, 7], "texture": "#inner3"},
				"down": {"uv": [12, 3, 16, 7], "rotation": 180, "texture": "#inner3"}
			}
		},
		{
			"from": [11.5, 8, 8.5],
			"to": [15.5, 8, 12.5],
			"rotation": {"angle": 0, "axis": "y", "origin": [13.5, 8, 10.5]},
			"faces": {
				"up": {"uv": [12, 3, 16, 7], "rotation": 90, "texture": "#inner3"},
				"down": {"uv": [12, 3, 16, 7], "rotation": 90, "texture": "#inner3"}
			}
		},
		{
			"from": [11.5, 8, 8.5],
			"to": [15.5, 8, 12.5],
			"rotation": {"angle": 22.5, "axis": "y", "origin": [13.5, 8, 10.5]},
			"faces": {
				"up": {"uv": [8, 3, 12, 7], "rotation": 90, "texture": "#inner3"},
				"down": {"uv": [8, 3, 12, 7], "rotation": 90, "texture": "#inner3"}
			}
		},
		{
			"from": [11.5, 8, 8.5],
			"to": [15.5, 8, 12.5],
			"rotation": {"angle": 45, "axis": "y", "origin": [13.5, 8, 10.5]},
			"faces": {
				"up": {"uv": [4, 3, 8, 7], "rotation": 90, "texture": "#inner3"},
				"down": {"uv": [4, 3, 8, 7], "rotation": 90, "texture": "#inner3"}
			}
		},
		{
			"from": [11.5, 8, 8.5],
			"to": [15.5, 8, 12.5],
			"rotation": {"angle": -22.5, "axis": "y", "origin": [13.5, 8, 10.5]},
			"faces": {
				"up": {"uv": [0, 3, 4, 7], "texture": "#inner3"},
				"down": {"uv": [0, 3, 4, 7], "rotation": 180, "texture": "#inner3"}
			}
		},
		{
			"from": [7, 7, 7],
			"to": [9, 9, 9],
			"faces": {
				"north": {"uv": [3, 8, 5, 10], "texture": "#side"},
				"east": {"uv": [3, 8, 5, 10], "texture": "#side"},
				"south": {"uv": [3, 8, 5, 10], "texture": "#side"},
				"west": {"uv": [3, 8, 5, 10], "texture": "#side"},
				"up": {"uv": [3, 8, 5, 10], "texture": "#side"},
				"down": {"uv": [3, 8, 5, 10], "texture": "#side"}
			}
		}
	],
	"groups": [
		{
			"name": "group",
			"origin": [0, 0, 0],
			"color": 0,
			"children": [0, 1, 2, 3, 4, 5, 6, 7, 8, 9, 10, 11, 12]
		},
		{
			"name": "group",
			"origin": [8, 8, 8],
			"color": 0,
			"children": [
				13,
				14,
				15,
				{
					"name": "group",
					"origin": [5.5, 3.5, 13.5],
					"color": 0,
					"children": [16, 17, 18, 19]
				},
				{
					"name": "group",
					"origin": [10, 3.5, 14],
					"color": 0,
					"children": [20, 21, 22, 23]
				},
				{
					"name": "group",
					"origin": [10, 3.5, 14],
					"color": 0,
					"children": [24, 25, 26, 27]
				}
			]
		},
		{
			"name": "group",
			"origin": [8, 8, 8],
			"color": 0,
			"children": [
				28,
				29,
				30,
				{
					"name": "group",
					"origin": [5.5, 3.5, 13.5],
					"color": 0,
					"children": [31, 32, 33, 34]
				},
				{
					"name": "group",
					"origin": [10, 3.5, 14],
					"color": 0,
					"children": [35, 36, 37, 38]
				},
				{
					"name": "group",
					"origin": [10, 3.5, 14],
					"color": 0,
					"children": [39, 40, 41, 42]
				}
			]
		},
		{
			"name": "group",
			"origin": [8, 8, 8],
			"color": 0,
			"children": [
				43,
				44,
				45,
				{
					"name": "group",
					"origin": [5.5, 3.5, 13.5],
					"color": 0,
					"children": [46, 47, 48, 49]
				},
				{
					"name": "group",
					"origin": [10, 3.5, 14],
					"color": 0,
					"children": [50, 51, 52, 53]
				},
				{
					"name": "group",
					"origin": [10, 3.5, 14],
					"color": 0,
					"children": [54, 55, 56, 57]
				}
			]
		},
		{
			"name": "group",
			"origin": [8, 8, 8],
			"color": 0,
			"children": [
				58,
				59,
				60,
				{
					"name": "group",
					"origin": [5.5, 3.5, 13.5],
					"color": 0,
					"children": [61, 62, 63, 64]
				},
				{
					"name": "group",
					"origin": [10, 3.5, 14],
					"color": 0,
					"children": [65, 66, 67, 68]
				},
				{
					"name": "group",
					"origin": [10, 3.5, 14],
					"color": 0,
					"children": [69, 70, 71, 72]
				}
			]
		},
		{
			"name": "group",
			"origin": [8, 8, 8],
			"color": 0,
			"children": [
				73,
				74,
				75,
				76,
				{
					"name": "group",
					"origin": [5.5, 3.5, 13.5],
					"color": 0,
					"children": [77, 78, 79, 80]
				},
				{
					"name": "group",
					"origin": [5.5, 3.5, 13.5],
					"color": 0,
					"children": [81, 82, 83, 84]
				},
				{
					"name": "group",
					"origin": [10, 3.5, 14],
					"color": 0,
					"children": [85, 86, 87, 88]
				},
				{
					"name": "group",
					"origin": [10, 3.5, 14],
					"color": 0,
					"children": [89, 90, 91, 92]
				}
			]
		},
		{
			"name": "group",
			"origin": [8, 8, 8],
			"color": 0,
			"children": [
				93,
				94,
				95,
				96,
				{
					"name": "group",
					"origin": [5.5, 3.5, 13.5],
					"color": 0,
					"children": [97, 98, 99, 100]
				},
				{
					"name": "group",
					"origin": [5.5, 3.5, 13.5],
					"color": 0,
					"children": [101, 102, 103, 104]
				},
				{
					"name": "group",
					"origin": [10, 3.5, 14],
					"color": 0,
					"children": [105, 106, 107, 108]
				},
				{
					"name": "group",
					"origin": [10, 3.5, 14],
					"color": 0,
					"children": [109, 110, 111, 112]
				}
			]
		},
		113
	]
}