{
	"credit": "Made by XeKr with Blockbench",
	"textures": {
		"particle": "#wall"
	},
	"elements": [
		{
			"name": "wall",
			"from": [5, 11, 0],
			"to": [11, 14, 8],
			"faces": {
				"north": {"uv": [5, 2, 11, 5], "texture": "#wall", "cullface": "north"},
				"east": {"uv": [8, 2, 16, 5], "texture": "#wall"},
				"west": {"uv": [0, 2, 8, 5], "texture": "#wall"},
				"up": {"uv": [5, 0, 11, 8], "texture": "#top"},
				"down": {"uv": [5, 8, 11, 16], "texture": "#bottom"}
			}
		},
		{
			"name": "wall",
			"from": [5, 0, 0],
			"to": [11, 3, 8],
			"rotation": {"angle": 0, "axis": "y", "origin": [8, -3, 8]},
			"faces": {
				"north": {"uv": [5, 2, 11, 5], "texture": "#wall", "cullface": "north"},
				"east": {"uv": [8, 2, 16, 5], "texture": "#wall"},
				"west": {"uv": [0, 2, 8, 5], "texture": "#wall"},
				"up": {"uv": [5, 0, 11, 8], "texture": "#top"},
				"down": {"uv": [5, 8, 11, 16], "texture": "#bottom", "cullface": "down"}
			}
		},
		{
			"from": [5.875, 3, -2.125],
			"to": [10.125, 11, 2.125],
			"rotation": {"angle": -45, "axis": "y", "origin": [8, 7, 0]},
			"faces": {
				"east": {"uv": [6, 8, 10, 16], "texture": "#wall"},
				"south": {"uv": [6, 8, 10, 16], "texture": "#wall"}
			}
		},
		{
			"from": [5.875, 3, 5.875],
			"to": [10.125, 11, 10.125],
			"rotation": {"angle": -45, "axis": "y", "origin": [8, 7, 8]},
			"faces": {
				"north": {"uv": [6, 8, 10, 16], "texture": "#wall"},
				"west": {"uv": [6, 8, 10, 16], "texture": "#wall"}
			}
		},
		{
			"from": [5, 3, 0],
			"to": [11, 11, 0],
			"rotation": {"angle": 0, "axis": "y", "origin": [13, 11, 8]},
			"faces": {
				"north": {"uv": [5, 8, 11, 16], "texture": "#wall", "cullface": "north"}
			}
		}
	]
}