{
	"credit": "Made by XeKr with Blockbench",
	"parent": "block/template_torch",
	"textures": {
		"particle": "block/torch3d",
		"torch": "block/torch3d"
	},
	"elements": [
		{
			"name": "Box9",
			"from": [6.5, 0, 6.5],
			"to": [9.5, 1, 9.5],
			"faces": {
				"north": {"uv": [13, 15, 16, 16], "texture": "#torch"},
				"east": {"uv": [13, 15, 16, 16], "texture": "#torch"},
				"south": {"uv": [13, 15, 16, 16], "texture": "#torch"},
				"west": {"uv": [13, 15, 16, 16], "texture": "#torch"},
				"up": {"uv": [13, 13, 16, 16], "texture": "#torch"},
				"down": {"uv": [13, 13, 16, 16], "texture": "#torch"}
			}
		},
		{
			"name": "Box10",
			"from": [7.2, 1, 7.2],
			"to": [8.8, 7, 8.8],
			"faces": {
				"north": {"uv": [7, 9, 9, 15], "texture": "#torch"},
				"east": {"uv": [7, 9, 9, 15], "texture": "#torch"},
				"south": {"uv": [7, 9, 9, 15], "texture": "#torch"},
				"west": {"uv": [7, 9, 9, 15], "texture": "#torch"}
			}
		},
		{
			"name": "Box10",
			"from": [7, 7, 7],
			"to": [9, 10, 9],
			"rotation": {"angle": 0, "axis": "y", "origin": [8, 8.5, 8]},
			"faces": {
				"north": {"uv": [7, 6, 9, 9], "texture": "#torch"},
				"east": {"uv": [7, 6, 9, 9], "texture": "#torch"},
				"south": {"uv": [7, 6, 9, 9], "texture": "#torch"},
				"west": {"uv": [7, 6, 9, 9], "texture": "#torch"},
				"up": {"uv": [7, 6, 9, 8], "texture": "#torch"},
				"down": {"uv": [13, 13, 15, 15], "texture": "#torch"}
			}
		},
		{
			"name": "PlaneX11",
			"from": [8, 7.5, 6.4],
			"to": [8, 8.5, 9.6],
			"rotation": {"angle": 0, "axis": "y", "origin": [8, 8, 8]},
			"faces": {
				"east": {"uv": [13, 12.5, 16, 13.5], "texture": "#torch"},
				"west": {"uv": [13, 12.5, 16, 13.5], "texture": "#torch"}
			}
		},
		{
			"name": "PlaneX11",
			"from": [6.4, 7.5, 8],
			"to": [9.6, 8.5, 8],
			"rotation": {"angle": 0, "axis": "y", "origin": [8, 8, 8]},
			"faces": {
				"north": {"uv": [13, 12.5, 16, 13.5], "texture": "#torch"},
				"south": {"uv": [13, 12.5, 16, 13.5], "texture": "#torch"}
			}
		},
		{
			"name": "Box10",
			"from": [6.5, 7.5, 6.5],
			"to": [9.5, 10.5, 6.5],
			"rotation": {"angle": 22.5, "axis": "y", "origin": [8, 8, 8]},
			"faces": {
				"north": {"uv": [12.5, 0.5, 15.5, 3.5], "texture": "#torch"},
				"south": {"uv": [12.5, 0.5, 15.5, 3.5], "texture": "#torch"}
			}
		},
		{
			"name": "Box11",
			"from": [6.5, 7.5, 6.5],
			"to": [6.5, 10.5, 9.5],
			"rotation": {"angle": 22.5, "axis": "y", "origin": [8, 8, 8]},
			"faces": {
				"east": {"uv": [12.5, 0.5, 15.5, 3.5], "texture": "#torch"},
				"west": {"uv": [12.5, 0.5, 15.5, 3.5], "texture": "#torch"}
			}
		},
		{
			"name": "Box12",
			"from": [6.5, 7.5, 9.5],
			"to": [9.5, 10.5, 9.5],
			"rotation": {"angle": 22.5, "axis": "y", "origin": [8, 8, 8]},
			"faces": {
				"north": {"uv": [12.5, 0.5, 15.5, 3.5], "texture": "#torch"},
				"south": {"uv": [12.5, 0.5, 15.5, 3.5], "texture": "#torch"}
			}
		},
		{
			"name": "Box13",
			"from": [9.5, 7.5, 6.5],
			"to": [9.5, 10.5, 9.5],
			"rotation": {"angle": 22.5, "axis": "y", "origin": [8, 8, 8]},
			"faces": {
				"east": {"uv": [12.5, 0.5, 15.5, 3.5], "texture": "#torch"},
				"west": {"uv": [12.5, 0.5, 15.5, 3.5], "texture": "#torch"}
			}
		},
		{
			"name": "Box11",
			"from": [6.5, 7.5, 6.5],
			"to": [9.5, 10.5, 6.5],
			"rotation": {"angle": -22.5, "axis": "y", "origin": [8, 8, 8]},
			"faces": {
				"north": {"uv": [12.5, 0.5, 15.5, 3.5], "texture": "#torch"},
				"south": {"uv": [12.5, 0.5, 15.5, 3.5], "texture": "#torch"}
			}
		},
		{
			"name": "Box12",
			"from": [6.5, 7.5, 6.5],
			"to": [6.5, 10.5, 9.5],
			"rotation": {"angle": -22.5, "axis": "y", "origin": [8, 8, 8]},
			"faces": {
				"east": {"uv": [12.5, 0.5, 15.5, 3.5], "texture": "#torch"},
				"west": {"uv": [12.5, 0.5, 15.5, 3.5], "texture": "#torch"}
			}
		},
		{
			"name": "Box13",
			"from": [6.5, 7.5, 9.5],
			"to": [9.5, 10.5, 9.5],
			"rotation": {"angle": -22.5, "axis": "y", "origin": [8, 8, 8]},
			"faces": {
				"north": {"uv": [12.5, 0.5, 15.5, 3.5], "texture": "#torch"},
				"south": {"uv": [12.5, 0.5, 15.5, 3.5], "texture": "#torch"}
			}
		},
		{
			"name": "Box14",
			"from": [9.5, 7.5, 6.5],
			"to": [9.5, 10.5, 9.5],
			"rotation": {"angle": -22.5, "axis": "y", "origin": [8, 8, 8]},
			"faces": {
				"east": {"uv": [12.5, 0.5, 15.5, 3.5], "texture": "#torch"},
				"west": {"uv": [12.5, 0.5, 15.5, 3.5], "texture": "#torch"}
			}
		}
	],
	"groups": [
		0,
		1,
		2,
		3,
		4,
		{
			"name": "group",
			"origin": [8, 8, 8],
			"color": 0,
			"children": [5, 6, 7, 8]
		},
		{
			"name": "group",
			"origin": [8, 8, 8],
			"color": 0,
			"children": [9, 10, 11, 12]
		}
	]
}