{
	"credit": "Made by XeKr with Blockbench",
	"parent": "block/template_torch",
	"textures": {
		"particle": "block/torch3d",
		"torch": "block/torch3d"
	},
	"elements": [
		{
			"name": "Box11",
			"from": [0, 4, 7.5],
			"to": [3, 5, 8.5],
			"rotation": {"angle": 0, "axis": "y", "origin": [8, 10, 8]},
			"faces": {
				"north": {"uv": [3, 0, 0, 1], "texture": "#torch"},
				"east": {"uv": [0, 0, 1, 1], "texture": "#torch"},
				"south": {"uv": [0, 0, 3, 1], "texture": "#torch"},
				"up": {"uv": [0, 0, 3, 1], "texture": "#torch"},
				"down": {"uv": [0, 0, 3, 1], "texture": "#torch"}
			}
		},
		{
			"name": "Box12",
			"from": [0, 3, 6.5],
			"to": [0.5, 11, 9.5],
			"rotation": {"angle": 0, "axis": "y", "origin": [8, 9, 8]},
			"faces": {
				"north": {"uv": [0, 8, 1, 16], "texture": "#torch"},
				"east": {"uv": [0, 8, 3, 16], "texture": "#torch"},
				"south": {"uv": [0, 8, 1, 16], "texture": "#torch"},
				"west": {"uv": [0, 8, 3, 16], "texture": "#torch"},
				"up": {"uv": [0, 8, 3, 9], "rotation": 90, "texture": "#torch"},
				"down": {"uv": [0, 8, 3, 9], "rotation": 90, "texture": "#torch"}
			}
		},
		{
			"name": "Box12",
			"from": [0, 9, 7.5],
			"to": [3, 10, 8.5],
			"rotation": {"angle": 0, "axis": "y", "origin": [8, 8, 8]},
			"faces": {
				"north": {"uv": [3, 0, 0, 1], "texture": "#torch"},
				"east": {"uv": [0, 0, 1, 1], "texture": "#torch"},
				"south": {"uv": [0, 0, 3, 1], "texture": "#torch"},
				"up": {"uv": [0, 0, 3, 1], "texture": "#torch"},
				"down": {"uv": [0, 0, 3, 1], "texture": "#torch"}
			}
		},
		{
			"name": "Box10",
			"from": [2.5, 10, 7],
			"to": [4.5, 13, 9],
			"rotation": {"angle": 0, "axis": "y", "origin": [3.5, 11.5, 8]},
			"faces": {
				"north": {"uv": [7, 6, 9, 9], "texture": "#torch"},
				"east": {"uv": [7, 6, 9, 9], "texture": "#torch"},
				"south": {"uv": [7, 6, 9, 9], "texture": "#torch"},
				"west": {"uv": [7, 6, 9, 9], "texture": "#torch"},
				"up": {"uv": [7, 6, 9, 8], "texture": "#torch"},
				"down": {"uv": [13, 13, 15, 15], "texture": "#torch"}
			}
		},
		{
			"name": "Box11",
			"from": [2.5, 3, 7],
			"to": [4.5, 4, 9],
			"rotation": {"angle": 0, "axis": "y", "origin": [3.5, 11.5, 8]},
			"faces": {
				"north": {"uv": [7, 15, 9, 16], "texture": "#torch"},
				"east": {"uv": [7, 15, 9, 16], "texture": "#torch"},
				"south": {"uv": [7, 15, 9, 16], "texture": "#torch"},
				"west": {"uv": [7, 15, 9, 16], "texture": "#torch"},
				"up": {"uv": [13, 13, 15, 15], "texture": "#torch"},
				"down": {"uv": [13, 13, 15, 15], "texture": "#torch"}
			}
		},
		{
			"name": "Box10",
			"from": [2.7, 4, 7.2],
			"to": [4.3, 10, 8.8],
			"rotation": {"angle": 0, "axis": "y", "origin": [-4.5, 3, 0]},
			"faces": {
				"north": {"uv": [7, 9, 9, 15], "texture": "#torch"},
				"east": {"uv": [7, 9, 9, 15], "texture": "#torch"},
				"south": {"uv": [7, 9, 9, 15], "texture": "#torch"},
				"west": {"uv": [7, 9, 9, 15], "texture": "#torch"}
			}
		},
		{
			"name": "PlaneX11",
			"from": [3.5, 10.5, 6.4],
			"to": [3.5, 11.5, 9.6],
			"rotation": {"angle": 0, "axis": "y", "origin": [3.5, 11, 8]},
			"faces": {
				"east": {"uv": [13, 12.5, 16, 13.5], "texture": "#torch"},
				"west": {"uv": [13, 12.5, 16, 13.5], "texture": "#torch"}
			}
		},
		{
			"name": "PlaneX11",
			"from": [1.9, 10.5, 8],
			"to": [5.1, 11.5, 8],
			"rotation": {"angle": 0, "axis": "y", "origin": [3.5, 11, 8]},
			"faces": {
				"north": {"uv": [13, 12.5, 16, 13.5], "texture": "#torch"},
				"south": {"uv": [13, 12.5, 16, 13.5], "texture": "#torch"}
			}
		},
		{
			"name": "Box14",
			"from": [5, 10.5, 6.5],
			"to": [5, 13.5, 9.5],
			"rotation": {"angle": -22.5, "axis": "y", "origin": [3.5, 11, 8]},
			"faces": {
				"east": {"uv": [12.5, 0.5, 15.5, 3.5], "texture": "#torch"},
				"west": {"uv": [12.5, 0.5, 15.5, 3.5], "texture": "#torch"}
			}
		},
		{
			"name": "Box11",
			"from": [2, 10.5, 6.5],
			"to": [5, 13.5, 6.5],
			"rotation": {"angle": -22.5, "axis": "y", "origin": [3.5, 11, 8]},
			"faces": {
				"north": {"uv": [12.5, 0.5, 15.5, 3.5], "texture": "#torch"},
				"south": {"uv": [12.5, 0.5, 15.5, 3.5], "texture": "#torch"}
			}
		},
		{
			"name": "Box12",
			"from": [2, 10.5, 6.5],
			"to": [2, 13.5, 9.5],
			"rotation": {"angle": -22.5, "axis": "y", "origin": [3.5, 11, 8]},
			"faces": {
				"east": {"uv": [12.5, 0.5, 15.5, 3.5], "texture": "#torch"},
				"west": {"uv": [12.5, 0.5, 15.5, 3.5], "texture": "#torch"}
			}
		},
		{
			"name": "Box13",
			"from": [2, 10.5, 9.5],
			"to": [5, 13.5, 9.5],
			"rotation": {"angle": -22.5, "axis": "y", "origin": [3.5, 11, 8]},
			"faces": {
				"north": {"uv": [12.5, 0.5, 15.5, 3.5], "texture": "#torch"},
				"south": {"uv": [12.5, 0.5, 15.5, 3.5], "texture": "#torch"}
			}
		},
		{
			"name": "Box10",
			"from": [2, 10.5, 6.5],
			"to": [5, 13.5, 6.5],
			"rotation": {"angle": 22.5, "axis": "y", "origin": [3.5, 11, 8]},
			"faces": {
				"north": {"uv": [12.5, 0.5, 15.5, 3.5], "texture": "#torch"},
				"south": {"uv": [12.5, 0.5, 15.5, 3.5], "texture": "#torch"}
			}
		},
		{
			"name": "Box11",
			"from": [2, 10.5, 6.5],
			"to": [2, 13.5, 9.5],
			"rotation": {"angle": 22.5, "axis": "y", "origin": [3.5, 11, 8]},
			"faces": {
				"east": {"uv": [12.5, 0.5, 15.5, 3.5], "texture": "#torch"},
				"west": {"uv": [12.5, 0.5, 15.5, 3.5], "texture": "#torch"}
			}
		},
		{
			"name": "Box12",
			"from": [2, 10.5, 9.5],
			"to": [5, 13.5, 9.5],
			"rotation": {"angle": 22.5, "axis": "y", "origin": [3.5, 11, 8]},
			"faces": {
				"north": {"uv": [12.5, 0.5, 15.5, 3.5], "texture": "#torch"},
				"south": {"uv": [12.5, 0.5, 15.5, 3.5], "texture": "#torch"}
			}
		},
		{
			"name": "Box13",
			"from": [5, 10.5, 6.5],
			"to": [5, 13.5, 9.5],
			"rotation": {"angle": 22.5, "axis": "y", "origin": [3.5, 11, 8]},
			"faces": {
				"east": {"uv": [12.5, 0.5, 15.5, 3.5], "texture": "#torch"},
				"west": {"uv": [12.5, 0.5, 15.5, 3.5], "texture": "#torch"}
			}
		}
	],
	"groups": [
		0,
		1,
		2,
		3,
		4,
		5,
		6,
		7,
		{
			"name": "group",
			"origin": [8, 8, 8],
			"color": 0,
			"children": [8, 9, 10, 11]
		},
		{
			"name": "group",
			"origin": [8, 8, 8],
			"color": 0,
			"children": [12, 13, 14, 15]
		}
	]
}