{
	"credit": "Made by XeKr with Blockbench",
	"parent": "minecraft:block/fence_post",
	"textures": {
		"particle": "block/stripped_warped_stem",
		"side": "block/stripped_warped_stem",
		"top": "block/stripped_warped_stem_top"
	},
	"elements": [
		{
			"name": "Box1",
			"from": [6, 0, 6],
			"to": [10, 16, 10],
			"faces": {
				"north": {"uv": [0, 0, 4, 16], "texture": "#side"},
				"east": {"uv": [12, 0, 16, 16], "texture": "#side"},
				"south": {"uv": [8, 0, 12, 16], "texture": "#side"},
				"west": {"uv": [4, 0, 8, 16], "texture": "#side"},
				"up": {"uv": [6, 6, 10, 10], "texture": "#top"},
				"down": {"uv": [6, 6, 10, 10], "texture": "#top"}
			}
		}
	]
}