{
	"credit": "Made by XeKr with Blockbench",
	"parent": "minecraft:block/fence_side",
	"textures": {
		"particle": "block/stripped_warped_stem",
		"side": "block/stripped_warped_stem"
	},
	"elements": [
		{
			"name": "Box3",
			"from": [7, 11, 0],
			"to": [9, 13.95, 1],
			"faces": {
				"north": {"uv": [7, 2, 9, 5], "texture": "#side"},
				"east": {"uv": [15, 2, 16, 5], "texture": "#side"},
				"south": {"uv": [7, 2, 9, 5], "texture": "#side"},
				"west": {"uv": [0, 2, 1, 5], "texture": "#side"},
				"up": {"uv": [7, 0, 9, 1], "texture": "#side"},
				"down": {"uv": [7, 15, 9, 16], "texture": "#side"}
			}
		},
		{
			"name": "Box3",
			"from": [7, 5, 0],
			"to": [9, 8, 2],
			"faces": {
				"north": {"uv": [7, 8, 9, 11], "texture": "#side"},
				"east": {"uv": [14, 8, 16, 11], "texture": "#side"},
				"south": {"uv": [7, 8, 9, 11], "texture": "#side"},
				"west": {"uv": [0, 8, 2, 11], "texture": "#side"},
				"up": {"uv": [7, 0, 9, 2], "texture": "#side"},
				"down": {"uv": [7, 14, 9, 16], "texture": "#side"}
			}
		},
		{
			"name": "Box3",
			"from": [7, 10, 1],
			"to": [9, 13.95, 2],
			"faces": {
				"north": {"uv": [7, 2, 9, 6], "texture": "#side"},
				"east": {"uv": [14, 2, 15, 6], "texture": "#side"},
				"south": {"uv": [7, 2, 9, 6], "texture": "#side"},
				"west": {"uv": [1, 2, 2, 6], "texture": "#side"},
				"up": {"uv": [7, 1, 9, 2], "texture": "#side"},
				"down": {"uv": [7, 14, 9, 15], "texture": "#side"}
			}
		},
		{
			"name": "Box3",
			"from": [7, 10, 2],
			"to": [9, 13, 5.05],
			"faces": {
				"north": {"uv": [7, 3, 9, 6], "texture": "#side"},
				"east": {"uv": [11, 3, 14, 6], "texture": "#side"},
				"south": {"uv": [7, 3, 9, 6], "texture": "#side"},
				"west": {"uv": [2, 3, 5, 6], "texture": "#side"},
				"up": {"uv": [7, 2, 9, 5], "texture": "#side"},
				"down": {"uv": [7, 11, 9, 14], "texture": "#side"}
			}
		},
		{
			"name": "Box3",
			"from": [7, 11, 5.05],
			"to": [9, 13.95, 9],
			"faces": {
				"north": {"uv": [7, 2, 9, 5], "texture": "#side"},
				"east": {"uv": [7, 2, 11, 5], "texture": "#side"},
				"south": {"uv": [7, 2, 9, 5], "texture": "#side"},
				"west": {"uv": [5, 2, 9, 5], "texture": "#side"},
				"up": {"uv": [7, 5, 9, 9], "texture": "#side"},
				"down": {"uv": [7, 7, 9, 11], "texture": "#side"}
			}
		},
		{
			"name": "Box3",
			"from": [7, 6, 3],
			"to": [9, 9, 4],
			"faces": {
				"north": {"uv": [7, 7, 9, 10], "texture": "#side"},
				"east": {"uv": [12, 7, 13, 10], "texture": "#side"},
				"south": {"uv": [7, 7, 9, 10], "texture": "#side"},
				"west": {"uv": [3, 7, 4, 10], "texture": "#side"},
				"up": {"uv": [7, 3, 9, 4], "texture": "#side"},
				"down": {"uv": [7, 12, 9, 13], "texture": "#side"}
			}
		},
		{
			"name": "Box3",
			"from": [7, 5, 2],
			"to": [9, 9, 3],
			"faces": {
				"north": {"uv": [7, 7, 9, 11], "texture": "#side"},
				"east": {"uv": [13, 7, 14, 11], "texture": "#side"},
				"south": {"uv": [7, 7, 9, 11], "texture": "#side"},
				"west": {"uv": [2, 7, 3, 11], "texture": "#side"},
				"up": {"uv": [7, 2, 9, 3], "texture": "#side"},
				"down": {"uv": [7, 13, 9, 14], "texture": "#side"}
			}
		},
		{
			"name": "Box3",
			"from": [7, 5, 4],
			"to": [9, 8, 9],
			"faces": {
				"north": {"uv": [7, 8, 9, 11], "texture": "#side"},
				"east": {"uv": [7, 8, 12, 11], "texture": "#side"},
				"south": {"uv": [7, 8, 9, 11], "texture": "#side"},
				"west": {"uv": [4, 8, 9, 11], "texture": "#side"},
				"up": {"uv": [7, 4, 9, 9], "texture": "#side"},
				"down": {"uv": [7, 7, 9, 12], "texture": "#side"}
			}
		}
	]
}