{
  "fabric:load_conditions": [
    {
       "condition": "fabric:all_mods_loaded",
       "values": [
         "farmersdelight"
       ]
     }
   ],
    "type": "create:compacting",
    "ingredients": [
      {
        "tag": "fabric:bread"
      },
      {
        "tag": "fabric:cooked_mutton"
      },
      {
        "tag": "fabric:salad_ingredients"
      },
      {
        "tag": "fabric:crops/tomato"
      },
      {
        "fluid": "milk:still_milk",
        "nbt": {},
        "amount": 27000
      }
    ],
    "results": [
      {
        "item": "farmersdelight:mutton_wrap"
      }
    ]
  }