{
    "display": {
        "icon": {
            "item": "minecraft:wooden_axe"
        },
        "title": {"translate":"Time to Chop!"},
        "description": {"translate":"Use planks and sticks to make an axe"},
        "announce_to_chat": "true"
    },
    "parent": "blazeandcave:bacap/time_to_strike",
	"rewards": {
		"function": "bc_rewards:bacap/time_to_chop"
    },		
    "criteria": {
        "wooden_axe": {
            "trigger": "minecraft:inventory_changed",
            "conditions": {
                "items": [
                    {
						"items": [
							"minecraft:wooden_axe"
						]
                    }
                ]
            }
        },
        "stone_axe": {
            "trigger": "minecraft:inventory_changed",
            "conditions": {
                "items": [
                    {
						"items": [
							"minecraft:stone_axe"
						]
                    }
                ]
            }
        },
        "iron_axe": {
            "trigger": "minecraft:inventory_changed",
            "conditions": {
                "items": [
                    {
						"items": [
							"minecraft:iron_axe"
						]
                    }
                ]
            }
        },
        "diamond_axe": {
            "trigger": "minecraft:inventory_changed",
            "conditions": {
                "items": [
                    {
						"items": [
							"minecraft:diamond_axe"
						]
                    }
                ]
            }
        },
        "golden_axe": {
            "trigger": "minecraft:inventory_changed",
            "conditions": {
                "items": [
                    {
						"items": [
							"minecraft:golden_axe"
						]
                    }
                ]
            }
        },
        "netherite_axe": {
            "trigger": "minecraft:inventory_changed",
            "conditions": {
                "items": [
                    {
						"items": [
							"minecraft:netherite_axe"
						]
                    }
                ]
            }
        }
    },
    "requirements": [
		[
        "wooden_axe",
        "stone_axe",
		"iron_axe",
		"diamond_axe",
		"golden_axe",
		"netherite_axe"
		]
    ]
}