{
  "fabric:load_conditions": [
    {
        "condition": "fabric:item_tags_populated",
        "values": [
            "createplus:ores/uranium/deepslate"
        ]
    }
],
  "type": "create:crushing",
  "ingredients": [
    {
      "tag": "createplus:ores/uranium/deepslate"
    }
  ],
  "results": [
    {
      "item": "create:crushed_uranium_ore",
      "count": 2
    },
    {
      "item": "create:crushed_uranium_ore",
      "chance": 0.75
    },
    {
      "item": "create:experience_nugget",
      "chance": 0.75
    },
    {
      "item": "minecraft:cobbled_deepslate",
      "chance": 0.125
    }
  ],
  "processingTime": 350
}
