{
    "display": {
        "icon": {
            "item": "minecraft:diamond_helmet",
			"nbt": "{Enchantments:[{id:\"minecraft:unbreaking\",lvl:1}]}"
        },
        "title": {"translate":"Master Armorer"},
        "description": {"translate":"Create a full suit of armor with all possible enchantments at max level"},
        "announce_to_chat": "true",
		"frame": "challenge"
    },
    "parent": "blazeandcave:enchanting/master_arbalist",
    "rewards": {
		"function": "bc_rewards:enchanting/master_armorer"
    },		
    "criteria": {
        "helmet_protection": {
            "trigger": "minecraft:inventory_changed",
            "conditions": {
				"items": [
                    {
                        "tag": "blazeandcave:master_helmets",
						"enchantments": [
							{
								"enchantment": "minecraft:protection",
								"levels": 4
							},
							{
								"enchantment": "minecraft:unbreaking",
								"levels": 3
							},
							{
								"enchantment": "minecraft:mending",
								"levels": 1
							},
							{
								"enchantment": "minecraft:aqua_affinity",
								"levels": 1
							},
							{
								"enchantment": "minecraft:respiration",
								"levels": 3
							}	
						]
                    }
                ]
            }
        },
        "helmet_fire_protection": {
            "trigger": "minecraft:inventory_changed",
            "conditions": {
				"items": [
                    {
                        "tag": "blazeandcave:master_helmets",
						"enchantments": [
							{
								"enchantment": "minecraft:fire_protection",
								"levels": 4
							},
							{
								"enchantment": "minecraft:unbreaking",
								"levels": 3
							},
							{
								"enchantment": "minecraft:mending",
								"levels": 1
							},
							{
								"enchantment": "minecraft:aqua_affinity",
								"levels": 1
							},
							{
								"enchantment": "minecraft:respiration",
								"levels": 3
							}	
						]
                    }
                ]
            }
        },
        "helmet_projectile_protection": {
            "trigger": "minecraft:inventory_changed",
            "conditions": {
				"items": [
                    {
                        "tag": "blazeandcave:master_helmets",
						"enchantments": [
							{
								"enchantment": "minecraft:projectile_protection",
								"levels": 4
							},
							{
								"enchantment": "minecraft:unbreaking",
								"levels": 3
							},
							{
								"enchantment": "minecraft:mending",
								"levels": 1
							},
							{
								"enchantment": "minecraft:aqua_affinity",
								"levels": 1
							},
							{
								"enchantment": "minecraft:respiration",
								"levels": 3
							}	
						]
                    }
                ]
            }
        },
        "helmet_blast_protection": {
            "trigger": "minecraft:inventory_changed",
            "conditions": {
				"items": [
                    {
                        "tag": "blazeandcave:master_helmets",
						"enchantments": [
							{
								"enchantment": "minecraft:blast_protection",
								"levels": 4
							},
							{
								"enchantment": "minecraft:unbreaking",
								"levels": 3
							},
							{
								"enchantment": "minecraft:mending",
								"levels": 1
							},
							{
								"enchantment": "minecraft:aqua_affinity",
								"levels": 1
							},
							{
								"enchantment": "minecraft:respiration",
								"levels": 3
							}	
						]
                    }
                ]
            }
        },
        "chestplate_protection": {
            "trigger": "minecraft:inventory_changed",
            "conditions": {
				"items": [
					{
                        "tag": "blazeandcave:master_chestplates",
						"enchantments": [
							{
								"enchantment": "minecraft:protection",
								"levels": 4
							},
							{
								"enchantment": "minecraft:unbreaking",
								"levels": 3
							},
							{
								"enchantment": "minecraft:mending",
								"levels": 1
							},
							{
								"enchantment": "minecraft:thorns",
								"levels": 3
							}	
						]
                    }
                ]
            }
        },
        "chestplate_fire_protection": {
            "trigger": "minecraft:inventory_changed",
            "conditions": {
				"items": [
					{
                        "tag": "blazeandcave:master_chestplates",
						"enchantments": [
							{
								"enchantment": "minecraft:fire_protection",
								"levels": 4
							},
							{
								"enchantment": "minecraft:unbreaking",
								"levels": 3
							},
							{
								"enchantment": "minecraft:mending",
								"levels": 1
							},
							{
								"enchantment": "minecraft:thorns",
								"levels": 3
							}	
						]
                    }
                ]
            }
        },
        "chestplate_projectile_protection": {
            "trigger": "minecraft:inventory_changed",
            "conditions": {
				"items": [
					{
                        "tag": "blazeandcave:master_chestplates",
						"enchantments": [
							{
								"enchantment": "minecraft:projectile_protection",
								"levels": 4
							},
							{
								"enchantment": "minecraft:unbreaking",
								"levels": 3
							},
							{
								"enchantment": "minecraft:mending",
								"levels": 1
							},
							{
								"enchantment": "minecraft:thorns",
								"levels": 3
							}	
						]
                    }
                ]
            }
        },
        "chestplate_blast_protection": {
            "trigger": "minecraft:inventory_changed",
            "conditions": {
				"items": [
					{
                        "tag": "blazeandcave:master_chestplates",
						"enchantments": [
							{
								"enchantment": "minecraft:blast_protection",
								"levels": 4
							},
							{
								"enchantment": "minecraft:unbreaking",
								"levels": 3
							},
							{
								"enchantment": "minecraft:mending",
								"levels": 1
							},
							{
								"enchantment": "minecraft:thorns",
								"levels": 3
							}	
						]
                    }
                ]
            }
        },
        "leggings_protection": {
            "trigger": "minecraft:inventory_changed",
            "conditions": {
				"items": [
					{
                        "tag": "blazeandcave:master_leggings",
						"enchantments": [
							{
								"enchantment": "minecraft:protection",
								"levels": 4
							},
							{
								"enchantment": "minecraft:unbreaking",
								"levels": 3
							},
							{
								"enchantment": "minecraft:mending",
								"levels": 1
							}
						]
                    }
                ]
            }
        },
        "leggings_fire_protection": {
            "trigger": "minecraft:inventory_changed",
            "conditions": {
				"items": [
					{
                        "tag": "blazeandcave:master_leggings",
						"enchantments": [
							{
								"enchantment": "minecraft:fire_protection",
								"levels": 4
							},
							{
								"enchantment": "minecraft:unbreaking",
								"levels": 3
							},
							{
								"enchantment": "minecraft:mending",
								"levels": 1
							}
						]
                    }
                ]
            }
        },
		"leggings_projectile_protection": {
            "trigger": "minecraft:inventory_changed",
            "conditions": {
				"items": [
					{
                        "tag": "blazeandcave:master_leggings",
						"enchantments": [
							{
								"enchantment": "minecraft:projectile_protection",
								"levels": 4
							},
							{
								"enchantment": "minecraft:unbreaking",
								"levels": 3
							},
							{
								"enchantment": "minecraft:mending",
								"levels": 1
							}
						]
                    }
                ]
            }
        },
        "leggings_blast_protection": {
            "trigger": "minecraft:inventory_changed",
            "conditions": {
				"items": [
					{
                        "tag": "blazeandcave:master_leggings",
						"enchantments": [
							{
								"enchantment": "minecraft:blast_protection",
								"levels": 4
							},
							{
								"enchantment": "minecraft:unbreaking",
								"levels": 3
							},
							{
								"enchantment": "minecraft:mending",
								"levels": 1
							}
						]
                    }
                ]
            }
        },
        "boots_protection_depth_strider": {
            "trigger": "minecraft:inventory_changed",
            "conditions": {
				"items": [
					{
                        "tag": "blazeandcave:master_boots",
						"enchantments": [
							{
								"enchantment": "minecraft:protection",
								"levels": 4
							},
							{
								"enchantment": "minecraft:unbreaking",
								"levels": 3
							},
							{
								"enchantment": "minecraft:mending",
								"levels": 1
							},
							{
								"enchantment": "minecraft:depth_strider",
								"levels": 3
							},
							{
								"enchantment": "minecraft:feather_falling",
								"levels": 4
							},
							{
								"enchantment": "minecraft:soul_speed",
								"levels": 3
							}
						]
                    }
                ]
            }
        },
        "boots_fire_protection_depth_strider": {
            "trigger": "minecraft:inventory_changed",
            "conditions": {
				"items": [
					{
                        "tag": "blazeandcave:master_boots",
						"enchantments": [
							{
								"enchantment": "minecraft:fire_protection",
								"levels": 4
							},
							{
								"enchantment": "minecraft:unbreaking",
								"levels": 3
							},
							{
								"enchantment": "minecraft:mending",
								"levels": 1
							},
							{
								"enchantment": "minecraft:depth_strider",
								"levels": 3
							},
							{
								"enchantment": "minecraft:feather_falling",
								"levels": 4
							},
							{
								"enchantment": "minecraft:soul_speed",
								"levels": 3
							}
						]
                    }
                ]
            }
        },
        "boots_projectile_protection_depth_strider": {
            "trigger": "minecraft:inventory_changed",
            "conditions": {
				"items": [
					{
                        "tag": "blazeandcave:master_boots",
						"enchantments": [
							{
								"enchantment": "minecraft:projectile_protection",
								"levels": 4
							},
							{
								"enchantment": "minecraft:unbreaking",
								"levels": 3
							},
							{
								"enchantment": "minecraft:mending",
								"levels": 1
							},
							{
								"enchantment": "minecraft:depth_strider",
								"levels": 3
							},
							{
								"enchantment": "minecraft:feather_falling",
								"levels": 4
							},
							{
								"enchantment": "minecraft:soul_speed",
								"levels": 3
							}
						]
                    }
                ]
            }
        },
        "boots_blast_protection_depth_strider": {
            "trigger": "minecraft:inventory_changed",
            "conditions": {
				"items": [
					{
                        "tag": "blazeandcave:master_boots",
						"enchantments": [
							{
								"enchantment": "minecraft:blast_protection",
								"levels": 4
							},
							{
								"enchantment": "minecraft:unbreaking",
								"levels": 3
							},
							{
								"enchantment": "minecraft:mending",
								"levels": 1
							},
							{
								"enchantment": "minecraft:depth_strider",
								"levels": 3
							},
							{
								"enchantment": "minecraft:feather_falling",
								"levels": 4
							},
							{
								"enchantment": "minecraft:soul_speed",
								"levels": 3
							}
						]
                    }
                ]
            }
        },
        "boots_protection_frost_walker": {
            "trigger": "minecraft:inventory_changed",
            "conditions": {
				"items": [
					{
                        "tag": "blazeandcave:master_boots",
						"enchantments": [
							{
								"enchantment": "minecraft:protection",
								"levels": 4
							},
							{
								"enchantment": "minecraft:unbreaking",
								"levels": 3
							},
							{
								"enchantment": "minecraft:mending",
								"levels": 1
							},
							{
								"enchantment": "minecraft:frost_walker",
								"levels": 2
							},
							{
								"enchantment": "minecraft:feather_falling",
								"levels": 4
							},
							{
								"enchantment": "minecraft:soul_speed",
								"levels": 3
							}
						]
                    }
                ]
            }
		},
        "boots_fire_protection_frost_walker": {
            "trigger": "minecraft:inventory_changed",
            "conditions": {
				"items": [
					{
                        "tag": "blazeandcave:master_boots",
						"enchantments": [
							{
								"enchantment": "minecraft:fire_protection",
								"levels": 4
							},
							{
								"enchantment": "minecraft:unbreaking",
								"levels": 3
							},
							{
								"enchantment": "minecraft:mending",
								"levels": 1
							},
							{
								"enchantment": "minecraft:frost_walker",
								"levels": 2
							},
							{
								"enchantment": "minecraft:feather_falling",
								"levels": 4
							},
							{
								"enchantment": "minecraft:soul_speed",
								"levels": 3
							}
						]
                    }
                ]
            }
		},
        "boots_projectile_protection_frost_walker": {
            "trigger": "minecraft:inventory_changed",
            "conditions": {
				"items": [
					{
                        "tag": "blazeandcave:master_boots",
						"enchantments": [
							{
								"enchantment": "minecraft:projectile_protection",
								"levels": 4
							},
							{
								"enchantment": "minecraft:unbreaking",
								"levels": 3
							},
							{
								"enchantment": "minecraft:mending",
								"levels": 1
							},
							{
								"enchantment": "minecraft:frost_walker",
								"levels": 2
							},
							{
								"enchantment": "minecraft:feather_falling",
								"levels": 4
							},
							{
								"enchantment": "minecraft:soul_speed",
								"levels": 3
							}
						]
                    }
                ]
            }
		},
        "boots_blast_protection_frost_walker": {
            "trigger": "minecraft:inventory_changed",
            "conditions": {
				"items": [
					{
                        "tag": "blazeandcave:master_boots",
						"enchantments": [
							{
								"enchantment": "minecraft:blast_protection",
								"levels": 4
							},
							{
								"enchantment": "minecraft:unbreaking",
								"levels": 3
							},
							{
								"enchantment": "minecraft:mending",
								"levels": 1
							},
							{
								"enchantment": "minecraft:frost_walker",
								"levels": 2
							},
							{
								"enchantment": "minecraft:feather_falling",
								"levels": 4
							},
							{
								"enchantment": "minecraft:soul_speed",
								"levels": 3
							}
						]
                    }
                ]
            }
        }
    },
    "requirements": [
        [
            "helmet_protection",
            "helmet_fire_protection",
            "helmet_projectile_protection",
            "helmet_blast_protection"
        ],
        [
            "chestplate_protection",
            "chestplate_fire_protection",
            "chestplate_projectile_protection",
            "chestplate_blast_protection"
        ],
        [
            "leggings_protection",
            "leggings_fire_protection",
            "leggings_projectile_protection",
            "leggings_blast_protection"
        ],
        [
            "boots_protection_depth_strider",
            "boots_fire_protection_depth_strider",
            "boots_projectile_protection_depth_strider",
            "boots_blast_protection_depth_strider",
            "boots_protection_frost_walker",
            "boots_fire_protection_frost_walker",
            "boots_projectile_protection_frost_walker",
            "boots_blast_protection_frost_walker"
        ]
    ]
}