{
    "display": {
        "icon": {
            "item": "minecraft:elytra"
        },
        "title": {"translate":"A Million Blocks Away"},
        "description": {"color":"#FF2A2A","translate":"Travel a million blocks away from spawn"},
        "announce_to_chat": "true",
        "frame": "challenge"
    },
    "parent": "blazeandcave:challenges/the_devils_distance",
    "rewards": {
        "function": "bc_rewards:challenges/a_million_blocks_away"
    },		
    "criteria": {
        "outer_pos_x": {
            "trigger": "minecraft:location",
            "conditions": {
				"position": {
					"x": {
						"min": 1000000.0
					}
				},
                "player": [
                    {
                        "condition": "minecraft:inverted",
                        "term": {
                            "condition": "minecraft:entity_properties",
						    "entity": "this",
						    "predicate": {
						    	"player": {
						    		"gamemode": "spectator"
			    				}
                            }
						}
                    }
                ]
            }
        },
        "outer_pos_z": {
            "trigger": "minecraft:location",
            "conditions": {
				"position": {
					"z": {
						"min": 1000000.0
					}
				},
                "player": [
                    {
                        "condition": "minecraft:inverted",
                        "term": {
                            "condition": "minecraft:entity_properties",
						    "entity": "this",
						    "predicate": {
						    	"player": {
						    		"gamemode": "spectator"
			    				}
                            }
						}
                    }
                ]
            }
        },
        "outer_neg_x": {
            "trigger": "minecraft:location",
            "conditions": {
				"position": {
					"x": {
						"max": -1000000.0
					}
				},
                "player": [
                    {
                        "condition": "minecraft:inverted",
                        "term": {
                            "condition": "minecraft:entity_properties",
						    "entity": "this",
						    "predicate": {
						    	"player": {
						    		"gamemode": "spectator"
			    				}
                            }
						}
                    }
                ]
            }
        },
        "outer_neg_z": {
            "trigger": "minecraft:location",
            "conditions": {
				"position": {
					"z": {
						"max": -1000000.0
					}
				},
                "player": [
                    {
                        "condition": "minecraft:inverted",
                        "term": {
                            "condition": "minecraft:entity_properties",
						    "entity": "this",
						    "predicate": {
						    	"player": {
						    		"gamemode": "spectator"
			    				}
                            }
						}
                    }
                ]
            }
        }	
    },
    "requirements": [
        [
            "outer_pos_x",
            "outer_pos_z",
            "outer_neg_x",
            "outer_neg_z"
        ]
    ]
}