{
    "display": {
        "icon": {
            "item": "minecraft:map"
        },
        "title": {"translate":"Riddle Me This","extra":[{"text":"                    "}]},
        "description": {"color":"#FF2A2A","translate":"The first is to smith a compass that vanishes","extra":[{"text":"\n"},{"color":"#FF2A2A","translate":"The second is to slay a corpse that fishes"},{"text":"\n"},{"color":"#FF2A2A","translate":"The third is to travel on an upside-down mount"},{"text":"\n"},{"color":"#FF2A2A","translate":"The fourth is to take a temple tripwire into account"},{"text":"\n"},{"color":"#FF2A2A","translate":"The fifth is to be invisible yet be visible everywhere"},{"text":"\n"},{"color":"#FF2A2A","translate":"The sixth is to return the product of a fowl in mid-air"},{"text":"\n"},{"color":"#FF2A2A","translate":"The seventh is to allow a child to commit the act of stealing"},{"text":"\n"},{"color":"#FF2A2A","translate":"The eighth is to smite a Wither with splash healing"},{"text":"\n"},{"color":"#FF2A2A","translate":"The ninth is to be a pirate; parrot, spyglass, map, and boat"},{"text":"\n"},{"color":"#FF2A2A","translate":"The tenth, if you can achieve it, you will be the G.O.A.T."}]},
        "announce_to_chat": "true",
		"frame": "challenge"
    },
    "parent": "blazeandcave:challenges/the_perfect_run",
	"rewards": {
		"function": "bc_rewards:challenges/riddle_me_this"
    },		
    "criteria": {
        "first_line": {
            "trigger": "minecraft:location",
			"conditions": {
				"player":  {
					"player": {
						"advancements": {
							"blazeandcave:technical/riddle_first_line": "true"
						}
					}
				}
			}
        },
        "second_line": {
            "trigger": "minecraft:location",
			"conditions": {
				"player":  {
					"player": {
						"advancements": {
							"blazeandcave:technical/riddle_second_line": "true"
						}
					}
				}
			}
        },
        "third_line": {
            "trigger": "minecraft:location",
			"conditions": {
				"player":  {
					"player": {
						"advancements": {
							"blazeandcave:technical/riddle_third_line": "true"
						}
					}
				}
			}
        },
        "fourth_line": {
            "trigger": "minecraft:location",
			"conditions": {
				"player":  {
					"player": {
						"advancements": {
							"blazeandcave:technical/riddle_fourth_line": "true"
						}
					}
				}
			}
        },
        "fifth_line": {
            "trigger": "minecraft:location",
			"conditions": {
				"player":  {
					"player": {
						"advancements": {
							"blazeandcave:technical/riddle_fifth_line": "true"
						}
					}
				}
			}
        },
        "sixth_line": {
            "trigger": "minecraft:location",
			"conditions": {
				"player":  {
					"player": {
						"advancements": {
							"blazeandcave:technical/riddle_sixth_line": "true"
						}
					}
				}
			}
        },
        "seventh_line": {
            "trigger": "minecraft:location",
			"conditions": {
				"player":  {
					"player": {
						"advancements": {
							"blazeandcave:technical/riddle_seventh_line": "true"
						}
					}
				}
			}
        },
        "eighth_line": {
            "trigger": "minecraft:location",
			"conditions": {
				"player":  {
					"player": {
						"advancements": {
							"blazeandcave:technical/riddle_eighth_line": "true"
						}
					}
				}
			}
        },
        "ninth_line": {
            "trigger": "minecraft:location",
			"conditions": {
				"player":  {
					"player": {
						"advancements": {
							"blazeandcave:technical/riddle_ninth_line": "true"
						}
					}
				}
			}
        },
        "tenth_line": {
            "trigger": "minecraft:location",
			"conditions": {
				"player":  {
					"player": {
						"advancements": {
							"blazeandcave:technical/riddle_tenth_line": "true"
						}
					}
				}
			}
        }
    }
}