{
  "variants": {
    "": [
	{"model": "minecraft:block/azure_bluet1", "weight": 2},
	{"model": "minecraft:block/azure_bluet2"},
	{"model": "minecraft:block/azure_bluet2", "y": 90},
	{"model": "minecraft:block/azure_bluet2", "y": 180},
	{"model": "minecraft:block/azure_bluet2", "y": 270},
	{"model": "minecraft:block/azure_bluet3"},
	{"model": "minecraft:block/azure_bluet3", "y": 90},
	{"model": "minecraft:block/azure_bluet3", "y": 180},
	{"model": "minecraft:block/azure_bluet3", "y": 270},
	{"model": "minecraft:block/azure_bluet4"},
	{"model": "minecraft:block/azure_bluet4", "y": 90},
	{"model": "minecraft:block/azure_bluet4", "y": 180},
	{"model": "minecraft:block/azure_bluet4", "y": 270}
  ]
  }
}