{
    "display": {
        "icon": {
            "item": "minecraft:chest"
        },
        "title": {"translate":"Are we there yet?"},
        "description": {"translate":"Tame a donkey"},
        "announce_to_chat": "true"
    },
    "parent": "blazeandcave:animal/a_horse_in_shining_armor",
	"rewards": {
		"function": "bc_rewards:animal/are_we_there_yet"
    },		
    "criteria": {
        "tamed_animal": {
            "trigger": "minecraft:tame_animal",
            "conditions": {
                "entity": {
                    "type": "minecraft:donkey"
                }
			}
        }
    }
}