{
    "display": {
        "icon": {
            "item": "minecraft:leather_horse_armor"
        },
        "title": {"translate":"Horse Armorer"},
        "description": {"translate":"Make horse armor out of dead horses (No, joking, any leather will do)"},
        "announce_to_chat": "true"
    },
    "parent": "blazeandcave:animal/cowboy",
    "rewards": {
		"function": "bc_rewards:animal/horse_armorer"
    },		
    "criteria": {
        "leather_horse_armor": {
            "trigger": "minecraft:inventory_changed",
            "conditions": {
                "items": [
                    {
						"items": [
							"minecraft:leather_horse_armor"
						]
                    }
                ]
            }
        }
    }
}