{
    "display": {
        "icon": {
            "item": "minecraft:light_blue_wool"
        },
        "title": {"translate":"Rainbow Collection"},
        "description": {"color":"#75E1FF","translate":"Gather all 16 colors of wool"},
        "announce_to_chat": "true",
		"frame": "goal"
    },
    "parent": "blazeandcave:animal/live_and_let_dye",
    "rewards": {
		"function": "bc_rewards:animal/rainbow_collection"
    },		
    "criteria": {
        "white_wool": {
            "trigger": "minecraft:inventory_changed",
            "conditions": {
                "items": [
                    {
						"items": [
							"minecraft:white_wool"
						]
                    }
                ]
            }
        },
        "orange_wool": {
            "trigger": "minecraft:inventory_changed",
            "conditions": {
                "items": [
                    {
						"items": [
							"minecraft:orange_wool"
						]
                    }
                ]
            }
        },
        "magenta_wool": {
            "trigger": "minecraft:inventory_changed",
            "conditions": {
                "items": [
                    {
						"items": [
							"minecraft:magenta_wool"
						]
                    }
                ]
            }
        },
        "light_blue_wool": {
            "trigger": "minecraft:inventory_changed",
            "conditions": {
                "items": [
                    {
						"items": [
							"minecraft:light_blue_wool"
						]
                    }
                ]
            }
        },
        "yellow_wool": {
            "trigger": "minecraft:inventory_changed",
            "conditions": {
                "items": [
                    {
						"items": [
							"minecraft:yellow_wool"
						]
                    }
                ]
            }
        },
        "lime_wool": {
            "trigger": "minecraft:inventory_changed",
            "conditions": {
                "items": [
                    {
						"items": [
							"minecraft:lime_wool"
						]
                    }
                ]
            }
        },
        "pink_wool": {
            "trigger": "minecraft:inventory_changed",
            "conditions": {
                "items": [
                    {
						"items": [
							"minecraft:pink_wool"
						]
                    }
                ]
            }
        },
        "gray_wool": {
            "trigger": "minecraft:inventory_changed",
            "conditions": {
                "items": [
                    {
						"items": [
							"minecraft:gray_wool"
						]
                    }
                ]
            }
        },
        "light_gray_wool": {
            "trigger": "minecraft:inventory_changed",
            "conditions": {
                "items": [
                    {
						"items": [
							"minecraft:light_gray_wool"
						]
                    }
                ]
            }
        },
        "cyan_wool": {
            "trigger": "minecraft:inventory_changed",
            "conditions": {
                "items": [
                    {
						"items": [
							"minecraft:cyan_wool"
						]
                    }
                ]
            }
        },
        "purple_wool": {
            "trigger": "minecraft:inventory_changed",
            "conditions": {
                "items": [
                    {
						"items": [
							"minecraft:purple_wool"
						]
                    }
                ]
            }
        },
        "blue_wool": {
            "trigger": "minecraft:inventory_changed",
            "conditions": {
                "items": [
                    {
						"items": [
							"minecraft:blue_wool"
						]
                    }
                ]
            }
        },
        "brown_wool": {
            "trigger": "minecraft:inventory_changed",
            "conditions": {
                "items": [
                    {
						"items": [
							"minecraft:brown_wool"
						]
                    }
                ]
            }
        },
        "green_wool": {
            "trigger": "minecraft:inventory_changed",
            "conditions": {
                "items": [
                    {
						"items": [
							"minecraft:green_wool"
						]
                    }
                ]
            }
        },
        "red_wool": {
            "trigger": "minecraft:inventory_changed",
            "conditions": {
                "items": [
                    {
						"items": [
							"minecraft:red_wool"
						]
                    }
                ]
            }
        },
        "black_wool": {
            "trigger": "minecraft:inventory_changed",
            "conditions": {
                "items": [
                    {
						"items": [
							"minecraft:black_wool"
						]
                    }
                ]
            }
        }
    }
}