{
    "display": {
        "icon": {
            "item": "minecraft:snow_block"
        },
        "title": {"translate":"Snow Fox 64"},
        "description": {"translate":"Breed two snow foxes with sweet berries"},
        "announce_to_chat": "true"
    },
    "parent": "blazeandcave:animal/what_does_the_fox_say",
	"rewards": {
		"function": "bc_rewards:animal/snow_fox_64"
    },		
    "criteria": {
        "fox": {
            "trigger": "minecraft:bred_animals",
            "conditions": {
				"parent": {
					"type": "minecraft:fox",
					"nbt": "{Type:snow}"
				},
				"partner": {
					"type": "minecraft:fox",
					"nbt": "{Type:snow}"
				}
            }
        }
    }
}