{
    "display": {
        "icon": {
            "item": "minecraft:cooked_chicken"
        },
        "title": {"translate":"So Good"},
        "description": {"translate":"Can't beat it, can't beat it"},
        "announce_to_chat": "true"
    },
    "parent": "blazeandcave:animal/tickle_time",
	"rewards": {
		"function": "bc_rewards:animal/so_good"
    },		
    "criteria": {
        "cooked_chicken": {
            "trigger": "minecraft:consume_item",
            "conditions": {
                "item": {
					"items": [
						"minecraft:cooked_chicken"
					]
                }
            }
        }
    }
}