{
    "display": {
        "icon": {
            "item": "minecraft:red_mushroom"
        },
        "title": {"translate":"Super Mooshroom"},
        "description": {"translate":"Breed two stubborn mooshrooms together"},
        "announce_to_chat": "true"
    },
    "parent": "blazeandcave:animal/mooshroom_kingdom",
	"rewards": {
		"function": "bc_rewards:animal/super_mooshroom"
    },		
    "criteria": {
        "mooshroom": {
            "trigger": "minecraft:bred_animals",
            "conditions": {
				"parent": {
					"type": "minecraft:mooshroom"
				},
				"partner": {
					"type": "minecraft:mooshroom"
				}
            }
        }
    }
}