{
    "display": {
        "icon": {
            "item": "minecraft:bone"
        },
        "title": {"translate":"What a piece of junk!"},
        "description": {"translate":"Fish out a junk item"},
        "announce_to_chat": "true"
    },
    "parent": "blazeandcave:animal/catching_nemo",
	"rewards": {
		"function": "bc_rewards:animal/what_a_piece_of_junk"
    },		
    "criteria": {
        "bowl": {
            "trigger": "minecraft:fishing_rod_hooked",
            "conditions": {
                "item":
                {
					"items": [
						"minecraft:bowl"
					]
                }
            }
        },
        "leather": {
            "trigger": "minecraft:fishing_rod_hooked",
            "conditions": {
                "item":
                {
					"items": [
						"minecraft:leather"
					]
                }
            }
        },
        "leather_boots": {
            "trigger": "minecraft:fishing_rod_hooked",
            "conditions": {
                "item":
                {
					"items": [
						"minecraft:leather_boots"
					]
                }
            }
        },
        "rotten_flesh": {
            "trigger": "minecraft:fishing_rod_hooked",
            "conditions": {
                "item":
                {
					"items": [
						"minecraft:rotten_flesh"
					]
                }
            }
        },
        "stick": {
            "trigger": "minecraft:fishing_rod_hooked",
            "conditions": {
                "item":
                {
					"items": [
						"minecraft:stick"
					]
                }
            }
        },
        "string": {
            "trigger": "minecraft:fishing_rod_hooked",
            "conditions": {
                "item":
                {
					"items": [
						"minecraft:string"
					]
                }
            }
        },
        "potion": {
            "trigger": "minecraft:fishing_rod_hooked",
            "conditions": {
                "item":
                {
					"items": [
						"minecraft:potion"
					]
                }
            }
        },
        "bone": {
            "trigger": "minecraft:fishing_rod_hooked",
            "conditions": {
                "item":
                {
					"items": [
						"minecraft:bone"
					]
                }
            }
        },
        "ink_sac": {
            "trigger": "minecraft:fishing_rod_hooked",
            "conditions": {
                "item":
                {
					"items": [
						"minecraft:ink_sac"
					]
                }
            }
        },
        "tripwire_hook": {
            "trigger": "minecraft:fishing_rod_hooked",
            "conditions": {
                "item":
                {
					"items": [
						"minecraft:tripwire_hook"
					]
                }
            }
        },
        "bamboo": {
            "trigger": "minecraft:fishing_rod_hooked",
            "conditions": {
                "item":
                {
					"items": [
						"minecraft:bamboo"
					]
                }
            }
        },
        "lily_pad": {
            "trigger": "minecraft:fishing_rod_hooked",
            "conditions": {
                "item":
                {
					"items": [
						"minecraft:lily_pad"
					]
                }
            }
        }	
    },
    "requirements": [
		[
        "bowl",
		"leather",
		"leather_boots",
		"rotten_flesh",
		"stick",
		"string",
		"potion",
		"bone",
		"ink_sac",		
		"tripwire_hook",
		"bamboo",
		"lily_pad"
		]
    ]
}