{
    "display": {
        "icon": {
            "item": "minecraft:egg"
        },
        "title": {"translate":"Which came first?"},
        "description": {"translate":"The chicken... or the egg??"},
        "announce_to_chat": "true"
    },
    "parent": "blazeandcave:animal/so_good",
	"rewards": {
		"function": "bc_rewards:animal/which_came_first"
    },		
    "criteria": {
        "egg": {
            "trigger": "minecraft:inventory_changed",
            "conditions": {
                "items": [
                    {
						"items": [
							"minecraft:egg"
						]
                    }
                ]
            }
        }
    }
}