{
    "display": {
        "icon": {
            "item": "minecraft:oak_log"
        },
        "title": {"translate":"A Good Start"},
        "description": {"translate":"Chop down enough trees to collect a full stack of one log type"},
        "announce_to_chat": "true"
    },
    "parent": "blazeandcave:building/root",
    "rewards": {
        "function": "bc_rewards:building/a_good_start"
    },		
    "criteria": {
        "oak_log": {
            "trigger": "minecraft:inventory_changed",
            "conditions": {
                "items": [
                    {
						"items": [
							"minecraft:oak_log",
							"minecraft:stripped_oak_log",
							"minecraft:oak_wood",
							"minecraft:stripped_oak_wood"
						],
						"count": 64
                    }
                ]
            }
        },
        "spruce_log": {
            "trigger": "minecraft:inventory_changed",
            "conditions": {
                "items": [
                    {
						"items": [
							"minecraft:spruce_log",
							"minecraft:stripped_spruce_log",
							"minecraft:spruce_wood",
							"minecraft:stripped_spruce_wood"
						],
						"count": 64
                    }
                ]
            }
        },
        "birch_log": {
            "trigger": "minecraft:inventory_changed",
            "conditions": {
                "items": [
                    {
						"items": [
							"minecraft:birch_log",
							"minecraft:stripped_birch_log",
							"minecraft:birch_wood",
							"minecraft:stripped_birch_wood"
						],
						"count": 64
                    }
                ]
            }
        },
        "jungle_log": {
            "trigger": "minecraft:inventory_changed",
            "conditions": {
                "items": [
                    {
						"items": [
							"minecraft:jungle_log",
							"minecraft:stripped_jungle_log",
							"minecraft:jungle_wood",
							"minecraft:stripped_jungle_wood"
						],
						"count": 64
                    }
                ]
            }
        },
        "acacia_log": {
            "trigger": "minecraft:inventory_changed",
            "conditions": {
                "items": [
                    {
						"items": [
							"minecraft:acacia_log",
							"minecraft:stripped_acacia_log",
							"minecraft:acacia_wood",
							"minecraft:stripped_acacia_wood"
						],
						"count": 64
                    }
                ]
            }
        },
        "dark_oak_log": {
            "trigger": "minecraft:inventory_changed",
            "conditions": {
                "items": [
                    {
						"items": [
							"minecraft:dark_oak_log",
							"minecraft:stripped_dark_oak_log",
							"minecraft:dark_oak_wood",
							"minecraft:stripped_dark_oak_wood"
						],
						"count": 64
                    }
                ]
            }
        },
        "crimson_stem": {
            "trigger": "minecraft:inventory_changed",
            "conditions": {
                "items": [
                    {
						"items": [
							"minecraft:crimson_stem",
							"minecraft:stripped_crimson_stem",
							"minecraft:crimson_hyphae",
							"minecraft:stripped_crimson_hyphae"
						],
						"count": 64
                    }
                ]
            }
        },
        "warped_stem": {
            "trigger": "minecraft:inventory_changed",
            "conditions": {
                "items": [
                    {
						"items": [
							"minecraft:warped_stem",
							"minecraft:stripped_warped_stem",
							"minecraft:warped_hyphae",
							"minecraft:stripped_warped_hyphae"
						],
						"count": 64
                    }
                ]
            }
        }
    },
    "requirements": [
		[
        "oak_log",
        "spruce_log",
		"birch_log",
		"jungle_log",
		"acacia_log",
		"dark_oak_log",
		"crimson_stem",
		"warped_stem"
		]
    ]
}