{
    "display": {
        "icon": {
            "item": "minecraft:jack_o_lantern"
        },
        "title": {"translate":"Halloween!"},
        "description": {"translate":"Light up the area with jack o'lanterns!"},
        "announce_to_chat": "true"
    },
    "parent": "blazeandcave:building/torched",
	"rewards": {
		"function": "bc_rewards:building/halloween"
    },		
    "criteria": {
        "jack_o_lantern": {
            "trigger": "minecraft:placed_block",
            "conditions": {
				"block": "minecraft:jack_o_lantern"
            }
        }
    }
}