{
    "display": {
        "icon": {
            "item": "minecraft:lava_bucket"
        },
        "title": {"translate":"Hot Tub"},
        "description": {"translate":"Sit in a cauldron filled with lava"},
        "announce_to_chat": "true"
    },
    "parent": "blazeandcave:building/bubble_bubble_toil_and_trouble",
	"rewards": {
		"function": "bc_rewards:building/hot_tub"
    },
    "criteria": {
        "enter_lava_cauldron": {
            "trigger": "minecraft:enter_block",
            "conditions": {
				"block": "minecraft:lava_cauldron"
            }
        }
    }
}