{
    "display": {
        "icon": {
            "item": "minecraft:stone"
        },
        "title": {"translate":"Its original form"},
        "description": {"translate":"Use your furnace to smelt cobblestone back into stone"},
        "announce_to_chat": "true"
    },
    "parent": "blazeandcave:building/rock_collection",
    "rewards": {
		"function": "bc_rewards:building/its_original_form"
    },		
    "criteria": {
        "stone": {
            "trigger": "minecraft:inventory_changed",
            "conditions": {
                "items": [
                    {
						"items": [
							"minecraft:stone"
						]
                    }
                ]
            }
        }
    }
}