{
    "display": {
        "icon": {
            "item": "minecraft:ladder"
        },
        "title": {"translate":"Ladder Climbers Inc."},
        "description": {"translate":"Climb the ladder!"},
        "announce_to_chat": "true"
    },
    "parent": "blazeandcave:building/your_door_was_locked",
	"rewards": {
		"function": "bc_rewards:building/ladder_climbers_inc"
    },
    "criteria": {
        "enter_ladder": {
            "trigger": "minecraft:enter_block",
            "conditions": {
				"block": "minecraft:ladder"
            }
        }
    }
}