{
    "display": {
        "icon": {
            "item": "minecraft:candle"
        },
        "title": {"translate":"Setting up the mood"},
        "description": {"translate":"Place a candle and light it using Flint and Steel"},
        "announce_to_chat": "true"
    },
    "parent": "blazeandcave:building/one_pickle_two_pickle_sea_pickle_four",
	"rewards": {
		"function": "bc_rewards:building/setting_up_the_mood"
    },		
    "criteria": {
		"candle": {
			"trigger": "minecraft:item_used_on_block",
			"conditions": {
				"location": {
					"block": {
						"tag": "minecraft:candles"
					}
				},
				"item": {
					"tag": "blazeandcave:candle_lightables"
				}
			}
		}
    }
}