{
  "fabric:load_conditions": [
		{
      "condition": "fabric:all_mods_loaded",
      "values": [
        "betternether"
      ]
		}
  ],
  "type": "create:crushing",
  "ingredients": [
    {
      "item": "betternether:cincinnasite_ore"
    }
  ],
  "results": [
    {
      "item": "betternether:cincinnasite",
      "count": 3
    },
    {
      "item": "betternether:cincinnasite",
      "chance": 0.5
    },
    {
      "item": "minecraft:netherrack",
      "chance": 0.125
    }
  ],
  "processingTime": 250
}