{
    "display": {
        "icon": {
            "item": "minecraft:rabbit_stew"
        },
        "title": {"translate":"A Gluttonous Diet"},
        "description": {"translate":"Obtain a full stack of all the foods"},
        "announce_to_chat": "true",
        "frame": "challenge"
    },
    "parent": "minecraft:husbandry/balanced_diet",
    "rewards": {
		"function": "bc_rewards:farming/a_gluttonous_diet"
    },		
    "criteria": {
        "apple": {
            "trigger": "minecraft:inventory_changed",
            "conditions": {
                "items": [
                    {
						"items": [
							"minecraft:apple"
						],
						"count": 64
                    }
                ]
            }
        },
        "mushroom_stew": {
            "trigger": "minecraft:inventory_changed",
            "conditions": {
                "items": [
                    {
						"items": [
							"minecraft:mushroom_stew"
						]
                    }
                ]
            }
        },
        "bread": {
            "trigger": "minecraft:inventory_changed",
            "conditions": {
                "items": [
                    {
						"items": [
							"minecraft:bread"
						],
						"count": 64
                    }
                ]
            }
        },
        "porkchop": {
            "trigger": "minecraft:inventory_changed",
            "conditions": {
                "items": [
                    {
						"items": [
							"minecraft:porkchop"
						],
						"count": 64
                    }
                ]
            }
        },
        "cooked_porkchop": {
            "trigger": "minecraft:inventory_changed",
            "conditions": {
                "items": [
                    {
						"items": [
							"minecraft:cooked_porkchop"
						],
						"count": 64
                    }
                ]
            }
        },
        "golden_apple": {
            "trigger": "minecraft:inventory_changed",
            "conditions": {
                "items": [
                    {
						"items": [
							"minecraft:golden_apple"
						],
						"count": 64
                    }
                ]
            }
        },
        "enchanted_golden_apple": {
            "trigger": "minecraft:inventory_changed",
            "conditions": {
                "items": [
                    {
						"items": [
							"minecraft:enchanted_golden_apple"
						]
                    }
                ]
            }
        },
        "raw_cod": {
            "trigger": "minecraft:inventory_changed",
            "conditions": {
                "items": [
                    {
						"items": [
							"minecraft:cod"
						],
						"count": 64
                    }
                ]
            }
        },
        "raw_salmon": {
            "trigger": "minecraft:inventory_changed",
            "conditions": {
                "items": [
                    {
						"items": [
							"minecraft:salmon"
						],
						"count": 64
                    }
                ]
            }
        },
        "tropical_fish": {
            "trigger": "minecraft:inventory_changed",
            "conditions": {
                "items": [
                    {
						"items": [
							"minecraft:tropical_fish"
						],
						"count": 64
                    }
                ]
            }
        },
        "pufferfish": {
            "trigger": "minecraft:inventory_changed",
            "conditions": {
                "items": [
                    {
						"items": [
							"minecraft:pufferfish"
						],
						"count": 64
                    }
                ]
            }
        },
        "cooked_cod": {
            "trigger": "minecraft:inventory_changed",
            "conditions": {
                "items": [
                    {
						"items": [
							"minecraft:cooked_cod"
						],
						"count": 64
                    }
                ]
            }
        },
        "cooked_salmon": {
            "trigger": "minecraft:inventory_changed",
            "conditions": {
                "items": [
                    {
						"items": [
							"minecraft:cooked_salmon"
						],
						"count": 64
                    }
                ]
            }
        },
        "cookie": {
            "trigger": "minecraft:inventory_changed",
            "conditions": {
                "items": [
                    {
						"items": [
							"minecraft:cookie"
						],
						"count": 64
                    }
                ]
            }
        },
        "melon_slice": {
            "trigger": "minecraft:inventory_changed",
            "conditions": {
                "items": [
                    {
						"items": [
							"minecraft:melon_slice"
						],
						"count": 64
                    }
                ]
            }
        },
        "beef": {
            "trigger": "minecraft:inventory_changed",
            "conditions": {
                "items": [
                    {
						"items": [
							"minecraft:beef"
						],
						"count": 64
                    }
                ]
            }
        },
        "cooked_beef": {
            "trigger": "minecraft:inventory_changed",
            "conditions": {
                "items": [
                    {
						"items": [
							"minecraft:cooked_beef"
						],
						"count": 64
                    }
                ]
            }
        },
        "chicken": {
            "trigger": "minecraft:inventory_changed",
            "conditions": {
                "items": [
                    {
						"items": [
							"minecraft:chicken"
						],
						"count": 64
                    }
                ]
            }
        },
        "cooked_chicken": {
            "trigger": "minecraft:inventory_changed",
            "conditions": {
                "items": [
                    {
						"items": [
							"minecraft:cooked_chicken"
						],
						"count": 64
                    }
                ]
            }
        },
        "rotten_flesh": {
            "trigger": "minecraft:inventory_changed",
            "conditions": {
                "items": [
                    {
						"items": [
							"minecraft:rotten_flesh"
						],
						"count": 64
                    }
                ]
            }
        },
        "spider_eye": {
            "trigger": "minecraft:inventory_changed",
            "conditions": {
                "items": [
                    {
						"items": [
							"minecraft:spider_eye"
						],
						"count": 64
                    }
                ]
            }
        },
        "carrot": {
            "trigger": "minecraft:inventory_changed",
            "conditions": {
                "items": [
                    {
						"items": [
							"minecraft:carrot"
						],
						"count": 64
                    }
                ]
            }
        },
        "potato": {
            "trigger": "minecraft:inventory_changed",
            "conditions": {
                "items": [
                    {
						"items": [
							"minecraft:potato"
						],
						"count": 64
                    }
                ]
            }
        },
        "baked_potato": {
            "trigger": "minecraft:inventory_changed",
            "conditions": {
                "items": [
                    {
						"items": [
							"minecraft:baked_potato"
						],
						"count": 64
                    }
                ]
            }
        },
        "poisonous_potato": {
            "trigger": "minecraft:inventory_changed",
            "conditions": {
                "items": [
                    {
						"items": [
							"minecraft:poisonous_potato"
						],
						"count": 64
                    }
                ]
            }
        },
        "golden_carrot": {
            "trigger": "minecraft:inventory_changed",
            "conditions": {
                "items": [
                    {
						"items": [
							"minecraft:golden_carrot"
						],
						"count": 64
                    }
                ]
            }
        },
        "pumpkin_pie": {
            "trigger": "minecraft:inventory_changed",
            "conditions": {
                "items": [
                    {
						"items": [
							"minecraft:pumpkin_pie"
						],
						"count": 64
                    }
                ]
            }
        },
        "rabbit": {
            "trigger": "minecraft:inventory_changed",
            "conditions": {
                "items": [
                    {
						"items": [
							"minecraft:rabbit"
						],
						"count": 64
                    }
                ]
            }
        },
        "cooked_rabbit": {
            "trigger": "minecraft:inventory_changed",
            "conditions": {
                "items": [
                    {
						"items": [
							"minecraft:cooked_rabbit"
						],
						"count": 64
                    }
                ]
            }
        },
        "rabbit_stew": {
            "trigger": "minecraft:inventory_changed",
            "conditions": {
                "items": [
                    {
						"items": [
							"minecraft:rabbit_stew"
						]
                    }
                ]
            }
        },
        "mutton": {
            "trigger": "minecraft:inventory_changed",
            "conditions": {
                "items": [
                    {
						"items": [
							"minecraft:mutton"
						],
						"count": 64
                    }
                ]
            }
        },
        "cooked_mutton": {
            "trigger": "minecraft:inventory_changed",
            "conditions": {
                "items": [
                    {
						"items": [
							"minecraft:cooked_mutton"
						],
						"count": 64
                    }
                ]
            }
        },
        "chorus_fruit": {
            "trigger": "minecraft:inventory_changed",
            "conditions": {
                "items": [
                    {
						"items": [
							"minecraft:chorus_fruit"
						],
						"count": 64
                    }
                ]
            }
        },
        "beetroot": {
            "trigger": "minecraft:inventory_changed",
            "conditions": {
                "items": [
                    {
						"items": [
							"minecraft:beetroot"
						],
						"count": 64
                    }
                ]
            }
        },
        "beetroot_soup": {
            "trigger": "minecraft:inventory_changed",
            "conditions": {
                "items": [
                    {
						"items": [
							"minecraft:beetroot_soup"
						]
                    }
                ]
            }
        },
        "dried_kelp": {
            "trigger": "minecraft:inventory_changed",
            "conditions": {
                "items": [
                    {
						"items": [
							"minecraft:dried_kelp"
						],
						"count": 64
                    }
                ]
            }
        },
        "suspicious_stew": {
            "trigger": "minecraft:inventory_changed",
            "conditions": {
                "items": [
                    {
						"items": [
							"minecraft:suspicious_stew"
						]
                    }
                ]
            }
        },
        "sweet_berries": {
            "trigger": "minecraft:inventory_changed",
            "conditions": {
                "items": [
                    {
						"items": [
							"minecraft:sweet_berries"
						],
						"count": 64
                    }
                ]
            }
        },
        "honey_bottle": {
            "trigger": "minecraft:inventory_changed",
            "conditions": {
                "items": [
                    {
						"items": [
							"minecraft:honey_bottle"
						],
						"count": 16
                    }
                ]
            }
        },
        "glow_berries": {
            "trigger": "minecraft:inventory_changed",
            "conditions": {
                "items": [
                    {
						"items": [
							"minecraft:glow_berries"
						],
						"count": 64
                    }
                ]
            }
        }
    }
}