{
    "display": {
        "icon": {
            "item": "minecraft:written_book"
        },
        "title": {"translate":"An amazing story!"},
        "description": {"translate":"Finish writing in your book or get a book from another player"},
        "announce_to_chat": "true"
    },
    "parent": "blazeandcave:farming/write_your_thoughts",
	"rewards": {
		"function": "bc_rewards:farming/an_amazing_story"
    },		
    "criteria": {
        "written_book": {
            "trigger": "minecraft:inventory_changed",
            "conditions": {
                "items": [
                    {
						"items": [
							"minecraft:written_book"
						]
                    }
                ]
            }
        }
    }
}