{
    "display": {
        "icon": {
            "item": "minecraft:apple"
        },
        "title": {"translate":"An Apple a Day"},
        "description": {"translate":"Eat an Apple every day for 30 in-game days"},
        "announce_to_chat": "true",
		"frame": "challenge"
    },
    "parent": "blazeandcave:farming/ecologist",
	"rewards": {
		"function": "bc_rewards:farming/an_apple_a_day"
    },		
    "criteria": {
        "an_apple_a_day": {
            "trigger": "minecraft:impossible"
        }
    }
}