{
    "display": {
        "icon": {
            "item": "minecraft:dried_kelp_block"
        },
        "title": {"translate":"Aquatic Biofuel"},
        "description": {"translate":"Craft a dried kelp block for use as a great fuel source"},
        "announce_to_chat": "true"
    },
    "parent": "blazeandcave:farming/kelp_me",
	"rewards": {
		"function": "bc_rewards:farming/aquatic_biofuel"
    },		
    "criteria": {
        "dried_kelp_block": {
            "trigger": "minecraft:inventory_changed",
            "conditions": {
                "items": [
                    {
						"items": [
							"minecraft:dried_kelp_block"
						]
					}
                ]
            }
        }
    }
}