{
    "display": {
        "icon": {
            "item": "minecraft:cookie"
        },
        "title": {"translate":"Me Love Cookie"},
        "description": {"translate":"Bake some cookies... and then scoff them all yourself"},
        "announce_to_chat": "true"
    },
    "parent": "blazeandcave:farming/its_where_nutella_comes_from",
	"rewards": {
		"function": "bc_rewards:farming/me_love_cookie"
    },		
    "criteria": {
        "cookie": {
            "trigger": "minecraft:consume_item",
            "conditions": {
                "item": {
					"items": [
						"minecraft:cookie"
					]
                }
            }
        }
    }
}