{
    "display": {
        "icon": {
            "item": "minecraft:red_mushroom_block"
        },
        "title": {"translate":"Mega Mushroom"},
        "description": {"translate":"Grow a giant mushroom and then harvest it with silk touch"},
        "announce_to_chat": "true"
    },
    "parent": "blazeandcave:farming/mushroom_mushroom",
	"rewards": {
		"function": "bc_rewards:farming/mega_mushroom"
    },		
    "criteria": {
        "red_mushroom": {
            "trigger": "minecraft:inventory_changed",
            "conditions": {
                "items": [
                    {
						"items": [
							"minecraft:red_mushroom_block"
						]
                    }
                ]
            }
        },
        "brown_mushroom": {
            "trigger": "minecraft:inventory_changed",
            "conditions": {
                "items": [
                    {
						"items": [
							"minecraft:brown_mushroom_block"
						]
                    }
                ]
            }
        },
        "mushroom_stem": {
            "trigger": "minecraft:inventory_changed",
            "conditions": {
                "items": [
                    {
						"items": [
							"minecraft:mushroom_stem"
						]
                    }
                ]
            }
        }			
    },
    "requirements": [
		[
        "red_mushroom",
        "brown_mushroom",
		"mushroom_stem"
		]
    ]
}