{
    "display": {
        "icon": {
            "item": "minecraft:wet_sponge"
        },
        "title": {"translate":"Dry Spell"},
        "description": {"translate":"Dry a sponge in a furnace"},
        "announce_to_chat": "true"
    },
    "parent": "blazeandcave:adventure/the_deep_end",
    "rewards": {
        "function": "bc_rewards:adventure/dry_spell"
    },		
    "criteria": {
        "sponge": {
            "trigger": "minecraft:inventory_changed",
            "conditions": {
                "items": [
                    {
						"items": [
							"minecraft:sponge"
						]
                    }
                ]
            }
        }
    }
}