{
    "display": {
        "icon": {
            "item": "minecraft:iron_sword"
        },
        "title": {"translate":"Ghostbuster!"},
        "description": {"translate":"Bust a Vex summoned by an Evoker"},
        "announce_to_chat": "true"
    },
    "parent": "blazeandcave:adventure/heres_johnny",
    "rewards": {
        "function": "bc_rewards:adventure/ghostbuster"
    },		
    "criteria": {
        "vex": {
            "trigger": "minecraft:player_killed_entity",
            "conditions": {
                "entity": {
                    "type": "vex"
                }
            }
        }
    }
}