{
    "display": {
        "icon": {
            "item": "minecraft:chiseled_sandstone"
        },
        "title": {"translate":"Grave Robber"},
        "description": {"translate":"Enter a pyramid in a desert"},
        "announce_to_chat": "true"
    },
    "parent": "blazeandcave:adventure/now_youre_thinking_with_portals",
    "rewards": {
        "function": "bc_rewards:adventure/grave_robber"
    },		
    "criteria": {
        "desert_pyramid": {
            "trigger": "minecraft:location",
            "conditions": {
                "feature": "desert_pyramid",
                "player": [
                    {
                        "condition": "minecraft:inverted",
                        "term": {
                            "condition": "minecraft:entity_properties",
						    "entity": "this",
						    "predicate": {
						    	"player": {
						    		"gamemode": "spectator"
			    				}
                            }
						}
                    }
                ]
            }
        }		
    }
}