{
    "display": {
        "icon": {
            "item": "minecraft:prismarine_shard"
        },
        "title": {"translate":"Laser Sharks!"},
        "description": {"translate":"Defeat a Guardian"},
        "announce_to_chat": "true"
    },
    "parent": "blazeandcave:adventure/monumental",
    "rewards": {
        "function": "bc_rewards:adventure/laser_sharks"
    },		
    "criteria": {
        "guardian": {
            "trigger": "minecraft:player_killed_entity",
            "conditions": {
                "entity": {
                    "type": "guardian"
                }
            }
        }
    }
}