{
    "display": {
        "icon": {
            "item": "minecraft:iron_sword"
        },
        "title": {"translate":"Redemption Arc"},
        "description": {"color":"#75E1FF","translate":"Befriend a Pillager that doesn’t have a crossbow"},
        "announce_to_chat": "true",
		"frame": "goal"
    },
    "parent": "minecraft:adventure/voluntary_exile",
	"rewards": {
		"function": "bc_rewards:adventure/redemption_arc"
    },
    "criteria": {
        "redemption_arc": {
            "trigger": "minecraft:impossible"
        }
    }
}