{
    "display": {
        "icon": {
            "item": "minecraft:iron_sword"
        },
        "title": {"translate":"War is Coming"},
        "description": {"translate":"Defeat enough Illager Patrol leaders to attain the highest level of Bad Omen"},
        "announce_to_chat": "true",
		"frame": "challenge"
    },
    "parent": "blazeandcave:adventure/buy_low_sell_high",
    "rewards": {
		"function": "bc_rewards:adventure/war_is_coming"
    },		
    "criteria": {
        "bad_omen": {
            "trigger": "minecraft:effects_changed",
            "conditions": {
                "effects": {
                    "minecraft:bad_omen": {
						"amplifier": {
							"min": 4
						}
					}
                }
            }
        }
    }
}