{
	"credit": "Made by XeKr with Blockbench",
	"parent": "minecraft:block/cross",
	"textures": {
		"0": "block/azure_bluet_3d",
		"particle": "block/azure_bluet_3d"
	},
	"elements": [
		{
			"from": [1.5, -1, 8],
			"to": [14.5, 7, 8],
			"shade": false,
			"rotation": {"angle": 45, "axis": "y", "origin": [8, -1, 8]},
			"faces": {
				"north": {"uv": [0, 7, 13, 15], "texture": "#0"},
				"south": {"uv": [0, 7, 13, 15], "texture": "#0"}
			}
		},
		{
			"from": [1.5, -1, 8],
			"to": [14.5, 7, 8],
			"shade": false,
			"rotation": {"angle": -45, "axis": "y", "origin": [8, -1, 8]},
			"faces": {
				"north": {"uv": [0, 7, 13, 15], "texture": "#0"},
				"south": {"uv": [0, 7, 13, 15], "texture": "#0"}
			}
		},
		{
			"from": [4.5, 6.5, 9],
			"to": [11.5, 6.5, 15],
			"shade": false,
			"rotation": {"angle": 22.5, "axis": "x", "origin": [8, 6.5, 8]},
			"faces": {
				"up": {"uv": [2, 1, 9, 7], "texture": "#0"},
				"down": {"uv": [2, 7, 9, 1], "texture": "#0"}
			}
		},
		{
			"from": [1, 6.5, 4.5],
			"to": [7, 6.5, 11.5],
			"shade": false,
			"rotation": {"angle": 22.5, "axis": "z", "origin": [8, 6.5, 8]},
			"faces": {
				"up": {"uv": [2, 1, 9, 7], "rotation": 90, "texture": "#0"},
				"down": {"uv": [2, 7, 9, 1], "rotation": 270, "texture": "#0"}
			}
		},
		{
			"from": [4.5, 6.5, 1],
			"to": [11.5, 6.5, 7],
			"shade": false,
			"rotation": {"angle": -22.5, "axis": "x", "origin": [8, 6.5, 8]},
			"faces": {
				"up": {"uv": [2, 1, 9, 7], "rotation": 180, "texture": "#0"},
				"down": {"uv": [2, 7, 9, 1], "rotation": 180, "texture": "#0"}
			}
		},
		{
			"from": [9, 6.5, 4.5],
			"to": [15, 6.5, 11.5],
			"shade": false,
			"rotation": {"angle": -22.5, "axis": "z", "origin": [8, 6.5, 8]},
			"faces": {
				"up": {"uv": [2, 1, 9, 7], "rotation": 270, "texture": "#0"},
				"down": {"uv": [2, 7, 9, 1], "rotation": 90, "texture": "#0"}
			}
		},
		{
			"from": [10, 2, 11.5],
			"to": [14, 2, 16.5],
			"shade": false,
			"rotation": {"angle": 22.5, "axis": "z", "origin": [15, 2, 14]},
			"faces": {
				"up": {"uv": [11, 0, 16, 4], "rotation": 90, "texture": "#0"},
				"down": {"uv": [16, 0, 11, 4], "rotation": 90, "texture": "#0"}
			}
		},
		{
			"from": [12.5, 2, 9],
			"to": [17.5, 2, 13],
			"shade": false,
			"rotation": {"angle": -22.5, "axis": "x", "origin": [15, 2, 14]},
			"faces": {
				"up": {"uv": [11, 0, 16, 4], "rotation": 180, "texture": "#0"},
				"down": {"uv": [16, 0, 11, 4], "texture": "#0"}
			}
		},
		{
			"from": [16, 2, 11.5],
			"to": [20, 2, 16.5],
			"shade": false,
			"rotation": {"angle": -22.5, "axis": "z", "origin": [15, 2, 14]},
			"faces": {
				"up": {"uv": [11, 0, 16, 4], "rotation": 270, "texture": "#0"},
				"down": {"uv": [16, 0, 11, 4], "rotation": 270, "texture": "#0"}
			}
		},
		{
			"from": [12.5, 2, 15],
			"to": [17.5, 2, 19],
			"shade": false,
			"rotation": {"angle": 22.5, "axis": "x", "origin": [15, 2, 14]},
			"faces": {
				"up": {"uv": [11, 0, 16, 4], "texture": "#0"},
				"down": {"uv": [16, 0, 11, 4], "rotation": 180, "texture": "#0"}
			}
		},
		{
			"from": [11.5, -1, 14],
			"to": [18.5, 3, 14],
			"shade": false,
			"rotation": {"angle": -45, "axis": "y", "origin": [15, -2, 14]},
			"faces": {
				"north": {"uv": [9, 3, 16, 7], "texture": "#0"},
				"south": {"uv": [9, 3, 16, 7], "texture": "#0"}
			}
		},
		{
			"from": [11.5, -1, 14],
			"to": [18.5, 3, 14],
			"shade": false,
			"rotation": {"angle": 45, "axis": "y", "origin": [15, -2, 14]},
			"faces": {
				"north": {"uv": [9, 3, 16, 7], "texture": "#0"},
				"south": {"uv": [9, 3, 16, 7], "texture": "#0"}
			}
		},
		{
			"from": [11, 2, -3.5],
			"to": [15, 2, 1.5],
			"shade": false,
			"rotation": {"angle": -22.5, "axis": "z", "origin": [10, 2, -1]},
			"faces": {
				"up": {"uv": [11, 4, 16, 0], "rotation": 90, "texture": "#0"},
				"down": {"uv": [16, 4, 11, 0], "rotation": 90, "texture": "#0"}
			}
		},
		{
			"from": [7.5, 2, -6],
			"to": [12.5, 2, -2],
			"shade": false,
			"rotation": {"angle": -22.5, "axis": "x", "origin": [10, 2, -1]},
			"faces": {
				"up": {"uv": [16, 0, 11, 4], "rotation": 180, "texture": "#0"},
				"down": {"uv": [11, 0, 16, 4], "texture": "#0"}
			}
		},
		{
			"from": [5, 2, -3.5],
			"to": [9, 2, 1.5],
			"shade": false,
			"rotation": {"angle": 22.5, "axis": "z", "origin": [10, 2, -1]},
			"faces": {
				"up": {"uv": [11, 4, 16, 0], "rotation": 270, "texture": "#0"},
				"down": {"uv": [16, 4, 11, 0], "rotation": 270, "texture": "#0"}
			}
		},
		{
			"from": [7.5, 2, 0],
			"to": [12.5, 2, 4],
			"shade": false,
			"rotation": {"angle": 22.5, "axis": "x", "origin": [10, 2, -1]},
			"faces": {
				"up": {"uv": [16, 0, 11, 4], "texture": "#0"},
				"down": {"uv": [11, 0, 16, 4], "rotation": 180, "texture": "#0"}
			}
		},
		{
			"from": [6.5, -1, -1],
			"to": [13.5, 3, -1],
			"shade": false,
			"rotation": {"angle": 45, "axis": "y", "origin": [10, -2, -1]},
			"faces": {
				"north": {"uv": [16, 3, 9, 7], "texture": "#0"},
				"south": {"uv": [16, 3, 9, 7], "texture": "#0"}
			}
		},
		{
			"from": [6.5, -1, -1],
			"to": [13.5, 3, -1],
			"shade": false,
			"rotation": {"angle": -45, "axis": "y", "origin": [10, -2, -1]},
			"faces": {
				"north": {"uv": [16, 3, 9, 7], "texture": "#0"},
				"south": {"uv": [16, 3, 9, 7], "texture": "#0"}
			}
		},
		{
			"from": [-7, 2, 6.5],
			"to": [-3, 2, 11.5],
			"shade": false,
			"rotation": {"angle": 22.5, "axis": "z", "origin": [-2, 2, 9]},
			"faces": {
				"up": {"uv": [11, 0, 16, 4], "rotation": 90, "texture": "#0"},
				"down": {"uv": [16, 0, 11, 4], "rotation": 90, "texture": "#0"}
			}
		},
		{
			"from": [-4.5, 2, 4],
			"to": [0.5, 2, 8],
			"shade": false,
			"rotation": {"angle": -22.5, "axis": "x", "origin": [-2, 2, 9]},
			"faces": {
				"up": {"uv": [11, 0, 16, 4], "rotation": 180, "texture": "#0"},
				"down": {"uv": [16, 0, 11, 4], "texture": "#0"}
			}
		},
		{
			"from": [-1, 2, 6.5],
			"to": [3, 2, 11.5],
			"shade": false,
			"rotation": {"angle": -22.5, "axis": "z", "origin": [-2, 2, 9]},
			"faces": {
				"up": {"uv": [11, 0, 16, 4], "rotation": 270, "texture": "#0"},
				"down": {"uv": [16, 0, 11, 4], "rotation": 270, "texture": "#0"}
			}
		},
		{
			"from": [-4.5, 2, 10],
			"to": [0.5, 2, 14],
			"shade": false,
			"rotation": {"angle": 22.5, "axis": "x", "origin": [-2, 2, 9]},
			"faces": {
				"up": {"uv": [11, 0, 16, 4], "texture": "#0"},
				"down": {"uv": [16, 0, 11, 4], "rotation": 180, "texture": "#0"}
			}
		},
		{
			"from": [-5.5, -1, 9],
			"to": [1.5, 3, 9],
			"shade": false,
			"rotation": {"angle": -45, "axis": "y", "origin": [-2, -2, 9]},
			"faces": {
				"north": {"uv": [9, 3, 16, 7], "texture": "#0"},
				"south": {"uv": [9, 3, 16, 7], "texture": "#0"}
			}
		},
		{
			"from": [-5.5, -1, 9],
			"to": [1.5, 3, 9],
			"shade": false,
			"rotation": {"angle": 45, "axis": "y", "origin": [-2, -2, 9]},
			"faces": {
				"north": {"uv": [9, 3, 16, 7], "texture": "#0"},
				"south": {"uv": [9, 3, 16, 7], "texture": "#0"}
			}
		}
	],
	"groups": [
		{
			"name": "group",
			"origin": [6, 6.5, 6],
			"color": 0,
			"children": [0, 1, 2, 3, 4, 5]
		},
		{
			"name": "group",
			"origin": [13, -1, 13],
			"color": 0,
			"children": [6, 7, 8, 9, 10, 11]
		},
		{
			"name": "group",
			"origin": [13, -1, 13],
			"color": 0,
			"children": [12, 13, 14, 15, 16, 17]
		},
		{
			"name": "group",
			"origin": [13, -1, 13],
			"color": 0,
			"children": [18, 19, 20, 21, 22, 23]
		}
	]
}