{
	"credit": "Made by XeKr with Blockbench",
	"parent": "minecraft:block/cross",
	"textures": {
		"0": "block/blue_orchid_3d",
		"particle": "block/blue_orchid_3d"
	},
	"elements": [
		{
			"from": [4, -1, 10],
			"to": [4, 10, 18],
			"shade": false,
			"rotation": {"angle": 22.5, "axis": "y", "origin": [4, -1, 10]},
			"faces": {
				"east": {"uv": [9, 3, 1, 14], "texture": "#0"},
				"west": {"uv": [1, 3, 9, 14], "texture": "#0"}
			}
		},
		{
			"from": [4, -1, 10],
			"to": [4, 6, 17],
			"shade": false,
			"rotation": {"angle": 0, "axis": "y", "origin": [4, -1, 10]},
			"faces": {
				"east": {"uv": [9, 3, 2, 10], "texture": "#0"},
				"west": {"uv": [2, 3, 9, 10], "texture": "#0"}
			}
		},
		{
			"from": [4, -1, 4],
			"to": [4, 3, 10],
			"shade": false,
			"rotation": {"angle": 0, "axis": "y", "origin": [4, -1, 10]},
			"faces": {
				"east": {"uv": [3, 3, 9, 7], "texture": "#0"},
				"west": {"uv": [9, 3, 3, 7], "texture": "#0"}
			}
		},
		{
			"from": [-2, -1, 10],
			"to": [4, 3, 10],
			"shade": false,
			"rotation": {"angle": 0, "axis": "y", "origin": [4, -1, 10]},
			"faces": {
				"north": {"uv": [3, 3, 9, 7], "texture": "#0"},
				"south": {"uv": [9, 3, 3, 7], "texture": "#0"}
			}
		},
		{
			"from": [-2, -1, 10],
			"to": [4, 3, 10],
			"shade": false,
			"rotation": {"angle": 22.5, "axis": "y", "origin": [4, -1, 10]},
			"faces": {
				"north": {"uv": [3, 3, 9, 7], "texture": "#0"},
				"south": {"uv": [9, 3, 3, 7], "texture": "#0"}
			}
		},
		{
			"from": [4, -1, 10],
			"to": [8, 10, 10],
			"shade": false,
			"rotation": {"angle": 0, "axis": "y", "origin": [4, -1, 10]},
			"faces": {
				"north": {"uv": [14, 5, 10, 16], "texture": "#0"},
				"south": {"uv": [10, 5, 14, 16], "texture": "#0"}
			}
		},
		{
			"from": [1, -1, 10],
			"to": [4, 8, 10],
			"shade": false,
			"rotation": {"angle": -45, "axis": "y", "origin": [4, -1, 10]},
			"faces": {
				"north": {"uv": [10, 6, 13, 15], "texture": "#0"},
				"south": {"uv": [13, 6, 10, 15], "texture": "#0"}
			}
		},
		{
			"from": [4, -1, 10],
			"to": [4, 11, 14],
			"shade": false,
			"rotation": {"angle": -45, "axis": "y", "origin": [4, -1, 10]},
			"faces": {
				"east": {"uv": [14, 4, 10, 16], "texture": "#0"},
				"west": {"uv": [10, 4, 14, 16], "texture": "#0"}
			}
		},
		{
			"from": [2.5, 2, 4.5],
			"to": [5.5, 2, 7.5],
			"shade": false,
			"rotation": {"angle": -22.5, "axis": "x", "origin": [4, 2, 7.5]},
			"faces": {
				"up": {"uv": [3, 0, 0, 3], "rotation": 180, "texture": "#0"},
				"down": {"uv": [0, 0, 3, 3], "texture": "#0"}
			}
		},
		{
			"from": [-1.5, 1.5, 9.5],
			"to": [1.5, 1.5, 12.5],
			"shade": false,
			"rotation": {"angle": 22.5, "axis": "y", "origin": [1.5, 1.5, 11]},
			"faces": {
				"up": {"uv": [3, 0, 0, 3], "rotation": 90, "texture": "#0"},
				"down": {"uv": [0, 0, 3, 3], "rotation": 90, "texture": "#0"}
			}
		},
		{
			"from": [4, 6, 14],
			"to": [7, 9, 14],
			"shade": false,
			"rotation": {"angle": 22.5, "axis": "y", "origin": [5.5, 9, 14]},
			"faces": {
				"north": {"uv": [3, 0, 0, 3], "texture": "#0"},
				"south": {"uv": [0, 0, 3, 3], "texture": "#0"}
			}
		},
		{
			"from": [1.5, 2, 9],
			"to": [4.5, 5, 9],
			"shade": false,
			"rotation": {"angle": 22.5, "axis": "x", "origin": [3, 5, 9]},
			"faces": {
				"north": {"uv": [3, 0, 0, 3], "texture": "#0"},
				"south": {"uv": [0, 0, 3, 3], "texture": "#0"}
			}
		},
		{
			"from": [5, 6, 8.5],
			"to": [8, 6, 11.5],
			"shade": false,
			"rotation": {"angle": -22.5, "axis": "z", "origin": [5, 6, 10]},
			"faces": {
				"up": {"uv": [3, 0, 0, 3], "rotation": 270, "texture": "#0"},
				"down": {"uv": [0, 0, 3, 3], "rotation": 270, "texture": "#0"}
			}
		},
		{
			"from": [4, 0, 7],
			"to": [8, 0, 13],
			"shade": false,
			"rotation": {"angle": 22.5, "axis": "z", "origin": [4, 0, 10]},
			"faces": {
				"up": {"uv": [16, 0, 10, 4], "rotation": 270, "texture": "#0"},
				"down": {"uv": [10, 0, 16, 4], "rotation": 270, "texture": "#0"}
			}
		},
		{
			"from": [1, 0, 10],
			"to": [7, 0, 14],
			"shade": false,
			"rotation": {"angle": -22.5, "axis": "x", "origin": [4, 0, 10]},
			"faces": {
				"up": {"uv": [16, 0, 10, 4], "texture": "#0"},
				"down": {"uv": [10, 0, 16, 4], "rotation": 180, "texture": "#0"}
			}
		},
		{
			"from": [0, 0, 7],
			"to": [4, 0, 13],
			"shade": false,
			"rotation": {"angle": -22.5, "axis": "z", "origin": [4, 0, 10]},
			"faces": {
				"up": {"uv": [16, 0, 10, 4], "rotation": 90, "texture": "#0"},
				"down": {"uv": [10, 0, 16, 4], "rotation": 90, "texture": "#0"}
			}
		},
		{
			"from": [1, 0, 6],
			"to": [7, 0, 10],
			"shade": false,
			"rotation": {"angle": 22.5, "axis": "x", "origin": [4, 0, 10]},
			"faces": {
				"up": {"uv": [16, 0, 10, 4], "rotation": 180, "texture": "#0"},
				"down": {"uv": [10, 0, 16, 4], "texture": "#0"}
			}
		},
		{
			"from": [15, -1, 14],
			"to": [15, 6, 21],
			"shade": false,
			"rotation": {"angle": 0, "axis": "y", "origin": [15, -1, 14]},
			"faces": {
				"east": {"uv": [9, 3, 2, 10], "texture": "#0"},
				"west": {"uv": [2, 3, 9, 10], "texture": "#0"}
			}
		},
		{
			"from": [15, -1, 8],
			"to": [15, 3, 14],
			"shade": false,
			"rotation": {"angle": 0, "axis": "y", "origin": [15, -1, 14]},
			"faces": {
				"east": {"uv": [3, 3, 9, 7], "texture": "#0"},
				"west": {"uv": [9, 3, 3, 7], "texture": "#0"}
			}
		},
		{
			"from": [9, -1, 14],
			"to": [15, 3, 14],
			"shade": false,
			"rotation": {"angle": 0, "axis": "y", "origin": [15, -1, 14]},
			"faces": {
				"north": {"uv": [3, 3, 9, 7], "texture": "#0"},
				"south": {"uv": [9, 3, 3, 7], "texture": "#0"}
			}
		},
		{
			"from": [9, -1, 14],
			"to": [15, 3, 14],
			"shade": false,
			"rotation": {"angle": 22.5, "axis": "y", "origin": [15, -1, 14]},
			"faces": {
				"north": {"uv": [3, 3, 9, 7], "texture": "#0"},
				"south": {"uv": [9, 3, 3, 7], "texture": "#0"}
			}
		},
		{
			"from": [12, -1, 14],
			"to": [15, 8, 14],
			"shade": false,
			"rotation": {"angle": -45, "axis": "y", "origin": [15, -1, 14]},
			"faces": {
				"north": {"uv": [10, 6, 13, 15], "texture": "#0"},
				"south": {"uv": [13, 6, 10, 15], "texture": "#0"}
			}
		},
		{
			"from": [15, -1, 14],
			"to": [18, 8, 14],
			"shade": false,
			"rotation": {"angle": 0, "axis": "y", "origin": [15, -1, 14]},
			"faces": {
				"north": {"uv": [13, 6, 10, 15], "texture": "#0"},
				"south": {"uv": [10, 6, 13, 15], "texture": "#0"}
			}
		},
		{
			"from": [15, -1, 14],
			"to": [15, 6, 17],
			"shade": false,
			"rotation": {"angle": -22.5, "axis": "y", "origin": [15, -1, 14]},
			"faces": {
				"east": {"uv": [13, 6, 10, 13], "texture": "#0"},
				"west": {"uv": [10, 6, 13, 13], "texture": "#0"}
			}
		},
		{
			"from": [9.5, 1.5, 13.5],
			"to": [12.5, 1.5, 16.5],
			"shade": false,
			"rotation": {"angle": 22.5, "axis": "y", "origin": [12.5, 1.5, 15]},
			"faces": {
				"up": {"uv": [3, 0, 0, 3], "rotation": 90, "texture": "#0"},
				"down": {"uv": [0, 0, 3, 3], "rotation": 90, "texture": "#0"}
			}
		},
		{
			"from": [12.5, 2, 13],
			"to": [15.5, 5, 13],
			"shade": false,
			"rotation": {"angle": 22.5, "axis": "x", "origin": [14, 5, 13]},
			"faces": {
				"north": {"uv": [3, 0, 0, 3], "texture": "#0"},
				"south": {"uv": [0, 0, 3, 3], "texture": "#0"}
			}
		},
		{
			"from": [16, 6, 12.5],
			"to": [19, 6, 15.5],
			"shade": false,
			"rotation": {"angle": -22.5, "axis": "z", "origin": [16, 6, 14]},
			"faces": {
				"up": {"uv": [3, 0, 0, 3], "rotation": 270, "texture": "#0"},
				"down": {"uv": [0, 0, 3, 3], "rotation": 270, "texture": "#0"}
			}
		},
		{
			"from": [15, 0, 11],
			"to": [19, 0, 17],
			"shade": false,
			"rotation": {"angle": 22.5, "axis": "z", "origin": [15, 0, 14]},
			"faces": {
				"up": {"uv": [16, 0, 10, 4], "rotation": 270, "texture": "#0"},
				"down": {"uv": [10, 0, 16, 4], "rotation": 270, "texture": "#0"}
			}
		},
		{
			"from": [12, 0, 14],
			"to": [18, 0, 18],
			"shade": false,
			"rotation": {"angle": -22.5, "axis": "x", "origin": [15, 0, 14]},
			"faces": {
				"up": {"uv": [16, 0, 10, 4], "texture": "#0"},
				"down": {"uv": [10, 0, 16, 4], "rotation": 180, "texture": "#0"}
			}
		},
		{
			"from": [11, 0, 11],
			"to": [15, 0, 17],
			"shade": false,
			"rotation": {"angle": -22.5, "axis": "z", "origin": [15, 0, 14]},
			"faces": {
				"up": {"uv": [16, 0, 10, 4], "rotation": 90, "texture": "#0"},
				"down": {"uv": [10, 0, 16, 4], "rotation": 90, "texture": "#0"}
			}
		},
		{
			"from": [12, 0, 10],
			"to": [18, 0, 14],
			"shade": false,
			"rotation": {"angle": 22.5, "axis": "x", "origin": [15, 0, 14]},
			"faces": {
				"up": {"uv": [16, 0, 10, 4], "rotation": 180, "texture": "#0"},
				"down": {"uv": [10, 0, 16, 4], "texture": "#0"}
			}
		},
		{
			"from": [11, -1, -5],
			"to": [11, 6, 2],
			"shade": false,
			"rotation": {"angle": 0, "axis": "y", "origin": [11, -1, 2]},
			"faces": {
				"east": {"uv": [2, 3, 9, 10], "texture": "#0"},
				"west": {"uv": [9, 3, 2, 10], "texture": "#0"}
			}
		},
		{
			"from": [11, -1, 2],
			"to": [11, 3, 8],
			"shade": false,
			"rotation": {"angle": 0, "axis": "y", "origin": [11, -1, 2]},
			"faces": {
				"east": {"uv": [9, 3, 3, 7], "texture": "#0"},
				"west": {"uv": [3, 3, 9, 7], "texture": "#0"}
			}
		},
		{
			"from": [11, -1, 2],
			"to": [17, 3, 2],
			"shade": false,
			"rotation": {"angle": 0, "axis": "y", "origin": [11, -1, 2]},
			"faces": {
				"north": {"uv": [9, 3, 3, 7], "texture": "#0"},
				"south": {"uv": [3, 3, 9, 7], "texture": "#0"}
			}
		},
		{
			"from": [11, -1, 2],
			"to": [17, 3, 2],
			"shade": false,
			"rotation": {"angle": 22.5, "axis": "y", "origin": [11, -1, 2]},
			"faces": {
				"north": {"uv": [9, 3, 3, 7], "texture": "#0"},
				"south": {"uv": [3, 3, 9, 7], "texture": "#0"}
			}
		},
		{
			"from": [11, -1, 2],
			"to": [14, 8, 2],
			"shade": false,
			"rotation": {"angle": -45, "axis": "y", "origin": [11, -1, 2]},
			"faces": {
				"north": {"uv": [13, 6, 10, 15], "texture": "#0"},
				"south": {"uv": [10, 6, 13, 15], "texture": "#0"}
			}
		},
		{
			"from": [8, -1, 2],
			"to": [11, 8, 2],
			"shade": false,
			"rotation": {"angle": 0, "axis": "y", "origin": [11, -1, 2]},
			"faces": {
				"north": {"uv": [10, 6, 13, 15], "texture": "#0"},
				"south": {"uv": [13, 6, 10, 15], "texture": "#0"}
			}
		},
		{
			"from": [11, -1, -1],
			"to": [11, 6, 2],
			"shade": false,
			"rotation": {"angle": -22.5, "axis": "y", "origin": [11, -1, 2]},
			"faces": {
				"east": {"uv": [10, 6, 13, 13], "texture": "#0"},
				"west": {"uv": [13, 6, 10, 13], "texture": "#0"}
			}
		},
		{
			"from": [13.5, 1.5, -0.5],
			"to": [16.5, 1.5, 2.5],
			"shade": false,
			"rotation": {"angle": 22.5, "axis": "y", "origin": [13.5, 1.5, 1]},
			"faces": {
				"up": {"uv": [3, 0, 0, 3], "rotation": 270, "texture": "#0"},
				"down": {"uv": [0, 0, 3, 3], "rotation": 270, "texture": "#0"}
			}
		},
		{
			"from": [10.5, 2, 3],
			"to": [13.5, 5, 3],
			"shade": false,
			"rotation": {"angle": -22.5, "axis": "x", "origin": [12, 5, 3]},
			"faces": {
				"north": {"uv": [0, 0, 3, 3], "texture": "#0"},
				"south": {"uv": [3, 0, 0, 3], "texture": "#0"}
			}
		},
		{
			"from": [7, 6, 0.5],
			"to": [10, 6, 3.5],
			"shade": false,
			"rotation": {"angle": 22.5, "axis": "z", "origin": [10, 6, 2]},
			"faces": {
				"up": {"uv": [3, 0, 0, 3], "rotation": 90, "texture": "#0"},
				"down": {"uv": [0, 0, 3, 3], "rotation": 90, "texture": "#0"}
			}
		},
		{
			"from": [7, 0, -1],
			"to": [11, 0, 5],
			"shade": false,
			"rotation": {"angle": -22.5, "axis": "z", "origin": [11, 0, 2]},
			"faces": {
				"up": {"uv": [16, 0, 10, 4], "rotation": 90, "texture": "#0"},
				"down": {"uv": [10, 0, 16, 4], "rotation": 90, "texture": "#0"}
			}
		},
		{
			"from": [8, 0, -2],
			"to": [14, 0, 2],
			"shade": false,
			"rotation": {"angle": 22.5, "axis": "x", "origin": [11, 0, 2]},
			"faces": {
				"up": {"uv": [16, 0, 10, 4], "rotation": 180, "texture": "#0"},
				"down": {"uv": [10, 0, 16, 4], "texture": "#0"}
			}
		},
		{
			"from": [11, 0, -1],
			"to": [15, 0, 5],
			"shade": false,
			"rotation": {"angle": 22.5, "axis": "z", "origin": [11, 0, 2]},
			"faces": {
				"up": {"uv": [16, 0, 10, 4], "rotation": 270, "texture": "#0"},
				"down": {"uv": [10, 0, 16, 4], "rotation": 270, "texture": "#0"}
			}
		},
		{
			"from": [8, 0, 2],
			"to": [14, 0, 6],
			"shade": false,
			"rotation": {"angle": -22.5, "axis": "x", "origin": [11, 0, 2]},
			"faces": {
				"up": {"uv": [16, 0, 10, 4], "texture": "#0"},
				"down": {"uv": [10, 0, 16, 4], "rotation": 180, "texture": "#0"}
			}
		}
	],
	"groups": [
		{
			"name": "group",
			"origin": [8, 0, 8],
			"color": 0,
			"children": [0, 1, 2, 3, 4, 5, 6, 7, 8, 9, 10, 11, 12, 13, 14, 15, 16]
		},
		{
			"name": "group",
			"origin": [8, 0, 8],
			"color": 0,
			"children": [17, 18, 19, 20, 21, 22, 23, 24, 25, 26, 27, 28, 29, 30]
		},
		{
			"name": "group",
			"origin": [8, 0, 8],
			"color": 0,
			"children": [31, 32, 33, 34, 35, 36, 37, 38, 39, 40, 41, 42, 43, 44]
		}
	]
}