{
	"credit": "Made by XeKr with Blockbench",
	"parent": "minecraft:block/cross",
	"textures": {
		"0": "block/dandelion_3d",
		"particle": "block/dandelion_3d"
	},
	"elements": [
		{
			"from": [5, -1, 0.5],
			"to": [5, 9, 9.5],
			"shade": false,
			"rotation": {"angle": 45, "axis": "y", "origin": [5, 4, 5]},
			"faces": {
				"east": {"uv": [9, 6, 0, 16], "texture": "#0"},
				"west": {"uv": [0, 6, 9, 16], "texture": "#0"}
			}
		},
		{
			"from": [1.5, -1, 5],
			"to": [8.5, 7, 5],
			"shade": false,
			"rotation": {"angle": 0, "axis": "y", "origin": [5, 4, 5]},
			"faces": {
				"north": {"uv": [16, 8, 9, 16], "texture": "#0"},
				"south": {"uv": [9, 8, 16, 16], "texture": "#0"}
			}
		},
		{
			"from": [5, -1, 1.5],
			"to": [5, 7, 8.5],
			"shade": false,
			"rotation": {"angle": -22.5, "axis": "y", "origin": [5, 4, 5]},
			"faces": {
				"east": {"uv": [16, 8, 9, 16], "texture": "#0"},
				"west": {"uv": [9, 8, 16, 16], "texture": "#0"}
			}
		},
		{
			"from": [2.5, 9, 2.5],
			"to": [5.5, 9, 5.5],
			"shade": false,
			"rotation": {"angle": 22.5, "axis": "z", "origin": [4, 9, 4]},
			"faces": {
				"up": {"uv": [0, 0, 3, 3], "rotation": 90, "texture": "#0"},
				"down": {"uv": [0, 3, 3, 0], "rotation": 270, "texture": "#0"}
			}
		},
		{
			"from": [4.8, 6, 0.3],
			"to": [7.8, 6, 3.3],
			"shade": false,
			"rotation": {"angle": -45, "axis": "x", "origin": [6.3, 6, 1.8]},
			"faces": {
				"up": {"uv": [0, 0, 3, 3], "rotation": 180, "texture": "#0"},
				"down": {"uv": [0, 3, 3, 0], "rotation": 180, "texture": "#0"}
			}
		},
		{
			"from": [1.3, 7, 1.3],
			"to": [3.3, 7, 3.3],
			"shade": false,
			"rotation": {"angle": 45, "axis": "y", "origin": [2.3, 7, 2.3]},
			"faces": {
				"up": {"uv": [6, 0, 8, 2], "rotation": 180, "texture": "#0"},
				"down": {"uv": [6, 2, 8, 0], "rotation": 180, "texture": "#0"}
			}
		},
		{
			"from": [4.3, 7, 4.3],
			"to": [6.3, 7, 6.3],
			"shade": false,
			"rotation": {"angle": -45, "axis": "z", "origin": [5.3, 7, 5.3]},
			"faces": {
				"up": {"uv": [6, 0, 8, 2], "rotation": 180, "texture": "#0"},
				"down": {"uv": [6, 2, 8, 0], "rotation": 180, "texture": "#0"}
			}
		},
		{
			"from": [2.3, 7, 6.4],
			"to": [5.3, 7, 9.4],
			"shade": false,
			"rotation": {"angle": 22.5, "axis": "y", "origin": [3.8, 7, 7.9]},
			"faces": {
				"up": {"uv": [0, 0, 3, 3], "rotation": 90, "texture": "#0"},
				"down": {"uv": [0, 3, 3, 0], "rotation": 270, "texture": "#0"}
			}
		},
		{
			"from": [0, 6, 3.5],
			"to": [3, 6, 6.5],
			"shade": false,
			"rotation": {"angle": 45, "axis": "z", "origin": [1.5, 6, 5]},
			"faces": {
				"up": {"uv": [3, 0, 6, 3], "rotation": 90, "texture": "#0"},
				"down": {"uv": [3, 3, 6, 0], "rotation": 270, "texture": "#0"}
			}
		},
		{
			"from": [6.5, 7, 3.5],
			"to": [9.5, 7, 6.5],
			"shade": false,
			"rotation": {"angle": -22.5, "axis": "y", "origin": [8, 7, 5]},
			"faces": {
				"up": {"uv": [3, 0, 6, 3], "rotation": 180, "texture": "#0"},
				"down": {"uv": [3, 3, 6, 0], "rotation": 180, "texture": "#0"}
			}
		},
		{
			"from": [6.5, 8.1, 6.5],
			"to": [9.5, 8.1, 9.5],
			"shade": false,
			"rotation": {"angle": -22.5, "axis": "z", "origin": [8, 8.1, 8]},
			"faces": {
				"up": {"uv": [0, 0, 3, 3], "rotation": 270, "texture": "#0"},
				"down": {"uv": [0, 3, 3, 0], "rotation": 90, "texture": "#0"}
			}
		},
		{
			"from": [7.5, -2, 11],
			"to": [16.5, 8, 11],
			"shade": false,
			"rotation": {"angle": 45, "axis": "y", "origin": [12, 3, 11]},
			"faces": {
				"north": {"uv": [0, 6, 9, 16], "texture": "#0"},
				"south": {"uv": [9, 6, 0, 16], "texture": "#0"}
			}
		},
		{
			"from": [12, -2, 7.5],
			"to": [12, 6, 14.5],
			"shade": false,
			"rotation": {"angle": 0, "axis": "y", "origin": [12, 3, 11]},
			"faces": {
				"east": {"uv": [16, 8, 9, 16], "texture": "#0"},
				"west": {"uv": [9, 8, 16, 16], "texture": "#0"}
			}
		},
		{
			"from": [8.5, -2, 11],
			"to": [15.5, 6, 11],
			"shade": false,
			"rotation": {"angle": -22.5, "axis": "y", "origin": [12, 3, 11]},
			"faces": {
				"north": {"uv": [9, 8, 16, 16], "texture": "#0"},
				"south": {"uv": [16, 8, 9, 16], "texture": "#0"}
			}
		},
		{
			"from": [11.5, 8, 8.5],
			"to": [14.5, 8, 11.5],
			"shade": false,
			"rotation": {"angle": -22.5, "axis": "x", "origin": [13, 8, 10]},
			"faces": {
				"up": {"uv": [0, 0, 3, 3], "rotation": 180, "texture": "#0"},
				"down": {"uv": [0, 3, 3, 0], "rotation": 180, "texture": "#0"}
			}
		},
		{
			"from": [13.7, 5, 10.8],
			"to": [16.7, 5, 13.8],
			"shade": false,
			"rotation": {"angle": -45, "axis": "z", "origin": [15.2, 5, 12.3]},
			"faces": {
				"up": {"uv": [0, 0, 3, 3], "rotation": 270, "texture": "#0"},
				"down": {"uv": [0, 3, 3, 0], "rotation": 90, "texture": "#0"}
			}
		},
		{
			"from": [13.7, 6, 7.3],
			"to": [15.7, 6, 9.3],
			"shade": false,
			"rotation": {"angle": 45, "axis": "y", "origin": [14.7, 6, 8.3]},
			"faces": {
				"up": {"uv": [6, 0, 8, 2], "rotation": 270, "texture": "#0"},
				"down": {"uv": [6, 2, 8, 0], "rotation": 90, "texture": "#0"}
			}
		},
		{
			"from": [10.7, 6, 10.3],
			"to": [12.7, 6, 12.3],
			"shade": false,
			"rotation": {"angle": 45, "axis": "x", "origin": [11.7, 6, 11.3]},
			"faces": {
				"up": {"uv": [6, 0, 8, 2], "rotation": 270, "texture": "#0"},
				"down": {"uv": [6, 2, 8, 0], "rotation": 90, "texture": "#0"}
			}
		},
		{
			"from": [7.6, 6, 8.3],
			"to": [10.6, 6, 11.3],
			"shade": false,
			"rotation": {"angle": 22.5, "axis": "y", "origin": [9.1, 6, 9.8]},
			"faces": {
				"up": {"uv": [0, 0, 3, 3], "rotation": 180, "texture": "#0"},
				"down": {"uv": [0, 3, 3, 0], "rotation": 180, "texture": "#0"}
			}
		},
		{
			"from": [10.5, 5, 6],
			"to": [13.5, 5, 9],
			"shade": false,
			"rotation": {"angle": -45, "axis": "x", "origin": [12, 5, 7.5]},
			"faces": {
				"up": {"uv": [3, 0, 6, 3], "rotation": 180, "texture": "#0"},
				"down": {"uv": [3, 3, 6, 0], "rotation": 180, "texture": "#0"}
			}
		},
		{
			"from": [10.5, 6, 12.5],
			"to": [13.5, 6, 15.5],
			"shade": false,
			"rotation": {"angle": -22.5, "axis": "y", "origin": [12, 6, 14]},
			"faces": {
				"up": {"uv": [3, 0, 6, 3], "rotation": 270, "texture": "#0"},
				"down": {"uv": [3, 3, 6, 0], "rotation": 90, "texture": "#0"}
			}
		},
		{
			"from": [7.5, 7.1, 12.5],
			"to": [10.5, 7.1, 15.5],
			"shade": false,
			"rotation": {"angle": 22.5, "axis": "x", "origin": [9, 7.1, 14]},
			"faces": {
				"up": {"uv": [0, 0, 3, 3], "texture": "#0"},
				"down": {"uv": [0, 3, 3, 0], "texture": "#0"}
			}
		}
	],
	"groups": [
		{
			"name": "group",
			"origin": [11, 8.1, 5],
			"color": 0,
			"children": [0, 1, 2, 3, 4, 5, 6, 7, 8, 9, 10]
		},
		{
			"name": "group",
			"origin": [11, 8.1, 5],
			"color": 0,
			"children": [11, 12, 13, 14, 15, 16, 17, 18, 19, 20, 21]
		}
	]
}