{
	"credit": "Made by XeKr with Blockbench",
	"parent": "minecraft:block/cross",
	"textures": {
		"0": "block/dandelion_3d",
		"particle": "block/dandelion_3d"
	},
	"elements": [
		{
			"from": [4, -1, -1.5],
			"to": [4, 9, 7.5],
			"shade": false,
			"rotation": {"angle": 45, "axis": "y", "origin": [4, 4, 3]},
			"faces": {
				"east": {"uv": [9, 6, 0, 16], "texture": "#0"},
				"west": {"uv": [0, 6, 9, 16], "texture": "#0"}
			}
		},
		{
			"from": [0.5, -1, 3],
			"to": [7.5, 7, 3],
			"shade": false,
			"rotation": {"angle": 0, "axis": "y", "origin": [4, 4, 3]},
			"faces": {
				"north": {"uv": [16, 8, 9, 16], "texture": "#0"},
				"south": {"uv": [9, 8, 16, 16], "texture": "#0"}
			}
		},
		{
			"from": [4, -1, -0.5],
			"to": [4, 7, 6.5],
			"shade": false,
			"rotation": {"angle": -22.5, "axis": "y", "origin": [4, 4, 3]},
			"faces": {
				"east": {"uv": [16, 8, 9, 16], "texture": "#0"},
				"west": {"uv": [9, 8, 16, 16], "texture": "#0"}
			}
		},
		{
			"from": [1.5, 9, 0.5],
			"to": [4.5, 9, 3.5],
			"shade": false,
			"rotation": {"angle": 22.5, "axis": "z", "origin": [3, 9, 2]},
			"faces": {
				"up": {"uv": [0, 0, 3, 3], "rotation": 90, "texture": "#0"},
				"down": {"uv": [0, 3, 3, 0], "rotation": 270, "texture": "#0"}
			}
		},
		{
			"from": [3.8, 6, -1.7],
			"to": [6.8, 6, 1.3],
			"shade": false,
			"rotation": {"angle": -45, "axis": "x", "origin": [5.3, 6, -0.2]},
			"faces": {
				"up": {"uv": [0, 0, 3, 3], "rotation": 180, "texture": "#0"},
				"down": {"uv": [0, 3, 3, 0], "rotation": 180, "texture": "#0"}
			}
		},
		{
			"from": [0.3, 7, -0.7],
			"to": [2.3, 7, 1.3],
			"shade": false,
			"rotation": {"angle": 45, "axis": "y", "origin": [1.3, 7, 0.3]},
			"faces": {
				"up": {"uv": [6, 0, 8, 2], "rotation": 180, "texture": "#0"},
				"down": {"uv": [6, 2, 8, 0], "rotation": 180, "texture": "#0"}
			}
		},
		{
			"from": [3.3, 7, 2.3],
			"to": [5.3, 7, 4.3],
			"shade": false,
			"rotation": {"angle": -45, "axis": "z", "origin": [4.3, 7, 3.3]},
			"faces": {
				"up": {"uv": [6, 0, 8, 2], "rotation": 180, "texture": "#0"},
				"down": {"uv": [6, 2, 8, 0], "rotation": 180, "texture": "#0"}
			}
		},
		{
			"from": [1.3, 7, 4.4],
			"to": [4.3, 7, 7.4],
			"shade": false,
			"rotation": {"angle": 22.5, "axis": "y", "origin": [2.8, 7, 5.9]},
			"faces": {
				"up": {"uv": [0, 0, 3, 3], "rotation": 90, "texture": "#0"},
				"down": {"uv": [0, 3, 3, 0], "rotation": 270, "texture": "#0"}
			}
		},
		{
			"from": [-1, 6, 1.5],
			"to": [2, 6, 4.5],
			"shade": false,
			"rotation": {"angle": 45, "axis": "z", "origin": [0.5, 6, 3]},
			"faces": {
				"up": {"uv": [3, 0, 6, 3], "rotation": 90, "texture": "#0"},
				"down": {"uv": [3, 3, 6, 0], "rotation": 270, "texture": "#0"}
			}
		},
		{
			"from": [5.5, 7, 1.5],
			"to": [8.5, 7, 4.5],
			"shade": false,
			"rotation": {"angle": -22.5, "axis": "y", "origin": [7, 7, 3]},
			"faces": {
				"up": {"uv": [3, 0, 6, 3], "rotation": 180, "texture": "#0"},
				"down": {"uv": [3, 3, 6, 0], "rotation": 180, "texture": "#0"}
			}
		},
		{
			"from": [5.5, 8.1, 4.5],
			"to": [8.5, 8.1, 7.5],
			"shade": false,
			"rotation": {"angle": -22.5, "axis": "z", "origin": [7, 8.1, 6]},
			"faces": {
				"up": {"uv": [0, 0, 3, 3], "rotation": 270, "texture": "#0"},
				"down": {"uv": [0, 3, 3, 0], "rotation": 90, "texture": "#0"}
			}
		},
		{
			"from": [8.5, -2, 8],
			"to": [17.5, 8, 8],
			"shade": false,
			"rotation": {"angle": 45, "axis": "y", "origin": [13, 3, 8]},
			"faces": {
				"north": {"uv": [0, 6, 9, 16], "texture": "#0"},
				"south": {"uv": [9, 6, 0, 16], "texture": "#0"}
			}
		},
		{
			"from": [13, -2, 4.5],
			"to": [13, 6, 11.5],
			"shade": false,
			"rotation": {"angle": 0, "axis": "y", "origin": [13, 3, 8]},
			"faces": {
				"east": {"uv": [16, 8, 9, 16], "texture": "#0"},
				"west": {"uv": [9, 8, 16, 16], "texture": "#0"}
			}
		},
		{
			"from": [9.5, -2, 8],
			"to": [16.5, 6, 8],
			"shade": false,
			"rotation": {"angle": -22.5, "axis": "y", "origin": [13, 3, 8]},
			"faces": {
				"north": {"uv": [9, 8, 16, 16], "texture": "#0"},
				"south": {"uv": [16, 8, 9, 16], "texture": "#0"}
			}
		},
		{
			"from": [12.5, 8, 5.5],
			"to": [15.5, 8, 8.5],
			"shade": false,
			"rotation": {"angle": -22.5, "axis": "x", "origin": [14, 8, 7]},
			"faces": {
				"up": {"uv": [0, 0, 3, 3], "rotation": 180, "texture": "#0"},
				"down": {"uv": [0, 3, 3, 0], "rotation": 180, "texture": "#0"}
			}
		},
		{
			"from": [14.7, 5, 7.8],
			"to": [17.7, 5, 10.8],
			"shade": false,
			"rotation": {"angle": -45, "axis": "z", "origin": [16.2, 5, 9.3]},
			"faces": {
				"up": {"uv": [0, 0, 3, 3], "rotation": 270, "texture": "#0"},
				"down": {"uv": [0, 3, 3, 0], "rotation": 90, "texture": "#0"}
			}
		},
		{
			"from": [14.7, 6, 4.3],
			"to": [16.7, 6, 6.3],
			"shade": false,
			"rotation": {"angle": 45, "axis": "y", "origin": [15.7, 6, 5.3]},
			"faces": {
				"up": {"uv": [6, 0, 8, 2], "rotation": 270, "texture": "#0"},
				"down": {"uv": [6, 2, 8, 0], "rotation": 90, "texture": "#0"}
			}
		},
		{
			"from": [11.7, 6, 7.3],
			"to": [13.7, 6, 9.3],
			"shade": false,
			"rotation": {"angle": 45, "axis": "x", "origin": [12.7, 6, 8.3]},
			"faces": {
				"up": {"uv": [6, 0, 8, 2], "rotation": 270, "texture": "#0"},
				"down": {"uv": [6, 2, 8, 0], "rotation": 90, "texture": "#0"}
			}
		},
		{
			"from": [8.6, 6, 5.3],
			"to": [11.6, 6, 8.3],
			"shade": false,
			"rotation": {"angle": 22.5, "axis": "y", "origin": [10.1, 6, 6.8]},
			"faces": {
				"up": {"uv": [0, 0, 3, 3], "rotation": 180, "texture": "#0"},
				"down": {"uv": [0, 3, 3, 0], "rotation": 180, "texture": "#0"}
			}
		},
		{
			"from": [11.5, 5, 3],
			"to": [14.5, 5, 6],
			"shade": false,
			"rotation": {"angle": -45, "axis": "x", "origin": [13, 5, 4.5]},
			"faces": {
				"up": {"uv": [3, 0, 6, 3], "rotation": 180, "texture": "#0"},
				"down": {"uv": [3, 3, 6, 0], "rotation": 180, "texture": "#0"}
			}
		},
		{
			"from": [11.5, 6, 9.5],
			"to": [14.5, 6, 12.5],
			"shade": false,
			"rotation": {"angle": -22.5, "axis": "y", "origin": [13, 6, 11]},
			"faces": {
				"up": {"uv": [3, 0, 6, 3], "rotation": 270, "texture": "#0"},
				"down": {"uv": [3, 3, 6, 0], "rotation": 90, "texture": "#0"}
			}
		},
		{
			"from": [8.5, 7.1, 9.5],
			"to": [11.5, 7.1, 12.5],
			"shade": false,
			"rotation": {"angle": 22.5, "axis": "x", "origin": [10, 7.1, 11]},
			"faces": {
				"up": {"uv": [0, 0, 3, 3], "texture": "#0"},
				"down": {"uv": [0, 3, 3, 0], "texture": "#0"}
			}
		},
		{
			"from": [3.5, -3, 8.5],
			"to": [3.5, 7, 17.5],
			"shade": false,
			"rotation": {"angle": 45, "axis": "y", "origin": [3.5, 2, 13]},
			"faces": {
				"east": {"uv": [0, 6, 9, 16], "texture": "#0"},
				"west": {"uv": [9, 6, 0, 16], "texture": "#0"}
			}
		},
		{
			"from": [0, -3, 13],
			"to": [7, 5, 13],
			"shade": false,
			"rotation": {"angle": 0, "axis": "y", "origin": [3.5, 2, 13]},
			"faces": {
				"north": {"uv": [9, 8, 16, 16], "texture": "#0"},
				"south": {"uv": [16, 8, 9, 16], "texture": "#0"}
			}
		},
		{
			"from": [3.5, -3, 9.5],
			"to": [3.5, 5, 16.5],
			"shade": false,
			"rotation": {"angle": -22.5, "axis": "y", "origin": [3.5, 2, 13]},
			"faces": {
				"east": {"uv": [9, 8, 16, 16], "texture": "#0"},
				"west": {"uv": [16, 8, 9, 16], "texture": "#0"}
			}
		},
		{
			"from": [3, 7, 12.5],
			"to": [6, 7, 15.5],
			"shade": false,
			"rotation": {"angle": -22.5, "axis": "z", "origin": [4.5, 7, 14]},
			"faces": {
				"up": {"uv": [0, 0, 3, 3], "rotation": 270, "texture": "#0"},
				"down": {"uv": [0, 3, 3, 0], "rotation": 90, "texture": "#0"}
			}
		},
		{
			"from": [0.7, 4, 14.7],
			"to": [3.7, 4, 17.7],
			"shade": false,
			"rotation": {"angle": 45, "axis": "x", "origin": [2.2, 4, 16.2]},
			"faces": {
				"up": {"uv": [0, 0, 3, 3], "texture": "#0"},
				"down": {"uv": [0, 3, 3, 0], "texture": "#0"}
			}
		},
		{
			"from": [5.2, 5, 14.7],
			"to": [7.2, 5, 16.7],
			"shade": false,
			"rotation": {"angle": 45, "axis": "y", "origin": [6.2, 5, 15.7]},
			"faces": {
				"up": {"uv": [6, 0, 8, 2], "texture": "#0"},
				"down": {"uv": [6, 2, 8, 0], "texture": "#0"}
			}
		},
		{
			"from": [2.2, 5, 11.7],
			"to": [4.2, 5, 13.7],
			"shade": false,
			"rotation": {"angle": 45, "axis": "z", "origin": [3.2, 5, 12.7]},
			"faces": {
				"up": {"uv": [6, 0, 8, 2], "texture": "#0"},
				"down": {"uv": [6, 2, 8, 0], "texture": "#0"}
			}
		},
		{
			"from": [3.2, 5, 8.6],
			"to": [6.2, 5, 11.6],
			"shade": false,
			"rotation": {"angle": 22.5, "axis": "y", "origin": [4.7, 5, 10.1]},
			"faces": {
				"up": {"uv": [0, 0, 3, 3], "rotation": 270, "texture": "#0"},
				"down": {"uv": [0, 3, 3, 0], "rotation": 90, "texture": "#0"}
			}
		},
		{
			"from": [5.5, 4, 11.5],
			"to": [8.5, 4, 14.5],
			"shade": false,
			"rotation": {"angle": -45, "axis": "z", "origin": [7, 4, 13]},
			"faces": {
				"up": {"uv": [3, 0, 6, 3], "rotation": 270, "texture": "#0"},
				"down": {"uv": [3, 3, 6, 0], "rotation": 90, "texture": "#0"}
			}
		},
		{
			"from": [-1, 5, 11.5],
			"to": [2, 5, 14.5],
			"shade": false,
			"rotation": {"angle": -22.5, "axis": "y", "origin": [0.5, 5, 13]},
			"faces": {
				"up": {"uv": [3, 0, 6, 3], "texture": "#0"},
				"down": {"uv": [3, 3, 6, 0], "texture": "#0"}
			}
		},
		{
			"from": [-1, 6.1, 8.5],
			"to": [2, 6.1, 11.5],
			"shade": false,
			"rotation": {"angle": 22.5, "axis": "z", "origin": [0.5, 6.1, 10]},
			"faces": {
				"up": {"uv": [0, 0, 3, 3], "rotation": 90, "texture": "#0"},
				"down": {"uv": [0, 3, 3, 0], "rotation": 270, "texture": "#0"}
			}
		}
	],
	"groups": [
		{
			"name": "group",
			"origin": [11, 8.1, 5],
			"color": 0,
			"children": [0, 1, 2, 3, 4, 5, 6, 7, 8, 9, 10]
		},
		{
			"name": "group",
			"origin": [11, 8.1, 5],
			"color": 0,
			"children": [11, 12, 13, 14, 15, 16, 17, 18, 19, 20, 21]
		},
		{
			"name": "group",
			"origin": [11, 8.1, 5],
			"color": 0,
			"children": [22, 23, 24, 25, 26, 27, 28, 29, 30, 31, 32]
		}
	]
}