{
	"credit": "Made by XeKr with Blockbench",
	"parent": "block/flower_pot_cross",
	"textures": {
		"0": "block/azure_bluet_3d",
		"1": "block/pot_3d2",
		"2": "block/pot_chain",
		"particle": "block/pot_3d2"
	},
	"elements": [
		{
			"from": [4, 5, 4],
			"to": [12, 7, 12],
			"faces": {
				"north": {"uv": [8, 1, 16, 3], "texture": "#1"},
				"east": {"uv": [8, 1, 16, 3], "texture": "#1"},
				"south": {"uv": [8, 1, 16, 3], "texture": "#1"},
				"west": {"uv": [8, 1, 16, 3], "texture": "#1"},
				"up": {"uv": [0, 0, 8, 8], "texture": "#1"},
				"down": {"uv": [0, 0, 8, 8], "texture": "#1"}
			}
		},
		{
			"from": [5, 0, 5],
			"to": [11, 5, 11],
			"faces": {
				"north": {"uv": [9, 3, 15, 8], "texture": "#1"},
				"east": {"uv": [9, 3, 15, 8], "texture": "#1"},
				"south": {"uv": [9, 3, 15, 8], "texture": "#1"},
				"west": {"uv": [9, 3, 15, 8], "texture": "#1"},
				"down": {"uv": [9, 9, 15, 15], "texture": "#1"}
			}
		},
		{
			"from": [11.01, 7.01, 11.01],
			"to": [4.99, 5.04, 4.99],
			"faces": {
				"north": {"uv": [9, 3, 15, 1], "texture": "#1"},
				"east": {"uv": [9, 3, 15, 1], "texture": "#1"},
				"south": {"uv": [9, 3, 15, 1], "texture": "#1"},
				"west": {"uv": [9, 3, 15, 1], "texture": "#1"},
				"up": {"uv": [1, 9, 7, 15], "texture": "#1"}
			}
		},
		{
			"from": [4.5, 2, 8],
			"to": [11.5, 11, 8],
			"shade": false,
			"rotation": {"angle": -22.5, "axis": "y", "origin": [8, 1, 8]},
			"faces": {
				"north": {"uv": [3, 7, 10, 16], "texture": "#0"},
				"south": {"uv": [3, 7, 10, 16], "texture": "#0"}
			}
		},
		{
			"from": [8, 2, 4.5],
			"to": [8, 11, 11.5],
			"shade": false,
			"rotation": {"angle": -22.5, "axis": "y", "origin": [8, 1, 8]},
			"faces": {
				"east": {"uv": [3, 7, 10, 16], "texture": "#0"},
				"west": {"uv": [3, 7, 10, 16], "texture": "#0"}
			}
		},
		{
			"from": [3.5, 10, 9],
			"to": [12.5, 10, 16],
			"shade": false,
			"rotation": {"angle": 22.5, "axis": "x", "origin": [8, 10, 8]},
			"faces": {
				"up": {"uv": [0, 0, 9, 7], "texture": "#0"},
				"down": {"uv": [0, 7, 9, 0], "texture": "#0"}
			}
		},
		{
			"from": [0, 10, 3.5],
			"to": [7, 10, 12.5],
			"shade": false,
			"rotation": {"angle": 22.5, "axis": "z", "origin": [8, 10, 8]},
			"faces": {
				"up": {"uv": [0, 0, 9, 7], "rotation": 90, "texture": "#0"},
				"down": {"uv": [0, 7, 9, 0], "rotation": 270, "texture": "#0"}
			}
		},
		{
			"from": [3.5, 10, 0],
			"to": [12.5, 10, 7],
			"shade": false,
			"rotation": {"angle": -22.5, "axis": "x", "origin": [8, 10, 8]},
			"faces": {
				"up": {"uv": [0, 0, 9, 7], "rotation": 180, "texture": "#0"},
				"down": {"uv": [0, 7, 9, 0], "rotation": 180, "texture": "#0"}
			}
		},
		{
			"from": [4.5, 1, 5],
			"to": [11.5, 7, 5],
			"shade": false,
			"rotation": {"angle": 22.5, "axis": "x", "origin": [8, 10, 8]},
			"faces": {
				"north": {"uv": [2, 6, 9, 0], "texture": "#0"},
				"south": {"uv": [2, 0, 9, 6], "rotation": 180, "texture": "#0"}
			}
		},
		{
			"from": [11, 1, 4.5],
			"to": [11, 7, 11.5],
			"shade": false,
			"rotation": {"angle": 22.5, "axis": "z", "origin": [8, 10, 8]},
			"faces": {
				"east": {"uv": [2, 6, 9, 0], "texture": "#0"},
				"west": {"uv": [2, 0, 9, 6], "rotation": 180, "texture": "#0"}
			}
		},
		{
			"from": [4.5, 1, 11],
			"to": [11.5, 7, 11],
			"shade": false,
			"rotation": {"angle": -22.5, "axis": "x", "origin": [8, 10, 8]},
			"faces": {
				"north": {"uv": [2, 0, 9, 6], "rotation": 180, "texture": "#0"},
				"south": {"uv": [2, 6, 9, 0], "texture": "#0"}
			}
		},
		{
			"from": [5, 1, 4.5],
			"to": [5, 7, 11.5],
			"shade": false,
			"rotation": {"angle": -22.5, "axis": "z", "origin": [8, 10, 8]},
			"faces": {
				"east": {"uv": [2, 0, 9, 6], "rotation": 180, "texture": "#0"},
				"west": {"uv": [2, 6, 9, 0], "texture": "#0"}
			}
		},
		{
			"from": [9, 10, 3.5],
			"to": [16, 10, 12.5],
			"shade": false,
			"rotation": {"angle": -22.5, "axis": "z", "origin": [8, 10, 8]},
			"faces": {
				"up": {"uv": [0, 0, 9, 7], "rotation": 270, "texture": "#0"},
				"down": {"uv": [0, 7, 9, 0], "rotation": 90, "texture": "#0"}
			}
		},
		{
			"from": [2.6, -2.3, 8.5],
			"to": [2.6, 4.7, 12.5],
			"shade": false,
			"rotation": {"angle": 0, "axis": "z", "origin": [8, 10, 8]},
			"faces": {
				"east": {"uv": [6, 8, 2, 15], "rotation": 180, "texture": "#0"},
				"west": {"uv": [6, 15, 2, 8], "texture": "#0"}
			}
		},
		{
			"from": [1.8, -4.1, 6.5],
			"to": [1.8, 2.9, 10.5],
			"shade": false,
			"rotation": {"angle": 0, "axis": "z", "origin": [8, 10, 8]},
			"faces": {
				"east": {"uv": [2, 0, 6, 7], "rotation": 180, "texture": "#0"},
				"west": {"uv": [2, 7, 6, 0], "texture": "#0"}
			}
		},
		{
			"from": [5.5, -4.1, 1.8],
			"to": [9.5, 2.9, 1.8],
			"shade": false,
			"rotation": {"angle": 0, "axis": "z", "origin": [8, 10, 8]},
			"faces": {
				"north": {"uv": [2, 7, 6, 0], "texture": "#0"},
				"south": {"uv": [2, 0, 6, 7], "rotation": 180, "texture": "#0"}
			}
		},
		{
			"from": [3.5, -2.3, 2.6],
			"to": [7.5, 4.7, 2.6],
			"shade": false,
			"rotation": {"angle": 0, "axis": "z", "origin": [8, 10, 8]},
			"faces": {
				"north": {"uv": [6, 15, 2, 8], "texture": "#0"},
				"south": {"uv": [6, 8, 2, 15], "rotation": 180, "texture": "#0"}
			}
		},
		{
			"from": [14.2, -4.1, 5.5],
			"to": [14.2, 2.9, 9.5],
			"shade": false,
			"rotation": {"angle": 0, "axis": "z", "origin": [8, 10, 8]},
			"faces": {
				"east": {"uv": [2, 7, 6, 0], "texture": "#0"},
				"west": {"uv": [2, 0, 6, 7], "rotation": 180, "texture": "#0"}
			}
		},
		{
			"from": [13.4, -2.3, 3.5],
			"to": [13.4, 4.7, 7.5],
			"shade": false,
			"rotation": {"angle": 0, "axis": "z", "origin": [8, 10, 8]},
			"faces": {
				"east": {"uv": [6, 15, 2, 8], "texture": "#0"},
				"west": {"uv": [6, 8, 2, 15], "rotation": 180, "texture": "#0"}
			}
		},
		{
			"from": [6.5, -4.1, 14.2],
			"to": [10.5, 2.9, 14.2],
			"shade": false,
			"rotation": {"angle": 0, "axis": "z", "origin": [8, 10, 8]},
			"faces": {
				"north": {"uv": [2, 0, 6, 7], "rotation": 180, "texture": "#0"},
				"south": {"uv": [2, 7, 6, 0], "texture": "#0"}
			}
		},
		{
			"from": [8.5, -2.3, 13.4],
			"to": [12.5, 4.7, 13.4],
			"shade": false,
			"rotation": {"angle": 0, "axis": "z", "origin": [8, 10, 8]},
			"faces": {
				"north": {"uv": [6, 8, 2, 15], "rotation": 180, "texture": "#0"},
				"south": {"uv": [6, 15, 2, 8], "texture": "#0"}
			}
		},
		{
			"from": [3, 6, 8],
			"to": [13, 16, 8],
			"rotation": {"angle": -45, "axis": "y", "origin": [8, 8, 8]},
			"faces": {
				"north": {"uv": [3, 0, 13, 10], "texture": "#2", "cullface": "down"},
				"south": {"uv": [3, 0, 13, 10], "texture": "#2", "cullface": "down"}
			}
		},
		{
			"from": [8, 6, 3],
			"to": [8, 16, 13],
			"rotation": {"angle": -45, "axis": "y", "origin": [8, 8, 8]},
			"faces": {
				"east": {"uv": [3, 0, 13, 10], "texture": "#2", "cullface": "down"},
				"west": {"uv": [3, 0, 13, 10], "texture": "#2", "cullface": "down"}
			}
		}
	],
	"groups": [
		0,
		1,
		2,
		{
			"name": "group",
			"origin": [8, 7, 8],
			"color": 0,
			"children": [3, 4, 5, 6, 7, 8, 9, 10, 11, 12, 13, 14, 15, 16, 17, 18, 19, 20]
		},
		21,
		22
	]
}