{
	"credit": "Made by XeKr with Blockbench",
	"parent": "minecraft:block/tinted_cross",
	"textures": {
		"0": "block/sugar_cane_3d",
		"particle": "block/sugar_cane_3d"
	},
	"elements": [
		{
			"from": [7, 0, 7],
			"to": [9, 16, 9],
			"rotation": {"angle": -22.5, "axis": "y", "origin": [8, 0, 8]},
			"faces": {
				"north": {"uv": [4, 0, 6, 16], "texture": "#0"},
				"east": {"uv": [4, 0, 6, 16], "texture": "#0"},
				"south": {"uv": [4, 0, 6, 16], "texture": "#0"},
				"west": {"uv": [4, 0, 6, 16], "texture": "#0"},
				"up": {"uv": [6, 0, 8, 2], "texture": "#0", "cullface": "up"},
				"down": {"uv": [6, 0, 8, 2], "texture": "#0", "cullface": "down"}
			}
		},
		{
			"from": [4, 0, 2],
			"to": [6, 16, 4],
			"rotation": {"angle": 22.5, "axis": "y", "origin": [5, 8, 3]},
			"faces": {
				"north": {"uv": [0, 0, 2, 16], "texture": "#0"},
				"east": {"uv": [0, 0, 2, 16], "texture": "#0"},
				"south": {"uv": [0, 0, 2, 16], "texture": "#0"},
				"west": {"uv": [0, 0, 2, 16], "texture": "#0"},
				"up": {"uv": [6, 0, 8, 2], "texture": "#0", "cullface": "up"},
				"down": {"uv": [6, 0, 8, 2], "texture": "#0", "cullface": "down"}
			}
		},
		{
			"from": [10, 0, 12],
			"to": [12, 16, 14],
			"rotation": {"angle": 22.5, "axis": "y", "origin": [11, 8, 13]},
			"faces": {
				"north": {"uv": [0, 0, 2, 16], "texture": "#0"},
				"east": {"uv": [0, 0, 2, 16], "texture": "#0"},
				"south": {"uv": [0, 0, 2, 16], "texture": "#0"},
				"west": {"uv": [0, 0, 2, 16], "texture": "#0"},
				"up": {"uv": [6, 0, 8, 2], "rotation": 180, "texture": "#0", "cullface": "up"},
				"down": {"uv": [6, 0, 8, 2], "rotation": 180, "texture": "#0", "cullface": "down"}
			}
		},
		{
			"from": [12, 0, 4],
			"to": [14, 16, 6],
			"rotation": {"angle": 22.5, "axis": "y", "origin": [13, 8, 5]},
			"faces": {
				"north": {"uv": [2, 0, 4, 16], "texture": "#0"},
				"east": {"uv": [2, 0, 4, 16], "texture": "#0"},
				"south": {"uv": [2, 0, 4, 16], "texture": "#0"},
				"west": {"uv": [2, 0, 4, 16], "texture": "#0"},
				"up": {"uv": [6, 0, 8, 2], "texture": "#0", "cullface": "up"},
				"down": {"uv": [6, 0, 8, 2], "texture": "#0", "cullface": "down"}
			}
		},
		{
			"from": [2, 0, 10],
			"to": [4, 16, 12],
			"rotation": {"angle": 22.5, "axis": "y", "origin": [3, 8, 11]},
			"faces": {
				"north": {"uv": [2, 0, 4, 16], "texture": "#0"},
				"east": {"uv": [2, 0, 4, 16], "texture": "#0"},
				"south": {"uv": [2, 0, 4, 16], "texture": "#0"},
				"west": {"uv": [2, 0, 4, 16], "texture": "#0"},
				"up": {"uv": [6, 0, 8, 2], "rotation": 180, "texture": "#0", "cullface": "up"},
				"down": {"uv": [6, 0, 8, 2], "rotation": 180, "texture": "#0", "cullface": "down"}
			}
		},
		{
			"from": [0, 4, 3],
			"to": [4, 9, 3],
			"rotation": {"angle": 22.5, "axis": "y", "origin": [5, 7, 3]},
			"faces": {
				"north": {"uv": [6, 3, 10, 8], "texture": "#0"},
				"south": {"uv": [10, 3, 6, 8], "texture": "#0"}
			}
		},
		{
			"from": [0, 4, 3],
			"to": [4, 9, 3],
			"rotation": {"angle": -45, "axis": "y", "origin": [5, 7, 3]},
			"faces": {
				"north": {"uv": [6, 3, 10, 8], "texture": "#0"},
				"south": {"uv": [10, 3, 6, 8], "texture": "#0"}
			}
		},
		{
			"from": [5, 4, -2],
			"to": [5, 9, 2],
			"rotation": {"angle": -22.5, "axis": "y", "origin": [5, 7, 3]},
			"faces": {
				"east": {"uv": [6, 3, 10, 8], "texture": "#0"},
				"west": {"uv": [10, 3, 6, 8], "texture": "#0"}
			}
		},
		{
			"from": [6, 4, 3],
			"to": [10, 9, 3],
			"rotation": {"angle": 0, "axis": "y", "origin": [5, 7, 3]},
			"faces": {
				"north": {"uv": [10, 3, 6, 8], "texture": "#0"},
				"south": {"uv": [6, 3, 10, 8], "texture": "#0"}
			}
		},
		{
			"from": [5, 4, 4],
			"to": [5, 9, 8],
			"rotation": {"angle": 22.5, "axis": "y", "origin": [5, 7, 3]},
			"faces": {
				"east": {"uv": [10, 3, 6, 8], "texture": "#0"},
				"west": {"uv": [6, 3, 10, 8], "texture": "#0"}
			}
		},
		{
			"from": [6, 11, 13],
			"to": [10, 16, 13],
			"rotation": {"angle": 45, "axis": "y", "origin": [11, 14, 13]},
			"faces": {
				"north": {"uv": [6, 3, 10, 8], "texture": "#0"},
				"south": {"uv": [10, 3, 6, 8], "texture": "#0"}
			}
		},
		{
			"from": [6, 11, 13],
			"to": [10, 16, 13],
			"rotation": {"angle": -22.5, "axis": "y", "origin": [11, 14, 13]},
			"faces": {
				"north": {"uv": [6, 3, 10, 8], "texture": "#0"},
				"south": {"uv": [10, 3, 6, 8], "texture": "#0"}
			}
		},
		{
			"from": [11, 11, 8],
			"to": [11, 16, 12],
			"rotation": {"angle": 0, "axis": "y", "origin": [11, 14, 13]},
			"faces": {
				"east": {"uv": [6, 3, 10, 8], "texture": "#0"},
				"west": {"uv": [10, 3, 6, 8], "texture": "#0"}
			}
		},
		{
			"from": [12, 11, 13],
			"to": [16, 16, 13],
			"rotation": {"angle": 22.5, "axis": "y", "origin": [11, 14, 13]},
			"faces": {
				"north": {"uv": [10, 3, 6, 8], "texture": "#0"},
				"south": {"uv": [6, 3, 10, 8], "texture": "#0"}
			}
		},
		{
			"from": [11, 11, 14],
			"to": [11, 16, 18],
			"rotation": {"angle": 45, "axis": "y", "origin": [11, 14, 13]},
			"faces": {
				"east": {"uv": [10, 3, 6, 8], "texture": "#0"},
				"west": {"uv": [6, 3, 10, 8], "texture": "#0"}
			}
		}
	],
	"groups": [
		0,
		1,
		2,
		3,
		4,
		{
			"name": "group",
			"origin": [5, 13, 3],
			"color": 0,
			"children": [5, 6, 7, 8, 9]
		},
		{
			"name": "group",
			"origin": [5, 13, 3],
			"color": 0,
			"children": [10, 11, 12, 13, 14]
		}
	]
}