{
  "fabric:load_conditions": [
    {
       "condition": "fabric:all_mods_loaded",
       "values": [
         "farmersdelight"
       ]
     }
   ],
  "type": "create:sequenced_assembly",
  "ingredient": {
    "item": "farmersdelight:pie_crust"
  },
  "transitionalItem": {
    "item": "farmersdelight:pie_crust"
  },
  "sequence": [
    {
      "type": "create:deploying",
      "ingredients": [
        {
          "item": "farmersdelight:pie_crust"
        },
        {
          "item": "minecraft:sugar"
        }
      ],
      "results": [
        {
          "item": "farmersdelight:pie_crust"
        }
      ]
    },
    {
      "type": "create:deploying",
      "ingredients": [
        {
          "item": "farmersdelight:pie_crust"
        },
        {
          "item": "minecraft:apple"
        }
      ],
      "results": [
        {
          "item": "farmersdelight:pie_crust"
        }
      ]
    },
    {
      "type": "create:deploying",
      "ingredients": [
        {
          "item": "farmersdelight:pie_crust"
        },
        {
          "tag": "c:crops/wheat"
        }
      ],
      "results": [
        {
          "item": "farmersdelight:pie_crust"
        }
      ]
    }
  ],
  "results": [
    {
      "item": "farmersdelight:apple_pie",
      "chance": 1
    }
  ],
  "loops": 2
}