{
    "variants": {
        "": [
            { "model": "block/bookshelf", "weight": 3 },
            { "model": "block/bookshelf_r", "weight": 3 },
            { "model": "block/bookshelf_rr", "weight": 3 },
            { "model": "block/bookshelf_rrr", "weight": 3 },
            { "model": "block/bookshelf2", "weight": 1 },
            { "model": "block/bookshelf2_r", "weight": 1 },
            { "model": "block/bookshelf2_rr", "weight": 1 },
            { "model": "block/bookshelf2_rrr", "weight": 1 },
            { "model": "block/bookshelf3", "weight": 2 },
            { "model": "block/bookshelf3_r", "weight": 2 },
            { "model": "block/bookshelf3_rr", "weight": 2 },
            { "model": "block/bookshelf3_rrr", "weight": 2 },
            { "model": "block/bookshelf4", "weight": 1 },
            { "model": "block/bookshelf4_r", "weight": 1 },
            { "model": "block/bookshelf4_rr", "weight": 1 },
            { "model": "block/bookshelf4_rrr", "weight": 1 }
        ]
    }
}
